img,mean_score,clean_mean_score,bbox
754ed778-b2f0-49f2-9855-aa237624b3e2_2face0_332_473_338_33000006.png,1,1,0 0 0 0
01aed81a-83ce-4515-8676-e502eb54793d_302face0_460_166_176_225_00001.png,1.05,1.05,0 0 0 0
4c4b6e12-3cc9-417d-a6e6-3ee7b02c8673_2face0_286_149_215_294_00001.png,1.05,1.05,0 0 0 0
eca6a031-4815-4be2-b438-bfac8413d06d_2face0_371_602_292_392_00003.png,1.05,1.05,0 0 0 0
62710333-8501-493c-bd62-ba8fabaee1bd_2face0_359_343_114_12700003.png,1.05,1.05,0 0 0 0
89059895-4d5b-4287-9680-f9197010dbf3_602face0_322_317_127_172_00010.png,1.05,1.05,0 0 0 0
4819624d-1a6b-44e2-8658-e8c3c0269185_302face1_575_67_319_32600003.png,1.1,1.1,0 0 0 0
9dbdd768-d0e2-407e-9977-8772bd08b683_2face0_135_600_196_240_00001.png,1.1,1.1,0 0 0 0
42300b13-8d47-4595-9c7f-c8dff6a09ed3_3712face0_651_619_214_273_00001.png,1.1,1.1,0 0 0 0
abc0ca6f-e07f-421d-8a2d-2c4558c7df78_2702face0_258_100_369_38300001.png,1.2,1.2,0 0 0 0
5c62c01d-16c7-49f2-ae20-d88b29feecf8_2face0_716_448_215_288_00001.png,1.25,1.25,0 0 0 0
51e0ce9b-4c5c-4aa4-89a3-512ac5a629d4_2face0_106_869_210_264_00002.png,1.35,1.35,0 0 0 0
4842995f-7dff-4c3d-bf31-6d5cacb4eb74_602face0_212_394_280_31800001.png,1.35,1.35,0 0 0 0
5602f032-3e51-43be-b586-2a87bfd1501a_607face0_494_400_316_407_00001.png,1.35,1.35,0 0 0 0
fe470bc8-f237-4d4e-9ab4-4059b3e83f2f_10000911face0_172_166_165_209_00003.png,1.4,1.4,0 0 0 0
b2a60eb3-b072-48da-9834-4264480e3ab1_602face0_123_89_181_18800003.png,1.4,1.4,0 0 0 0
3233a180-814d-4b6f-8112-17e2e622936d_2face0_303_364_319_34300004.png,1.4,1.4,0 0 0 0
56a78c4c-90a2-4f25-a807-90bb1a566154_10000864face0_616_712_205_21700001.png,1.4,1.3157894736842106,0 0 0 0
05901845-772a-4474-abe8-99874b96fd38_2face0_619_452_151_17200004.png,1.45,1.2777777777777777,0 0 0 0
9d0c32fe-5448-4996-bd01-b90246196f92_602face0_546_460_333_39200001.png,1.45,1.368421052631579,0 0 0 0
1c56c22d-407e-4cff-953c-737091263dcc_602face0_444_147_345_34500009.png,1.45,1.1764705882352942,0 0 0 0
3a991009-457b-4ab3-9688-1ba78893da3a_2face0_70_505_505_699_00002.png,1.45,1.2777777777777777,0 0 0 0
ecfd2331-edef-4f72-b600-5e2d216feb2b_602face0_856_432_147_16300002.png,1.5,1.5,0 0 0 0
abe492c6-c11b-40b3-b26d-2add3a0ae104_10000899face0_357_98_399_534_00007.png,1.55,1.55,0 0 0 0
50826947-ad8b-421a-8b59-22c61ef8a261_2face0_402_315_280_371_00006.png,1.6,1.5263157894736843,0 0 0 0
1fade0a4-6e1e-4327-ad38-f830556db624_2face0_455_335_295_375_00003.png,1.6,1.6,0 0 0 0
7b649909-9b2e-4f5b-92c7-42350bb78919_602face0_426_120_231_24500001.png,1.6,1.25,0 0 0 0
3ce25dd0-a48b-4a7d-94b8-595a897f5ffb_1502face0_358_153_271_30200001.png,1.6,1.6,0 0 0 0
ab05b7e2-bf87-491d-966c-2b09888fa875_2face0_335_418_229_292_00011.png,1.65,1.65,0 0 0 0
39c5c8ce-4966-4950-897f-621d164574e5_2face0_396_441_179_236_00001.png,1.65,1.65,0 0 0 0
2e660022-2227-44ae-bf72-0d5c434dd9b5_302face1_293_118_171_18800011.png,1.65,1.3125,0 0 0 0
fc10ba09-9de0-4f93-8e74-2d6870468080_302face0_603_1437_190_277_00006.png,1.65,1.5789473684210529,0 0 0 0
9a57325f-3304-454d-8940-de608c7ea9c9_2face0_337_786_452_48700001.png,1.7,1.4705882352941178,0 0 0 0
de67ec64-2453-4f0c-9b36-e06624b373d4_2face0_378_294_230_25000010.png,1.7,1.5555555555555556,0 0 0 0
3df00bb7-c164-4d9e-bf52-bb2453b8f5e3_2face0_95_632_357_36400011.png,1.7,1.7,0 0 0 0
c54122be-21f5-4e40-beb4-8508fbe89266_10000196face0_402_446_309_392_00010.png,1.7,1.4705882352941178,0 0 0 0
fbb11c93-3d4e-4af3-bd57-4652182e6d2e_302face0_500_552_262_30400001.png,1.7,1.375,0 0 0 0
a517d28e-b4bd-4b97-b13a-63894cca497e_10000869face0_241_124_180_19800001.png,1.75,1.6842105263157894,0 0 0 0
cf2ac893-2b1b-4d1b-8094-663b9eaf0390_2face0_381_268_140_173_00005.png,1.75,1.0769230769230769,0 0 0 0
20a8cad7-2776-4ec1-8e47-c82b6041ec92_302face0_539_343_225_25400007.png,1.75,1.6111111111111112,0 0 0 0
19c65a01-6fb3-4c7c-a263-45a5ab1a4eb2_2face0_389_856_219_264_00001.png,1.8,1.6666666666666667,0 0 0 0
d8065a91-668b-47d3-913e-de5d5ea1e15d_302face0_82_116_228_296_00008.png,1.8,1.736842105263158,0 0 0 0
b16b8b6c-5be6-4b46-9eb2-812868a1e355_602face0_390_138_285_399_00004.png,1.8,1.8,0 0 0 0
fabf67f7-efa1-4bef-8522-7e69f6115a5b_2face0_555_384_190_234_00001.png,1.8,1.588235294117647,0 0 0 0
3a993089-fd08-4112-a09f-44dbdd878890_302face0_267_301_186_236_00010.png,1.85,1.5625,0 0 0 0
7dca380b-c27c-49b9-a435-afc0451e2d61_2face0_140_103_582_730_00010.png,1.85,1.85,0 0 0 0
d67e62fe-c830-4110-b84c-39a577b381ae_302face0_329_281_156_18200006.png,1.85,1.6470588235294117,0 0 0 0
c4922c50-fdfa-4673-8ba7-882156497d0a_902face0_209_127_208_268_00004.png,1.85,1.3571428571428572,0 0 0 0
0e7c73b0-ea5c-4320-a29c-d550acb88d89_2face0_311_111_597_830_00003.png,1.85,1.7894736842105263,0 0 0 0
849fe17f-bd56-49e2-b002-e3041881e952_2face0_460_72_287_373_00007.png,1.85,1.85,0 0 0 0
ca2c5955-d89e-4a85-b787-5a17febdeaa9_302face0_311_130_175_18500011.png,1.85,1.85,0 0 0 0
7d2d32b1-0357-4f95-bf63-0f75a74ae9cd_302face0_258_290_579_810_00001.png,1.85,1.7894736842105263,0 0 0 0
f5b21ded-ce2d-4dc8-9e54-3d7792208b8d_2face0_705_413_225_290_00001.png,1.85,1.7894736842105263,0 0 0 0
1a2a418c-4ea4-4c3b-9cb5-e85cb3325433_2face0_473_614_282_28200003.png,1.85,1.5625,0 0 0 0
2f83e369-b41d-4706-8912-9bab63345864_2face0_238_280_260_379_00001.png,1.9,1.625,0 0 0 0
28ea4e14-c46f-4a11-a58b-cf1de0b5587b_302face0_120_247_292_347_00002.png,1.9,1.8421052631578947,0 0 0 0
0cd49b17-c642-4c6e-8c33-20b47841c674_2face0_871_542_123_12000004.png,1.9,1.4,0 0 0 0
06a63b2e-b049-4dc7-9531-c133b5f75e1a_302face0_118_298_330_451_00010.png,1.9,1.625,0 0 0 0
5c0c6bef-5e29-4b45-bdc3-737e53441434_2face0_98_523_494_641_00001.png,1.9,1.625,0 0 0 0
eb17efd3-2bf4-4f9b-8479-f9daa0aa448d_302face0_448_806_184_19300001.png,1.9,1.625,0 0 0 0
2b0c8957-276c-4ada-9dbf-541adbd3a19d_302face0_346_469_196_236_00001.png,1.9,1.5333333333333334,0 0 0 0
48ea4936-67a6-4a47-80f1-54cc6624bd4b_302face0_104_551_393_42200001.png,1.95,1.6875,0 0 0 0
543bc9be-cf82-49a9-b4e5-4143cbca8bcb_2face0_786_258_182_251_00009.png,1.95,1.95,0 0 0 0
71bc6ada-f74b-4d14-aaa9-10e8967af900_602face0_334_70_172_212_00002.png,1.95,1.7647058823529411,0 0 0 0
f30e39c5-7901-44ff-886a-2a9874cbc58b_302face0_168_94_253_331_00001.png,1.95,1.6875,0 0 0 0
6f07acce-da37-4e36-8fe8-93e295986190_10000291face0_480_343_264_370_00006.png,1.95,1.8333333333333333,0 0 0 0
25c48736-ac2c-44b1-bc86-802f55a32868_902face0_362_1289_217_268_00002.png,1.95,1.8333333333333333,0 0 0 0
a38c2a81-9dd5-48e9-a104-5265d3e4d0f1_2face0_298_90_112_12600003.png,1.95,1.5,0 0 0 0
fb2568e6-ed45-4eb7-bdc5-3734fcfc48e6_602face0_278_375_229_24800001.png,1.95,1.6,0 0 0 0
ddfadac9-4970-4ea4-a703-3e43065ce631_302face0_378_580_164_17400001.png,1.95,1.3846153846153846,0 0 0 0
b0088315-0fa3-414f-9dea-aede046a351f_2face0_133_327_468_649_00005.png,1.95,1.6,0 0 0 0
dcc275e3-0cb6-4f74-9dae-e06d9a05bb3e_1807face0_434_431_320_418_00010.png,1.95,1.6875,0 0 0 0
8b6442e5-0a17-411e-885f-4d0019d1ab47_302face0_474_293_133_177_00002.png,1.95,1.6,0 0 0 0
0b573976-8b8b-4f08-bd06-2a23246cceed_302face0_276_190_138_179_00001.png,2,1.8888888888888888,0 0 0 0
0a2904ab-b16c-4b2e-83e1-94a82361c1cb_902face0_416_181_249_312_00002.png,2,1.4615384615384617,0 0 0 0
253af8d5-e137-467b-8dec-024acce57684_2face0_291_458_152_190_00001.png,2,1.8888888888888888,0 0 0 0
70c478e8-d681-436b-b8f6-96d09d28d3c2_2face0_225_373_327_458_00001.png,2,1.6666666666666667,0 0 0 0
2a12e93f-7bdb-48cc-977d-ee141f445a45_10000280face0_317_471_235_307_00001.png,2,1.5714285714285714,0 0 0 0
884572ce-d045-47f2-aa02-5eb25937fdd2_302face0_567_220_235_23600001.png,2,1.3333333333333333,0 0 0 0
5f6e83f4-a468-4142-a392-1ed8eca741e8_2face0_623_891_197_242_00005.png,2,1.8235294117647056,0 0 0 0
ccff6eb5-0f43-4e1b-ae7c-e4175a32fe46_2face0_322_95_205_275_00010.png,2,1.5714285714285714,0 0 0 0
7e1a7ad3-c370-4369-a2fb-0d776a931021_302face0_357_317_172_19100005.png,2,1.6666666666666667,0 0 0 0
d7134395-466b-43f3-9c66-548c8f6c40cd_902face0_209_623_498_56200006.png,2,1.947368421052632,0 0 0 0
fc848195-137d-4e83-ae7f-bdc6a10ff4ae_2face0_487_101_379_455_00001.png,2,2,0 0 0 0
8757be54-cda6-4585-9ebc-6aaa923adf36_10000268face0_211_493_282_29900006.png,2,1.3333333333333333,0 0 0 0
329c8a6d-9599-4317-9903-62f37252a281_2face0_246_368_169_222_00008.png,2,1.8888888888888888,0 0 0 0
09bc58a0-d81e-4025-8404-ceec6c72259f_10000281face0_145_55_285_392_00005.png,2,1.75,0 0 0 0
fede3ee3-eacf-4168-a849-387f0c50550a_2face0_63_700_540_54600002.png,2,1.75,0 0 0 0
1baa71cb-5d68-4aea-bd76-33caeef08794_302face0_243_398_280_362_00007.png,2,1.4615384615384617,0 0 0 0
c3d311d7-0f77-46b7-9819-d5fea90a08bb_2face0_540_98_379_503_00001.png,2,1.8888888888888888,0 0 0 0
8e43ac28-e191-482b-a930-0c1d28e1416d_302face0_198_243_189_244_00001.png,2,1.5714285714285714,0 0 0 0
752d8d1b-40fd-4d43-b0f0-76e460e5991c_2face0_250_695_538_54400001.png,2.05,2.235294117647059,0 0 0 0
a2652c2d-878a-445b-955f-5c4302adb095_302face0_292_330_168_18900001.png,2.05,2.05,0 0 0 0
2ce166f1-05e0-4f3e-89c6-280363ec13be_2face0_61_257_869_1191_00002.png,2.05,2.4,0 0 0 0
175845c0-dbe7-4d3b-a6f7-eac47e7e3bed_302face0_121_743_278_29100006.png,2.05,2.4,0 0 0 0
864ad9c0-0b43-4a0e-8873-e21b556f11a6_10000878face0_363_287_319_37100012.png,2.05,2.4,0 0 0 0
ce8246d6-ad3c-4d03-9c65-a7e432914464_1838face0_502_465_159_218_00005.png,2.05,2.1052631578947367,0 0 0 0
ad0502fd-f3c3-41e6-8146-07656fe32105_302face0_308_233_224_286_00010.png,2.05,2.6153846153846154,0 0 0 0
850d5529-b3a9-443a-b327-ff50f112e9cb_602face0_480_580_235_316_00012.png,2.05,2.4,0 0 0 0
5a990944-f78f-4329-813e-cd6f3325a6eb_2face0_98_423_696_73800003.png,2.05,2.4,0 0 0 0
cffb677a-d85a-44f1-b293-645d5f16ba4e_2face1_353_53_176_19600003.png,2.05,2.1666666666666665,0 0 0 0
0a6abd4b-7a11-4edf-a22b-f0f49dbdc00f_602face0_267_271_270_28900003.png,2.05,2.235294117647059,0 0 0 0
e03fad1f-17cd-4b44-bedb-d996ce318f98_2face0_137_101_451_47700001.png,2.05,2.5,0 0 0 0
d5105ec5-9f9d-4174-827a-889a6122223e_2face0_705_52_207_24300006.png,2.05,2.6153846153846154,0 0 0 0
1cc07c86-1bc6-4d79-996a-b715a21edcae_2face0_128_601_148_15300002.png,2.05,2.235294117647059,0 0 0 0
bd5f9fbd-bf43-4d8e-9fc9-26c551ee8242_2face0_308_458_225_290_00014.png,2.05,2.1666666666666665,0 0 0 0
932ac176-fc37-42ba-bf90-dfa2e9175135_302face0_265_369_148_201_00005.png,2.05,2.5,0 0 0 0
8199f4c4-900e-4c4f-9dbb-d8d599bb89a6_10000533face0_80_1340_215_260_00003.png,2.1,2.1578947368421053,0 0 0 0
b1286393-ef06-4a6b-b403-25580115390c_302face0_258_638_459_45700001.png,2.1,2.294117647058824,0 0 0 0
1a90271e-d715-4c3c-a775-5b48189c64cd_10000055face0_155_247_158_16600001.png,2.1,2.2222222222222223,0 0 0 0
61f89fad-17f0-4749-ac21-e52fe4989627_902face0_314_338_248_27400004.png,2.1,2.1,0 0 0 0
2873cf0a-436c-481c-99fd-936a8f83a12c_302face0_246_704_586_68200009.png,2.1,2.2222222222222223,0 0 0 0
7a0ae75e-1db0-4e51-ac00-9da449201a1c_302face0_437_181_434_562_00005.png,2.1,2.2222222222222223,0 0 0 0
42fc20d4-d8bf-41a6-b60c-756c306e6a90_302face0_471_763_226_312_00002.png,2.1,2.1,0 0 0 0
8cfc3df8-7c7f-4682-a3df-93ec0eb05afb_10000295face0_144_397_302_390_00001.png,2.1,2.1578947368421053,0 0 0 0
3e7ad106-4c92-43e9-9133-fab0aac722d1_302face0_272_356_473_638_00010.png,2.1,2.1578947368421053,0 0 0 0
2b631eb5-5f9d-49ab-b7fe-723ed522ed6d_10000591face0_562_711_240_25600008.png,2.1,2.1,0 0 0 0
ad186480-5991-4b4f-b8c5-686c0920fcde_302face0_316_440_152_16100001.png,2.1,2.571428571428572,0 0 0 0
3b5204c5-5a8a-4dc1-9e09-b1ecd63f83d6_902face0_358_581_262_28700002.png,2.1,2.375,0 0 0 0
22bd3c54-70d4-4870-b337-efa64e3bb766_3001face0_416_584_207_301_00001.png,2.1,2.466666666666667,0 0 0 0
fdbdf45d-2c84-4d3a-9fca-cb05cdb72a0a_2face0_305_491_359_447_00001.png,2.1,2.1578947368421053,0 0 0 0
17ab9f1c-f57b-4f86-a75e-693709334bf2_10000254face0_141_283_138_14300001.png,2.15,2.3529411764705883,0 0 0 0
100590d8-31c0-4ff2-bd01-8eac6376b309_902face0_463_173_378_512_00001.png,2.15,2.4375,0 0 0 0
e3ea8284-8731-4871-975a-230187004300_2face0_87_759_406_40600001.png,2.15,2.642857142857143,0 0 0 0
d6da2976-de54-42fc-93e7-80fcc3d8f31d_302face0_397_224_203_271_00006.png,2.15,2.533333333333333,0 0 0 0
e6eedd7e-ba55-400e-a8e5-53cae49b12c4_2face0_197_149_338_468_00004.png,2.15,2.642857142857143,0 0 0 0
c1c126ac-e1d8-45c6-9efa-698067a7407d_10000228face0_163_600_799_86400002.png,2.15,2.3529411764705883,0 0 0 0
6893a830-e2d5-42d0-9f9a-f11b4531a4d0_2face0_219_575_382_486_00009.png,2.15,2.642857142857143,0 0 0 0
7a47f60d-3290-4828-863c-6d9ee0a0e809_2face0_378_509_236_325_00009.png,2.15,2.533333333333333,0 0 0 0
4efc363b-f503-4679-90e8-b48465b24aaf_2face0_209_72_471_634_00001.png,2.15,2.642857142857143,0 0 0 0
40f262b2-20d2-416f-a321-97a545162b3e_302face0_381_594_168_214_00001.png,2.15,2.769230769230769,0 0 0 0
978c1fbf-e76b-46be-aaeb-c29a53e5ea26_10001369face0_719_463_127_12800010.png,2.15,2.2777777777777777,0 0 0 0
265041e8-4b7e-4f79-b7f2-4ba764fb32de_903face0_494_535_258_26000009.png,2.15,2.2777777777777777,0 0 0 0
ff939900-3fb7-4860-88d1-2546975792f6_302face0_178_559_459_619_00001.png,2.15,2.533333333333333,0 0 0 0
2a6780af-1fe2-4c0e-8be6-f1cff34abe22_302face0_138_548_254_25000001.png,2.15,2.3529411764705883,0 0 0 0
9fbcd3f3-5be8-41bb-967f-a28e0dfaee43_302face0_491_639_250_336_00001.png,2.15,2.4375,0 0 0 0
9fb1a9f3-340f-4464-add7-13a014eeac54_302face0_698_132_319_447_00011.png,2.15,2.15,0 0 0 0
c53c9a1a-774f-47b1-9d2d-78a0ba23ae3a_302face0_226_268_424_592_00001.png,2.2,2.333333333333333,0 0 0 0
e2799258-607b-44c9-94a4-6e647a4e7335_302face0_433_130_314_36000001.png,2.2,2.411764705882353,0 0 0 0
66b6d4ad-a9ca-4aa6-8c1f-523ca665b3c8_302face0_75_69_315_425_00008.png,2.2,2.2,0 0 0 0
ea3737bb-3584-4bfd-8415-41c109890361_10000191face0_682_306_198_21000012.png,2.2,2.5,0 0 0 0
3156f679-a866-4c9b-bd0b-c80422909a21_2face0_521_287_228_299_00002.png,2.2,2.2,0 0 0 0
d903c377-722b-42d9-9b3e-fe4b486c8cd2_2face0_183_177_840_1124_00012.png,2.2,2.5,0 0 0 0
70900ff7-cbbc-44d7-b40b-413089ae4ca9_2face0_279_362_698_82000003.png,2.2,2.333333333333333,0 0 0 0
ec7f5abf-3fd0-480a-ae02-78110df44b3a_2face0_377_646_640_65600002.png,2.2,2.6,0 0 0 0
690f741d-e1db-4597-9b88-2e9c6be2aa53_2face0_248_190_289_364_00001.png,2.2,2.6,0 0 0 0
a985f5f8-ef9a-410b-9899-2743518a9a05_302face0_70_75_380_482_00007.png,2.2,2.263157894736842,0 0 0 0
77a7edc6-cda8-4e68-9271-64de83e659e8_2face0_276_348_348_462_00008.png,2.2,2.8461538461538463,0 0 0 0
e3cbfed2-9738-4964-8461-c17a4e9ce53e_602face0_238_70_371_471_00002.png,2.2,2.263157894736842,0 0 0 0
c577651e-6687-4189-ae50-d1bbc6a1b114_2face0_377_487_188_19200007.png,2.2,2.411764705882353,0 0 0 0
055b7a56-ae55-4fee-be7b-873deb55f658_2face0_548_248_281_344_00003.png,2.2,2.263157894736842,0 0 0 0
848a439b-5d7f-4339-ba54-1ef6faba911f_2face0_115_141_211_23500001.png,2.2,2.2,0 0 0 0
29d598af-2ea4-466a-852d-18a8efdaaf4e_2face0_58_90_281_395_00003.png,2.2,2.411764705882353,0 0 0 0
3423ba92-e670-40d7-8faf-972eb27c68ae_10000291face0_156_220_733_1023_00010.png,2.2,2.263157894736842,0 0 0 0
e4fcf5c4-cb34-400f-beec-1af5d1f6f96b_302face0_251_224_224_25000001.png,2.2,2.5,0 0 0 0
19009ea0-95f6-4e0f-8f2d-01a9dee48931_10000864face0_122_281_148_16200009.png,2.2,2.411764705882353,0 0 0 0
15503f27-bad1-423b-9dec-980d5d2a93da_302face0_423_141_394_43100004.png,2.2,2.411764705882353,0 0 0 0
bece3123-366c-4f45-897c-606e76818669_2face0_167_321_219_299_00002.png,2.2,2.7142857142857144,0 0 0 0
c4daddec-cc3e-49ff-ba3d-eab49f8027e1_302face0_396_602_262_26900011.png,2.2,2.5,0 0 0 0
62bea167-8c7e-4307-a08c-484647c9a9ac_602face0_425_553_159_203_00001.png,2.2,2.333333333333333,0 0 0 0
b84cf2a7-1774-4b01-9682-055e6b9944a0_302face0_89_314_334_445_00001.png,2.25,2.4705882352941178,0 0 0 0
4de728dc-3fa7-452d-a74e-ac8f9029a6fa_302face0_273_337_160_18300001.png,2.25,2.3157894736842106,0 0 0 0
86fa5b47-95cf-4b95-984c-230e7f765bf5_2face0_271_56_551_754_00001.png,2.25,2.25,0 0 0 0
ae535505-1329-4644-9eb4-44b1f0b30179_10001058face0_215_422_258_28900012.png,2.25,2.388888888888889,0 0 0 0
900027b4-1556-4c59-9d61-d9890408426b_2face0_474_585_520_58500002.png,2.25,2.5625,0 0 0 0
67875711-9f3c-45aa-8436-5764fe3572cc_2face0_235_488_337_419_00001.png,2.25,2.7857142857142856,0 0 0 0
a30df60e-a50b-48ff-8609-bd6af988ef60_2face0_55_364_438_588_00001.png,2.25,2.6666666666666665,0 0 0 0
e3fef90f-6cc7-4954-9bd1-a656845e692c_2face0_360_601_334_35800006.png,2.25,2.388888888888889,0 0 0 0
78104880-a1ba-4737-bed1-dca002094473_2face0_591_139_331_436_00003.png,2.25,2.388888888888889,0 0 0 0
3aec0999-540a-40f7-930c-9c32ae72b855_2face0_129_73_510_649_00001.png,2.25,2.4705882352941178,0 0 0 0
36743311-455e-4bc9-8767-bfec978daedb_2face0_150_101_288_394_00001.png,2.25,2.388888888888889,0 0 0 0
5187b717-d012-4263-808e-f628b06682e2_1202face0_333_143_187_236_00001.png,2.25,2.4705882352941178,0 0 0 0
3a57c13e-df69-40e1-a4c9-b921b7a38c79_2face0_371_692_171_18700012.png,2.25,2.6666666666666665,0 0 0 0
1dde75b1-491c-44e9-8a7f-ddd4837c9a68_2face0_156_381_459_616_00001.png,2.25,2.7857142857142856,0 0 0 0
50d98dec-2c70-4826-b4f7-1d3e064d281f_2face0_176_832_546_61300001.png,2.25,2.3157894736842106,0 0 0 0
aa8c842e-5afb-4b4c-bf81-dc777e1d2804_2face0_445_364_221_283_00005.png,2.25,2.25,0 0 0 0
d4820448-00b0-44a5-b767-9604cc6d55e1_302face0_217_149_224_288_00009.png,2.25,2.25,0 0 0 0
8d9dbffc-a6d6-4cce-97a0-1d540c5f1aff_602face0_250_340_210_270_00004.png,2.25,2.25,0 0 0 0
91a4754b-e4cd-4daa-a75d-185eba30a4e5_10000273face0_277_402_183_223_00001.png,2.25,2.388888888888889,0 0 0 0
a12525cc-ac78-47e5-b619-1fdb9d7f4c80_2face0_743_492_186_19800010.png,2.25,2.25,0 0 0 0
6f47d64c-1aa9-48fa-880e-859183431ddc_302face0_411_52_331_36700004.png,2.25,2.25,0 0 0 0
91ddef1e-afa5-495c-bcd3-8056944a73d6_302face0_345_177_175_222_00004.png,2.25,2.25,0 0 0 0
39a7304b-30f8-4591-a9ed-5cfed361cbd7_10003231face0_231_56_200_266_00003.png,2.25,2.388888888888889,0 0 0 0
120960f7-31c2-4296-8125-c346c514c62a_602face0_360_296_249_303_00001.png,2.25,2.25,0 0 0 0
ffd2a90f-8087-4a2c-a0d1-bd2b67918d74_2face1_891_234_126_13100003.png,2.25,2.388888888888889,0 0 0 0
40551fd7-115c-4ca4-ae33-30bdf84a9720_2face0_233_400_168_222_00003.png,2.25,2.6666666666666665,0 0 0 0
488f5a00-a418-4eee-9611-719539ff1159_302face0_248_721_114_12600007.png,2.25,2.4705882352941178,0 0 0 0
d9f3a1ea-c40e-4e9c-aeb1-33cb2988775d_2face0_445_261_250_316_00003.png,2.25,2.25,0 0 0 0
e19534dc-f799-4d1b-aeb4-914dfdd605b3_2face0_336_548_195_19500004.png,2.25,2.5625,0 0 0 0
7bcc776f-685b-4b1b-b298-e36853e6090e_302face0_551_435_144_175_00008.png,2.25,2.388888888888889,0 0 0 0
8eb6b906-fdd8-4f2c-8a01-ab687463192a_2face0_462_221_191_242_00001.png,2.25,2.7857142857142856,0 0 0 0
6d25c338-5ca8-4772-b075-f6d74b1dd64c_2face0_186_291_642_849_00002.png,2.3,2.3,0 0 0 0
edf12296-8c7c-49be-bbdf-605eb2938e5d_2face0_562_71_354_486_00001.png,2.3,2.3,0 0 0 0
8211eb69-cb89-48e9-b51c-debe3f4aa13c_2face0_220_464_271_368_00001.png,2.3,2.3,0 0 0 0
6ffa853e-3e80-477d-942f-fbf52a83d596_902face0_208_540_700_954_00006.png,2.3,2.3,0 0 0 0
98760226-d160-4cfa-baf1-7202b7abaf03_302face0_432_441_160_16600002.png,2.3,2.3684210526315788,0 0 0 0
1ebd005e-d2f1-4d4e-8c4e-8f4cc95f12be_2face2_382_301_116_12400003.png,2.3,2.7333333333333334,0 0 0 0
4e62bf7a-da27-4fd6-bf62-ebfa9a2bd8e4_2face0_424_324_285_366_00001.png,2.3,2.3,0 0 0 0
5f838a50-9f63-4c94-a114-95fafca6c621_602face0_76_315_572_712_00011.png,2.3,2.3,0 0 0 0
801e8393-ead3-4aad-b75c-953ca9e7a459_2face0_67_364_772_962_00001.png,2.3,2.4444444444444446,0 0 0 0
7837b881-ae0c-400e-aee7-924f1c363c8f_2face0_112_59_414_45200005.png,2.3,2.3684210526315788,0 0 0 0
0a804c8f-6408-44bf-a788-b3784d80e669_302face0_198_286_219_273_00004.png,2.3,2.3684210526315788,0 0 0 0
8c0f6e20-f40e-4596-b030-b2ceb4f1c546_2face0_505_448_121_13200001.png,2.3,2.3684210526315788,0 0 0 0
9dc3aa29-dbf5-4f09-84cb-9de22d962819_2face0_449_567_243_342_00001.png,2.3,2.625,0 0 0 0
e7abec15-52fa-4f32-bce9-b7c6cacf56e1_2face0_307_310_189_244_00001.png,2.3,2.4444444444444446,0 0 0 0
c9ffaf2d-2635-4004-87fc-6c55313127e8_2face0_176_265_193_21400008.png,2.3,2.3684210526315788,0 0 0 0
9dae8f93-91bf-4e76-9c50-2a22bd1e5fa7_2face0_64_313_201_20600003.png,2.3,2.4444444444444446,0 0 0 0
e02073f0-984b-408d-a88b-fdab6677bc34_302face0_373_295_127_168_00001.png,2.3,2.625,0 0 0 0
625405d6-3323-4743-9343-91d6e61028ab_302face0_121_523_290_32500002.png,2.3,2.5294117647058822,0 0 0 0
e281db59-f750-432b-a248-9cb91e51cca2_2face0_110_488_547_59100002.png,2.3,2.5294117647058822,0 0 0 0
97fe1d09-9c64-49fb-b477-3053508e3ec9_302face0_358_403_260_27400001.png,2.3,2.3684210526315788,0 0 0 0
876407cb-f1b5-43fc-b291-6b5acc13d97a_10001798face0_227_60_211_22600009.png,2.3,2.3684210526315788,0 0 0 0
d7b5afb9-10d2-40b7-8084-8ef0b4224cec_10000300face0_515_296_193_270_00001.png,2.3,2.3,0 0 0 0
c0e8599e-6152-452a-b76f-fcbe3c0b6721_10000598face0_245_336_122_13200011.png,2.3,2.3,0 0 0 0
f160aa0c-822a-4399-8ca4-da0e3afa1c23_302face0_753_568_222_299_00001.png,2.3,2.3684210526315788,0 0 0 0
b5b0e55e-1f03-4a89-b0ec-37f19b2af838_10000570face0_222_497_531_59000001.png,2.3,2.3684210526315788,0 0 0 0
10440e19-d023-4e44-a885-17a675cc9d03_1802face0_600_463_145_15700008.png,2.3,2.3,0 0 0 0
df62934d-6a61-4902-a0c3-f03e31f4b505_2face0_229_206_117_12200003.png,2.3,2.3684210526315788,0 0 0 0
bbe4976a-a240-4bda-a856-ae07ecafa259_10000291face0_165_578_176_212_00006.png,2.3,2.5294117647058822,0 0 0 0
0574a31f-6ae3-4b22-8a35-f358dd4ab89a_2face0_166_92_324_451_00005.png,2.3,2.3684210526315788,0 0 0 0
2c7fe58f-b765-45b1-a208-d88aefb9a979_2face0_419_686_220_22400002.png,2.35,2.9285714285714284,0 0 0 0
8de16bfe-d33e-4a80-8845-31d6e4fed88e_2face0_59_302_460_623_00002.png,2.35,2.5,0 0 0 0
c4d9610f-12cb-45ac-a0ed-08c7b5c89d3d_2face0_413_484_356_39300002.png,2.35,2.35,0 0 0 0
1fb4199d-01b1-4b4f-977d-ab83a64b08d4_302face0_350_258_183_246_00009.png,2.35,2.35,0 0 0 0
d42bd5e4-d055-40e0-b3b0-c75637a3df0c_302face0_361_267_163_214_00001.png,2.35,2.9285714285714284,0 0 0 0
62eb72f5-f94b-4a95-85b7-8b9b4861d4f6_2face0_537_383_120_12200003.png,2.35,2.35,0 0 0 0
5c3e141d-6d50-466e-81f2-b0ddf2faf647_2face0_286_309_263_318_00003.png,2.35,2.8,0 0 0 0
3b9c368b-fcbd-460e-a1f3-5a6f65d8072c_302face0_360_384_175_17900002.png,2.35,2.588235294117647,0 0 0 0
9c4201e2-3e72-467b-8492-1c236b324d7a_10001020face0_285_542_600_789_00001.png,2.35,2.35,0 0 0 0
03516199-f582-451f-941f-01a711a2cfb4_302face0_85_115_229_296_00001.png,2.35,2.8,0 0 0 0
279c9a4b-1b75-4518-a6d2-25da0cec781d_302face0_343_213_210_299_00001.png,2.35,2.35,0 0 0 0
2b160a63-7e23-40d8-8423-02e3b667ad17_2face0_124_661_406_551_00007.png,2.35,2.35,0 0 0 0
ef5729ab-34cb-424e-aa48-fd37e5aa7f34_1502face0_324_117_364_39500003.png,2.35,2.35,0 0 0 0
41009c34-d694-424b-b695-52ebb32081a6_2face0_371_463_196_259_00001.png,2.35,2.35,0 0 0 0
afb27bee-1bcf-4cb1-94ba-58add10a97c5_2face0_244_258_421_553_00007.png,2.35,2.35,0 0 0 0
f30c4430-028f-49a1-8665-a161e8504fa3_2face0_653_68_319_405_00005.png,2.35,2.35,0 0 0 0
2624fcd2-e3e6-430d-b84b-2c5b0bc5d0e9_2face0_249_191_277_377_00001.png,2.35,2.35,0 0 0 0
b285c53a-de17-440c-9005-0e7391f1e25d_2face0_395_126_211_297_00001.png,2.35,2.9285714285714284,0 0 0 0
c7f10ffd-6d33-4fde-b981-5e6473cb7f69_902face0_567_464_188_19500012.png,2.35,2.9285714285714284,0 0 0 0
a5960d2e-0bdd-4b88-9148-bd85a972029c_2face0_308_617_344_431_00001.png,2.35,2.421052631578948,0 0 0 0
d8d9ef5f-1b5a-47aa-bc29-c7bf777e0f3e_2face0_144_1127_392_44000005.png,2.35,2.588235294117647,0 0 0 0
92f00ef2-db4e-485e-a5bd-daff47968901_2face0_204_726_784_89000005.png,2.35,2.421052631578948,0 0 0 0
83ba0ae6-e8b3-454d-95ac-8da04ab416b9_2face0_573_623_208_259_00010.png,2.35,2.35,0 0 0 0
c7ec9e9a-74a0-4523-8fdd-7f19ba709633_302face0_126_198_394_492_00001.png,2.35,2.5,0 0 0 0
3f121b32-3cf2-4a25-ba1b-2d9ac8dd726b_2face0_122_460_813_1097_00001.png,2.4,3,0 0 0 0
12d53667-5361-4bee-8949-399a0a833f0c_302face0_475_481_271_28600004.png,2.4,2.473684210526316,0 0 0 0
42a2b66d-d232-4b74-bd79-f2abe90a3841_2face0_57_279_604_801_00002.png,2.4,2.4,0 0 0 0
c1a88206-b62c-445d-81a8-070a3ecf5510_2face0_579_524_279_27800007.png,2.4,2.4,0 0 0 0
38f3eeb1-a8cb-4ae2-8a1d-961fd0e90ae9_302face0_193_163_138_199_00007.png,2.4,2.4,0 0 0 0
a2e84928-4b2e-4dd7-8337-419b7b915d05_302face0_372_423_271_29100001.png,2.4,2.473684210526316,0 0 0 0
05501845-26e1-4389-8487-ba7b591a8a7a_302face0_153_524_180_18400012.png,2.4,2.647058823529412,0 0 0 0
f98f4831-ce63-4632-a134-1e11e65f6faa_2face0_259_764_486_53300001.png,2.4,2.473684210526316,0 0 0 0
19b6f590-2fc7-40f5-aa4b-d88cc694ffcc_302face0_90_133_323_434_00007.png,2.4,2.647058823529412,0 0 0 0
a12eaa0d-a58d-4821-a765-fdfcb766c863_302face0_515_293_236_23600006.png,2.4,2.5625,0 0 0 0
1c110897-3c5f-4319-a1df-2287f0c2d24c_602face0_383_303_277_364_00006.png,2.4,2.4,0 0 0 0
84499566-e5c4-4886-80e2-701b9a02bb2d_1202face0_580_345_111_11700003.png,2.4,2.4,0 0 0 0
f1106e1a-1f80-4d45-8e87-85a35a0ad59e_10000122face0_447_204_312_405_00003.png,2.4,2.8666666666666667,0 0 0 0
54fc89e8-0870-4fa1-b39f-c5b4802ce582_302face0_446_131_378_499_00001.png,2.4,2.4,0 0 0 0
219e2903-3e15-4940-994c-916b637e2a29_2face1_322_775_328_34100006.png,2.4,2.4,0 0 0 0
9b941521-8b82-4813-b0e8-6c7c562e4745_302face0_253_226_326_469_00003.png,2.4,3,0 0 0 0
372f9d9f-3cee-4e34-a6a5-7b535eaf7819_2face0_698_637_177_229_00001.png,2.4,2.4,0 0 0 0
8e631105-c41f-467e-b9a3-b11849382388_302face0_569_461_267_29900010.png,2.4,2.4,0 0 0 0
7c418fa6-54bc-4bc2-ae53-30e84126a637_2face0_466_810_153_16900001.png,2.4,2.4,0 0 0 0
0a3294cf-f7e6-4651-a7ec-86570bf74a4d_602face0_242_95_270_353_00001.png,2.4,2.4,0 0 0 0
4055d9a9-14bf-48fc-987a-49888c378bb9_602face0_259_365_368_501_00011.png,2.4,2.555555555555556,0 0 0 0
4658028d-d433-47ca-b626-393291bb1911_2face0_204_290_436_566_00001.png,2.4,2.4,0 0 0 0
05fb90d3-7e1b-48e4-9d56-b9d58a80caa1_2face0_329_1388_166_207_00004.png,2.4,2.647058823529412,0 0 0 0
e3aa07fa-acd7-4580-a0dd-834142a5f513_902face0_261_97_133_177_00006.png,2.4,2.4,0 0 0 0
c223fdd1-0e92-4b1f-8e07-44a7f7d0058c_2face0_669_518_262_26500002.png,2.4,2.4,0 0 0 0
96b81d40-0568-4a74-acae-deda506f523f_302face0_81_340_192_22100003.png,2.4,2.4,0 0 0 0
6c4846ad-5d94-445e-905e-08e267e3ecea_2face0_395_207_456_606_00001.png,2.4,2.473684210526316,0 0 0 0
4fe7db6f-896a-41c5-89fb-d8fd27bfeb53_2face0_601_594_226_21900009.png,2.4,2.473684210526316,0 0 0 0
168f3b0b-4ada-4560-9b66-1fd4546c2c82_10000256face0_438_363_246_24900005.png,2.4,2.4,0 0 0 0
7be7772e-bf8d-43ae-b41c-46f4b14235f8_10000593face0_99_186_406_530_00005.png,2.4,2.75,0 0 0 0
6aac2dc2-e803-40d7-8cfe-0cf2b2540ae8_302face0_449_406_214_25600002.png,2.4,2.4,0 0 0 0
3d0a9325-ce8a-4caf-9be0-a0c052557f7e_302face0_92_393_176_19100004.png,2.4,2.4,0 0 0 0
e374e1b6-af7d-4241-958a-c35b7ee67ddd_602face0_239_238_334_37100003.png,2.4,2.473684210526316,0 0 0 0
22b0fa60-82e5-45ef-a2a4-a017bd9ce797_10000298face1_152_1407_327_333_00001.png,2.45,2.45,0 0 0 0
ca898d5d-64db-4a24-8993-6d2ac0e9a87d_2face0_576_79_244_345_00007.png,2.45,2.45,0 0 0 0
8344ebcf-abec-4547-8e4a-378a2e6f8fa8_2face0_148_110_128_14500006.png,2.45,2.526315789473684,0 0 0 0
72b9fdf4-8238-477c-8948-68c6767e4e76_10000808face0_276_101_186_20600001.png,2.45,2.526315789473684,0 0 0 0
aff43884-56ee-4d5b-80db-36469287ee78_10000580face0_93_613_450_540_00001.png,2.45,2.611111111111111,0 0 0 0
48b2b78d-84c9-48d7-b6ff-03b8ae050136_2face0_642_692_201_21400005.png,2.45,2.45,0 0 0 0
9364269c-aeac-484b-a09e-44f893ebb589_10000297face0_303_51_365_429_00002.png,2.45,2.8125,0 0 0 0
570ccd98-3804-47e9-8f73-2650c30468a1_302face0_137_408_166_17100003.png,2.45,2.611111111111111,0 0 0 0
d5b8704c-5fe4-4f93-aacc-c01728a5e906_2face0_688_189_221_288_00011.png,2.45,2.7058823529411766,0 0 0 0
c64e19a3-bb00-4179-a4e6-d6b279d85c4b_302face1_779_437_170_222_00009.png,2.45,2.45,0 0 0 0
e432ad8d-5cbd-40a8-bec2-6a606112a1bd_2face0_725_488_124_13700003.png,2.45,2.611111111111111,0 0 0 0
d0f24d5c-37dc-4ec0-a898-1226b4d0686c_2face0_467_530_260_327_00001.png,2.45,2.8125,0 0 0 0
5fa9074b-f968-4c11-8858-d6d7e6f8ff32_2face0_98_231_252_26600007.png,2.45,2.45,0 0 0 0
bd85165f-1913-45cd-9555-d7d7285d8ad0_2face0_379_70_273_351_00004.png,2.45,2.8125,0 0 0 0
529017b3-8ad6-4964-b4ad-f0d5277590dc_2face0_341_108_242_331_00002.png,2.45,2.526315789473684,0 0 0 0
5fa1be7c-656e-4db0-84fa-1bbc6a5295cc_302face0_384_302_450_586_00002.png,2.45,2.45,0 0 0 0
385c20ef-cf69-48dd-9e0d-d02eab91ab1d_302face0_425_471_298_31800001.png,2.45,2.611111111111111,0 0 0 0
51d517f0-862a-4433-bb44-76ffe7192079_302face0_368_269_283_31000001.png,2.45,2.45,0 0 0 0
b6b1b9be-d447-4503-93e5-5a33860be9ec_2402face0_365_351_183_19300011.png,2.45,2.45,0 0 0 0
fe20e0fc-cf26-49cd-8022-45495f9626fd_2face0_337_71_243_345_00006.png,2.45,2.611111111111111,0 0 0 0
782165e5-a536-4473-b272-b034f981dec4_10000296face0_519_336_273_30500006.png,2.45,2.45,0 0 0 0
5b124411-ca12-44b0-b817-ad29dc7d2f04_602face0_564_239_250_333_00001.png,2.45,2.45,0 0 0 0
dfbd030b-c108-4350-966a-f5ee95c1fe5a_2face0_220_278_634_888_00001.png,2.45,2.45,0 0 0 0
5a9f3aa6-e6ab-422f-a179-5fa6cb1553b7_2face0_587_665_328_34700001.png,2.45,2.45,0 0 0 0
f08e1194-6cc9-4fce-a2cb-24237856343e_902face0_407_291_251_338_00011.png,2.45,2.45,0 0 0 0
ea913067-650f-4575-b8a3-2bbffe36147d_10000561face0_206_173_137_177_00001.png,2.45,2.45,0 0 0 0
4d8e2515-8a7b-49a9-88ec-68f23e39a703_10000254face0_258_162_393_551_00001.png,2.45,2.45,0 0 0 0
52d461bc-af11-4edb-a33a-0cac90b7f27d_302face0_748_565_193_234_00001.png,2.45,2.7058823529411766,0 0 0 0
1bff21c1-b7c1-4fb8-9551-1898cfa15d93_10000298face0_151_441_611_812_00001.png,2.45,2.45,0 0 0 0
6f3e617b-b883-47de-840e-b86e5ce446ac_10000901face0_345_108_364_453_00011.png,2.45,2.7058823529411766,0 0 0 0
1ec70dd0-c6c8-48a1-a375-49e629d8a5ae_10001348face0_526_177_237_24500011.png,2.5,2.5,0 0 0 0
628faa4f-7aa3-443d-aa35-4766057887bb_2face0_392_114_190_259_00008.png,2.5,2.764705882352941,0 0 0 0
ec52835b-72c3-4da7-a2f2-0c832b83c269_610face0_94_327_638_889_00012.png,2.5,2.5,0 0 0 0
37cc73aa-b9f5-4c23-a1ef-4842f2d72e3c_302face0_707_458_210_270_00001.png,2.5,2.5,0 0 0 0
7cfb5eae-6030-4678-8beb-e16f7e73a1e0_2face0_167_553_488_638_00001.png,2.5,2.764705882352941,0 0 0 0
892d50e2-4d70-4c58-9bbb-40065a381608_302face0_122_606_281_381_00003.png,2.5,2.6666666666666665,0 0 0 0
2060892d-2964-470a-86a9-0fb0354109a5_2face0_663_443_232_26000010.png,2.5,2.6666666666666665,0 0 0 0
0047d630-a582-432a-b71e-e957c833d797_2face0_287_939_461_595_00008.png,2.5,2.764705882352941,0 0 0 0
6599a76e-d216-44e0-8d5e-f703b337e37e_10001069face0_286_195_351_473_00005.png,2.5,2.5,0 0 0 0
cfe67cc7-7acb-4d4d-a1ce-f5dd0da58d06_302face0_81_119_344_434_00003.png,2.5,2.5,0 0 0 0
5242eaae-3a0c-46d3-9969-470f2930b51e_10000301face0_253_161_186_20400001.png,2.5,2.6666666666666665,0 0 0 0
10b3d060-8695-4085-a6e8-892c899bdc0e_302face0_178_448_120_13500012.png,2.5,2.5789473684210527,0 0 0 0
6c53d533-74b9-489d-9d87-ea3391ab927e_2face0_303_408_569_749_00001.png,2.5,2.5,0 0 0 0
f3fcd083-9814-4364-8ffa-71f62c2b8b7e_602face0_214_188_350_36700002.png,2.5,2.5789473684210527,0 0 0 0
3ad18351-0ddc-4493-85c1-f982fbbe808c_10000901face0_55_468_570_62100009.png,2.5,2.5,0 0 0 0
3754d64e-842b-40a5-ab1b-7d0ab8b81963_10001074face0_149_122_404_479_00001.png,2.5,2.5,0 0 0 0
de4b0226-bf2e-4bc9-a97a-4cb823708210_2face0_125_126_363_40900001.png,2.5,2.5,0 0 0 0
8fa55609-aba6-42f1-80d9-abf6f7e2da5e_10000217face0_322_423_343_410_00007.png,2.5,2.5,0 0 0 0
8f29b37f-c79a-4991-a87b-b6b22897f4af_2102face0_122_208_187_227_00001.png,2.5,2.5,0 0 0 0
a91267a7-da2e-49b9-90b8-f6063a0aada3_2face0_123_67_464_586_00001.png,2.5,2.5,0 0 0 0
62b6a3e7-6058-4225-837b-efe525564ab5_902face0_209_54_169_205_00008.png,2.5,2.6666666666666665,0 0 0 0
e819dac7-1305-4d68-b481-db2dce378c46_10000901face0_183_642_708_80700009.png,2.5,2.5,0 0 0 0
957ab2cc-98de-4582-a4c9-5cafd205834a_602face0_378_803_287_366_00010.png,2.5,2.764705882352941,0 0 0 0
2c1f98dd-4796-49e9-a538-6d727aee3871_2102face0_422_704_303_360_00005.png,2.5,2.6666666666666665,0 0 0 0
4249ff3c-69f1-46c0-8de6-a4364c569792_2face0_230_223_208_266_00007.png,2.5,2.5,0 0 0 0
6a922639-809a-4faf-b041-1133ce0075fc_602face0_454_358_291_388_00006.png,2.5,2.5,0 0 0 0
6b9e1787-285b-4f9f-be84-1ccbfc182a73_2face0_532_118_328_35700003.png,2.5,2.5,0 0 0 0
6335633b-3598-477d-bcbc-92f9e25aab26_602face0_270_419_208_247_00002.png,2.5,2.6666666666666665,0 0 0 0
a5b8cca2-4e03-4d99-b7e1-dae556d57225_2face0_419_764_370_40800001.png,2.5,2.5,0 0 0 0
109f6372-5611-4f72-b62a-219cabcdf92d_2face0_818_364_208_264_00001.png,2.5,2.5,0 0 0 0
7f3a219e-faf1-4f8b-ba56-9612d429ade3_2face0_307_342_256_27500002.png,2.55,2.55,0 0 0 0
c1d4dd6a-3d2d-417b-9265-4e62309b601d_3face0_159_402_502_629_00002.png,2.55,2.7222222222222223,0 0 0 0
9b111663-0fdc-4a15-941b-b0ba86a6a4e2_302face0_422_462_186_247_00002.png,2.55,2.55,0 0 0 0
af5ac408-bdd2-4af9-9792-3482a5f28b0a_10000001face0_247_332_333_456_00001.png,2.55,2.631578947368421,0 0 0 0
cd8cd418-1390-4cc8-8333-d7a5b8bdf755_902face0_148_64_361_519_00004.png,2.55,2.55,0 0 0 0
9465bab4-9e8c-4e3e-8efb-5aca03ce601f_302face0_292_187_204_255_00012.png,2.55,2.823529411764706,0 0 0 0
2969c55b-cf41-4770-bd8d-4a05468e1313_302face0_304_338_235_297_00001.png,2.55,2.55,0 0 0 0
169ce441-5a4a-46d9-ba04-2c8ce29a5c35_2face0_304_192_418_567_00001.png,2.55,2.823529411764706,0 0 0 0
2f78d2ce-cda3-4a1d-9a9b-fc94bebac464_2face0_454_679_378_42200001.png,2.55,2.7222222222222223,0 0 0 0
319b2696-0023-49b4-a213-6b4f28258c8f_2face0_284_190_518_704_00001.png,2.55,2.631578947368421,0 0 0 0
a07245d4-dfaa-4aa5-b56a-e2667b866ab4_2face0_67_579_172_17100001.png,2.55,2.55,0 0 0 0
a1ca4753-3a21-44ba-b04e-ef3401304b47_2face0_148_557_271_366_00004.png,2.55,2.55,0 0 0 0
b935417e-8fe7-4a48-ae11-95df574aa0d2_2face0_641_367_383_506_00001.png,2.55,2.55,0 0 0 0
ec48f7fe-e386-448c-be48-c8af972ba6c4_2face0_454_125_165_19500002.png,2.55,2.631578947368421,0 0 0 0
70277ada-fd8d-431b-aaba-2c61d8c17cbf_302face0_142_350_294_30800004.png,2.55,2.55,0 0 0 0
2ea2b6c2-af44-4593-804b-4834d00a755e_302face0_243_157_165_209_00003.png,2.55,2.55,0 0 0 0
ee0f01eb-219c-4416-9dd4-76a18ae91e52_2face0_340_503_162_18200004.png,2.55,2.55,0 0 0 0
a1506bb1-63be-46f8-b618-51ec286f07aa_302face0_352_364_169_227_00008.png,2.55,2.55,0 0 0 0
a396d801-1b2c-473a-a0d0-eaca1e528911_2face0_174_219_550_710_00007.png,2.55,2.823529411764706,0 0 0 0
381ed010-0d27-40e7-ab23-4ee0d9d56188_2face0_149_178_169_212_00001.png,2.55,2.55,0 0 0 0
2810db67-6ad1-4c84-a0dc-66c8a1e82796_603face0_238_296_268_334_00001.png,2.55,2.55,0 0 0 0
781011cd-c1aa-4658-9587-34bf03d50efc_2face0_462_442_177_19600008.png,2.55,2.631578947368421,0 0 0 0
2dd24500-5b6b-49c4-8dcf-d6ac89c1acdd_1795face0_365_575_247_305_00001.png,2.55,2.631578947368421,0 0 0 0
467226f4-c689-405b-b706-39f141ccd65c_2face0_549_404_215_262_00007.png,2.55,2.7222222222222223,0 0 0 0
5215c9de-6f9d-43bc-8104-73d7012a73e7_302face0_278_570_145_15400012.png,2.55,2.55,0 0 0 0
58815fa6-5468-4c41-880d-05e56b0470fb_10001601face0_352_99_358_471_00005.png,2.55,2.631578947368421,0 0 0 0
79ca4cef-2f0b-4311-a3a3-350c7688f9e6_302face0_58_219_562_58300001.png,2.55,2.55,0 0 0 0
1cb05c92-5832-41ca-bc5f-35c77175fd69_2face0_373_217_250_329_00012.png,2.55,2.631578947368421,0 0 0 0
d4d5c92d-06a3-47cf-ba7a-9785a8ec6184_10001182face0_240_216_320_436_00004.png,2.55,2.55,0 0 0 0
f36d7cdc-80fb-4653-9704-3bdf8976fafb_2face0_170_410_246_327_00001.png,2.55,2.55,0 0 0 0
caa2540c-aea5-4107-9fc5-d67b58f7d09f_2face0_457_317_415_577_00001.png,2.55,2.55,0 0 0 0
5a5b8508-b750-4b31-b7a2-257ca728aacb_2face0_349_624_259_334_00003.png,2.55,2.55,0 0 0 0
6de93cc7-53be-4ed8-93a8-2d1c30f81e4c_2face0_576_743_340_429_00001.png,2.55,2.7222222222222223,0 0 0 0
e1079ed7-5dbf-40cc-9e1f-74ce9e27f4df_302face0_225_98_253_368_00001.png,2.55,2.55,0 0 0 0
ef349879-184d-4b74-bf4f-182129052858_2face0_115_208_515_671_00001.png,2.55,2.55,0 0 0 0
d5b14a9d-4cbb-42be-ba30-1484cb8111f7_2face1_71_506_168_16700001.png,2.55,2.55,0 0 0 0
7d2c5beb-0e7d-46c1-83c2-a7c8c818941e_302face0_545_443_307_31500011.png,2.55,2.7222222222222223,0 0 0 0
ae0e1288-1977-4c67-b064-813fda522e1a_2face0_102_417_358_460_00003.png,2.6,2.6,0 0 0 0
891f61fa-8ad2-4bcb-a7cc-be3a0479b883_2face0_143_447_304_33400009.png,2.6,2.6842105263157894,0 0 0 0
a89f4ebf-b05d-42fe-9542-a8f0a2927ecd_302face0_372_212_298_394_00001.png,2.6,2.6,0 0 0 0
d44f50f1-6a7b-459c-b58c-98deb4b69bc0_302face0_148_193_394_493_00002.png,2.6,2.6,0 0 0 0
bcd92aa4-8a31-4af8-8c64-fe8c1ea6a972_302face0_511_86_210_24800007.png,2.6,2.6,0 0 0 0
d964070b-e4d2-4dd8-9b78-99b12d297dfa_2face0_660_376_169_216_00003.png,2.6,2.6,0 0 0 0
8b5daa26-752a-44ee-9cbb-76e7ebf9d8a6_2face0_266_56_397_542_00003.png,2.6,2.6842105263157894,0 0 0 0
4ac6a510-5727-404e-a50a-7ae1a647ae19_302face0_257_323_308_419_00005.png,2.6,2.6842105263157894,0 0 0 0
e60bcced-c527-43ec-9126-f1d94ed0aa3b_4788face0_230_220_157_16300001.png,2.6,2.6,0 0 0 0
2a1ae967-d5e7-46eb-8bea-de399c70af03_302face0_262_243_312_33500002.png,2.6,2.6,0 0 0 0
88d72ca9-d5fc-441d-9f16-5e6ee217e82f_2face0_532_695_179_218_00012.png,2.6,2.6,0 0 0 0
41f4072d-27bf-4945-ac40-4c977f1dd14d_2face0_286_638_196_21900002.png,2.6,2.6,0 0 0 0
1656cfc2-3f32-4d31-a3dc-4bd71165d9fa_2face0_371_634_219_314_00001.png,2.6,2.6842105263157894,0 0 0 0
1769eacd-bff6-45de-9f98-a1af72ecd52b_602face0_76_224_316_429_00005.png,2.6,2.6,0 0 0 0
13ff7967-84b4-43f2-bb94-4b7c7dede583_10000242face0_228_245_327_440_00002.png,2.6,2.6,0 0 0 0
031a90af-7ae1-4fb0-8578-a482be70f2e0_602face0_690_366_230_297_00006.png,2.6,2.6,0 0 0 0
8d0638c9-930a-4e60-8f59-61461063fd3c_1802face0_61_140_207_277_00004.png,2.6,2.6,0 0 0 0
cd856883-337a-4f7e-a8a9-a908649306cb_2face0_716_326_289_395_00002.png,2.6,2.6,0 0 0 0
728de6bf-88b2-4f07-bde0-8b84ec14600c_2face0_257_581_214_268_00001.png,2.6,2.6,0 0 0 0
20ea3882-d156-47c1-b80b-3869ef0d1cdc_2face0_637_282_170_18300002.png,2.6,2.6,0 0 0 0
9519b788-e75d-4a64-96f5-1f842610944f_2face0_334_802_240_25400001.png,2.6,2.6,0 0 0 0
b5a111b6-ec2e-49af-96c2-0e557fdd6b09_2face0_323_111_184_236_00007.png,2.6,2.6,0 0 0 0
61545e67-eeab-45c1-8bfb-2ba6ab9236a7_2face0_508_776_151_186_00004.png,2.6,2.6,0 0 0 0
ee5cc232-aef2-4d80-a0b0-082e0ccb2486_2face0_275_554_243_301_00001.png,2.6,2.6842105263157894,0 0 0 0
a511d732-4a3f-4a8f-9032-0141a80fc4d6_2face0_153_91_226_297_00008.png,2.6,2.6842105263157894,0 0 0 0
d6b0ce3b-4ec6-4ec1-bbd8-3652f3c071da_302face0_314_198_268_28900009.png,2.6,2.6,0 0 0 0
218b2ab6-4535-4a39-b173-d482d2aceb75_2face0_82_178_364_440_00001.png,2.6,2.6,0 0 0 0
0ea2d0be-fa76-4c56-ba28-c92c3644dadf_2face0_312_215_261_331_00001.png,2.6,2.6,0 0 0 0
9ad3f39d-02df-4e50-a40a-9a84af74fb9b_902face0_142_199_324_471_00001.png,2.6,2.6,0 0 0 0
85b0f747-082a-42ba-a202-1f4ce7fee849_2face0_176_507_142_15700006.png,2.6,2.6,0 0 0 0
69414467-1f4f-492e-a984-acc69262a475_2face0_557_498_223_22600011.png,2.6,2.6842105263157894,0 0 0 0
7fa96b71-5fef-42e9-a9c4-e05768924fb9_2face0_328_580_270_351_00007.png,2.6,2.6,0 0 0 0
687915fc-ff67-488e-b253-afe7a390478f_10000283face0_127_343_321_32300001.png,2.6,2.6842105263157894,0 0 0 0
a1acfcc2-dd80-4ead-8d7e-493f8a42e2fd_2face0_357_686_201_21800011.png,2.6,2.6,0 0 0 0
88b52ecc-a365-45e3-a725-1448d1324ce8_2face0_170_498_554_58100001.png,2.6,2.6,0 0 0 0
7586eca0-a4d8-4284-a929-e95b6a2bcb05_2face0_165_343_620_841_00002.png,2.6,2.6,0 0 0 0
6f7a4895-12e7-483f-99b2-f5d7dc5d2853_602face0_667_275_263_336_00006.png,2.6,2.7777777777777777,0 0 0 0
2058e1ee-2e62-4b93-bc86-de83546f7cee_302face0_419_445_289_31500001.png,2.6,2.6,0 0 0 0
ade7091b-1b99-45a3-aab6-8cb25570ac43_2face0_287_489_519_643_00001.png,2.6,2.6,0 0 0 0
16844392-e0d3-4005-9f95-b0be12559ae0_2face0_245_440_219_290_00003.png,2.6,2.6842105263157894,0 0 0 0
48da0a62-1b0f-4f56-9276-6703df40d2af_10000001face0_94_188_525_658_00002.png,2.6,2.6,0 0 0 0
c09ff0cf-ca7f-40e7-8250-18a6b4407401_2face0_754_534_214_259_00001.png,2.6,2.6842105263157894,0 0 0 0
e09be10c-d311-4c21-bfc7-31376fcaa210_602face0_298_490_205_21500008.png,2.6,2.6842105263157894,0 0 0 0
0b17c522-49dd-4681-88fd-54ea470f7177_2face0_233_429_401_508_00007.png,2.65,2.65,0 0 0 0
086d1a01-5aca-420e-b2bc-8529f58a0ffe_2face0_372_417_223_22300007.png,2.65,2.65,0 0 0 0
5e95d124-cd61-4da6-888c-587657e2ac06_2face0_148_516_369_39300001.png,2.65,2.65,0 0 0 0
ceeb4494-1335-4ef1-98e2-e4c41ded312c_302face0_613_705_341_425_00005.png,2.65,2.65,0 0 0 0
f636bed2-77c6-4773-a059-6ee526ad1874_302face0_441_270_259_344_00001.png,2.65,2.65,0 0 0 0
b9f73697-2636-492d-8146-0f347ddbb6d8_2face0_401_511_300_34100001.png,2.65,2.65,0 0 0 0
82ac6025-b9ac-42e1-ab91-3c343f52ce09_2face0_148_607_717_75700006.png,2.65,2.65,0 0 0 0
c5fd3322-babd-4500-afb4-787ebfece912_2face0_69_285_243_27600002.png,2.65,2.65,0 0 0 0
5c432703-8b08-4191-92c9-ff939a619f13_2face0_383_271_165_236_00001.png,2.65,2.65,0 0 0 0
e666240e-9478-4d61-9749-7d071bd1b479_10001500face0_444_170_442_48100001.png,2.65,2.65,0 0 0 0
443c1981-b5cd-430c-9cbd-e27373637c4c_10000233face0_93_157_284_390_00001.png,2.65,2.65,0 0 0 0
a3bac82c-66a9-4fc9-91d0-2fbf42daa192_2face0_498_379_135_185_00003.png,2.65,2.65,0 0 0 0
b4334a58-ce63-4b41-9aa5-160862088b84_902face0_311_307_151_15900001.png,2.65,2.65,0 0 0 0
725c343b-e2bd-4b26-acbb-685ec069d470_302face0_129_159_194_242_00012.png,2.65,2.736842105263158,0 0 0 0
69ad8d24-780a-45fb-8a0d-5d7e88fcb043_3071face0_569_496_189_268_00003.png,2.65,2.65,0 0 0 0
a5e41c07-35ba-45d7-824a-b7318a34f9b8_2face0_351_145_141_15600006.png,2.65,2.65,0 0 0 0
da8b0cb7-c44b-4eb4-a256-e9a2a3df3178_602face0_712_119_228_307_00002.png,2.65,2.736842105263158,0 0 0 0
a364fd5b-05f6-47d1-8ea2-9cb4d76367af_2face0_351_167_460_577_00009.png,2.65,2.65,0 0 0 0
8eb585f9-6216-4f80-b654-f01f050cbfeb_2face0_174_318_208_284_00011.png,2.65,2.65,0 0 0 0
2141f851-e59b-4dbe-87d2-699297e44aae_2face0_362_384_199_21300001.png,2.65,2.65,0 0 0 0
f96b2497-416a-4685-a95c-1a6be5015b24_302face0_334_255_306_399_00010.png,2.65,2.65,0 0 0 0
ba217923-ca49-4218-90ce-4ad6c2120757_2face0_541_329_247_307_00003.png,2.65,2.736842105263158,0 0 0 0
0a9ec4cf-77ae-4fed-9a7c-fa6e7fb49c3c_302face0_387_206_298_431_00001.png,2.65,2.65,0 0 0 0
c9eccb99-53bd-4695-9484-1fb8aea14613_10000938face0_143_106_376_471_00001.png,2.65,2.65,0 0 0 0
cf3c8b2d-cc5d-4f9e-83d8-6373327d7181_2face0_71_443_163_16900001.png,2.65,2.65,0 0 0 0
f923458c-9a22-4bca-9b45-8b61765a9b73_902face0_653_248_194_249_00001.png,2.65,2.65,0 0 0 0
3459c6b2-e861-400c-a2c3-3d3999d35645_10000001face0_470_596_154_190_00004.png,2.65,2.65,0 0 0 0
a8c796f3-1087-4fe6-99dc-0bb9630606b8_302face0_244_298_194_255_00001.png,2.65,2.65,0 0 0 0
fc1c35da-7337-4387-b4cd-8b1710b28322_902face0_796_97_190_21900011.png,2.65,2.65,0 0 0 0
2a466083-12d9-40c5-9698-c8af3579792e_302face0_113_776_200_262_00011.png,2.65,2.736842105263158,0 0 0 0
0baddb20-5e81-49af-a05c-064ace62c32e_10000136face0_441_390_350_460_00011.png,2.65,2.65,0 0 0 0
6ba837f3-0eb0-4cb7-a2c7-229dfc5043c5_302face0_165_188_431_579_00001.png,2.65,2.65,0 0 0 0
57a72ac5-4238-4e1b-bef6-a4808ca4334b_10000554face0_363_236_294_31300003.png,2.65,2.65,0 0 0 0
6a51bb08-f1ae-49f1-943d-745b58bb3e47_2face0_238_609_498_632_00001.png,2.65,2.65,0 0 0 0
fa84a124-62ac-4c44-8b75-7489be9481fb_2face0_470_659_467_588_00009.png,2.65,2.65,0 0 0 0
24f488b3-7f23-4b59-9862-0f048e286131_302face0_516_186_219_279_00011.png,2.65,2.65,0 0 0 0
14aacb8e-ce58-4426-bb5e-db05940f240f_302face0_394_474_436_597_00006.png,2.65,2.736842105263158,0 0 0 0
557dded6-149d-42dc-9e05-ab6bac5979e1_2face0_277_323_166_212_00004.png,2.65,2.65,0 0 0 0
ad033e7f-a38b-4899-b88a-bb0c5f820f09_2face0_261_648_396_547_00007.png,2.65,2.736842105263158,0 0 0 0
5589ccd6-76ab-49f5-9219-72a979601c68_2face0_105_534_493_50000001.png,2.65,2.65,0 0 0 0
1c9f7ce5-b2aa-42f3-85cc-960052fd19dd_902face0_231_123_222_24800011.png,2.65,2.65,0 0 0 0
63a484e4-7735-445b-8d39-6aa7a9e751e9_602face0_458_210_164_17500004.png,2.65,2.65,0 0 0 0
ba275532-353e-4537-9246-68ec27e84438_602face0_363_723_205_21000001.png,2.65,2.65,0 0 0 0
46ec9467-4664-47d2-90ea-bee59c40a448_902face0_248_294_478_677_00001.png,2.65,2.65,0 0 0 0
1be4160e-d96d-4a8a-b73c-2f86b0aa26c8_302face0_172_361_144_14800001.png,2.65,2.736842105263158,0 0 0 0
271e0c36-2ecb-47fd-8979-96a778eedcd5_1845face0_345_555_214_273_00001.png,2.65,2.65,0 0 0 0
a235630e-a4e0-43a5-829d-04847ba35828_302face0_261_337_506_673_00001.png,2.65,2.65,0 0 0 0
965066b9-ee83-45e3-a4d8-a532c5baaf4f_302face0_142_211_334_432_00001.png,2.65,2.736842105263158,0 0 0 0
4950070f-cf90-47ea-b154-180eb6da91a6_2face0_205_296_630_806_00001.png,2.65,2.65,0 0 0 0
be690800-8309-4388-9872-8d0327596caf_302face0_372_576_352_466_00001.png,2.65,2.65,0 0 0 0
5e6137c1-02eb-4da1-aafc-1a07e99b8341_2face0_611_201_169_17900001.png,2.65,2.65,0 0 0 0
a69ea96b-94a1-4395-bd36-6a6c7b898589_603face0_133_99_225_303_00001.png,2.65,2.65,0 0 0 0
a5bd969a-c838-4e78-b5a2-ec989cdcc46b_2face0_472_506_172_18200001.png,2.65,2.65,0 0 0 0
0fa2456f-335c-43b5-8a6d-bd937bc9ebcf_1202face0_96_202_459_51200002.png,2.65,2.65,0 0 0 0
bcfb1a66-f7df-4a20-ad9f-c07ece3e1932_2face0_537_362_331_453_00001.png,2.65,2.65,0 0 0 0
0fe47e2a-8af8-43c8-a781-a499183476ee_602face0_218_117_294_373_00001.png,2.65,2.65,0 0 0 0
4ffd1c3e-0cfa-4530-a4c2-ea066a65e113_302face0_650_214_169_20500005.png,2.65,2.65,0 0 0 0
2791fe00-a124-40c4-9277-46037b166038_2face0_262_653_402_39900001.png,2.65,2.65,0 0 0 0
7b7741b9-5d78-4c3c-b327-b0b1bee3033e_1854face0_492_738_205_266_00003.png,2.65,2.65,0 0 0 0
1f1db07f-9017-41c4-a445-1d1500fce2c5_302face0_411_59_246_28800009.png,2.65,2.736842105263158,0 0 0 0
f3d637a7-6619-4281-bddc-cb34779fa679_2face0_165_665_528_60700001.png,2.65,2.65,0 0 0 0
cf2e9769-7fd0-49c5-8677-ddce1217b8e6_2face0_427_579_251_345_00002.png,2.65,2.65,0 0 0 0
afe568a2-239a-4c84-a319-f9ee81323f31_302face0_516_828_333_34100001.png,2.65,2.65,0 0 0 0
e5571f28-dcdd-4044-9a32-e05c9df5107f_10001578face0_54_428_255_28400014.png,2.65,2.65,0 0 0 0
2ddf2a58-927f-426f-9ade-411fe296e956_902face0_140_142_589_740_00006.png,2.65,2.65,0 0 0 0
e36d8e81-3851-4b63-bd8b-b7746d0173de_302face0_496_463_193_236_00001.png,2.65,2.65,0 0 0 0
525528bb-aeeb-4e26-9e92-eb0afa00e252_2face0_112_757_665_808_00001.png,2.65,2.65,0 0 0 0
11160ea0-e40d-45df-9189-da3829966fab_2face0_162_364_677_926_00012.png,2.65,2.736842105263158,0 0 0 0
b19881fd-8cb8-4aa7-ae31-2ad2e483d9a6_10000311face0_423_629_240_310_00002.png,2.65,2.65,0 0 0 0
b39ae60c-6111-4e61-b8f2-f3b0f6fc896c_302face0_250_749_352_447_00001.png,2.65,2.736842105263158,0 0 0 0
19190c31-f2e5-48e8-84ff-ca5a2e52074c_602face0_512_440_196_21100004.png,2.65,2.65,0 0 0 0
80c8a53a-749a-480b-bca5-e3bb50be3f14_302face0_517_242_158_207_00007.png,2.65,2.65,0 0 0 0
8e3d6e14-40dd-4e6e-be4f-e2d0bd504a9c_1502face0_230_65_478_619_00001.png,2.65,2.65,0 0 0 0
0046ab07-0dd3-40f2-83aa-917ad4a03f6b_10001381face0_391_151_144_15700011.png,2.65,2.65,0 0 0 0
019f43cf-ba72-4138-a83a-dfa6fe5fa199_302face0_209_205_151_205_00001.png,2.65,2.65,0 0 0 0
f73126eb-ec5b-4c47-87d3-f84d725c2db0_2face0_178_320_666_852_00001.png,2.65,2.65,0 0 0 0
e59b21ee-1ee4-4caa-978e-e712063a2ac2_2face0_327_654_394_538_00001.png,2.65,2.65,0 0 0 0
16867db6-9151-462b-9756-e3e1d0ddc07d_302face0_276_189_175_216_00001.png,2.65,2.65,0 0 0 0
70a7905f-63d3-406f-9e93-1d250a4f6c95_602face0_696_556_225_281_00006.png,2.65,2.65,0 0 0 0
568130e0-af3a-4e1d-924f-5ba92c53383d_1202face0_380_221_194_249_00003.png,2.65,2.65,0 0 0 0
66c970f5-142e-4588-ad7e-f97c9099b008_2face0_467_292_322_456_00001.png,2.65,2.65,0 0 0 0
5e994b7b-74b5-4c57-ab67-52f911c4b376_10000001face0_334_240_411_545_00001.png,2.65,2.65,0 0 0 0
30f28265-5214-4f99-be84-fa803acd6ee1_302face0_288_423_278_334_00001.png,2.65,2.65,0 0 0 0
213f9885-c2ef-4a16-af6c-2f2a0d8e23b6_302face0_757_832_175_210_00001.png,2.65,2.65,0 0 0 0
a3e4591e-83b0-4ec7-b3ba-4c581708d10f_2face0_140_214_460_647_00012.png,2.7,2.7,0 0 0 0
4400feb6-bc81-4fba-9f87-0809ac29dd1b_2face0_322_295_357_495_00001.png,2.7,2.7,0 0 0 0
41053980-26ec-49c6-b44c-fe575cb0e6d3_302face0_518_564_205_251_00009.png,2.7,2.7,0 0 0 0
c90dbed3-20bf-48d8-9e8c-6a9725a6f4ee_602face0_206_76_112_13000007.png,2.7,2.7,0 0 0 0
7a6bdef3-b923-4052-8baf-d9f5a91feecd_302face0_110_731_315_403_00006.png,2.7,2.7,0 0 0 0
12b6f828-ab55-4339-8eb2-9655a9d050cf_2face1_221_657_183_229_00001.png,2.7,2.7,0 0 0 0
27380797-2147-4709-84a3-edfd5938bc98_2face0_228_295_170_231_00001.png,2.7,2.7,0 0 0 0
2076a972-6a1d-4cec-a421-700713a114ff_302face0_277_110_131_179_00014.png,2.7,2.7,0 0 0 0
32085fee-8c80-45d0-a2d4-99093c69fefa_302face0_415_549_405_41200005.png,2.7,2.7,0 0 0 0
b66e1b85-fa09-462c-8ba2-c0b1c1195384_2face0_295_691_263_327_00001.png,2.7,2.7,0 0 0 0
1f22ebf5-fd50-4b2d-9b14-ae2324b17722_302face0_183_905_320_34700001.png,2.7,2.7,0 0 0 0
2136bc36-4002-4ef7-bbb4-c52b9b73feaf_2face0_356_181_333_416_00001.png,2.7,2.7,0 0 0 0
950081f8-68b4-4e78-845f-a4f69ebdf53f_302face0_118_65_466_660_00001.png,2.7,2.7,0 0 0 0
9ab0ec21-cab9-405c-b544-9549e8d8caa3_10000351face0_295_65_266_370_00005.png,2.7,2.7,0 0 0 0
824a98c4-b508-460f-bf5d-182dfa1665bf_902face0_229_56_193_249_00001.png,2.7,2.7,0 0 0 0
f037322e-028e-464c-9e85-81ffc5c59417_2face0_176_234_358_490_00008.png,2.7,2.7,0 0 0 0
803f1baf-4190-4721-85ba-4a8d206930ba_2face0_325_550_567_728_00011.png,2.7,2.7,0 0 0 0
5cfcb5e4-fcd6-4d8d-bb64-f753020812da_302face0_403_373_162_203_00001.png,2.7,2.7,0 0 0 0
02fe76ff-84b5-4175-88cc-c329bc23a50a_10000000face0_247_669_565_775_00003.png,2.7,2.631578947368421,0 0 0 0
c8dacae3-5e12-4b38-9469-514c0080034c_2face0_262_97_413_547_00001.png,2.7,2.7,0 0 0 0
96e36b11-eea4-4a9c-833f-03b6595127dc_2face0_189_406_421_47400011.png,2.7,2.7,0 0 0 0
2a4c55fd-14e6-406e-bd4b-254e5a6b96e4_602face0_497_721_249_27400001.png,2.7,2.7,0 0 0 0
400758ce-1411-4e22-ad5a-2658e2b97cee_302face0_548_435_215_294_00001.png,2.7,2.7,0 0 0 0
59f7603d-3f07-47de-b958-a0a75152e7d1_603face0_57_104_208_275_00010.png,2.7,2.7,0 0 0 0
31a0fa08-1108-4491-8d0d-aca70fc92a6b_10000532face0_259_333_231_26600011.png,2.7,2.7,0 0 0 0
43b1a7d4-8afa-4957-807c-5f7c1641d11f_10000089face0_354_363_264_26900001.png,2.7,2.7,0 0 0 0
5ff57764-84d1-4f7a-8afa-0dfac44a2f45_2face0_753_352_200_262_00001.png,2.7,2.7,0 0 0 0
1ec14a58-a1ec-401a-8e36-3a14629d2c23_2face0_532_599_142_181_00001.png,2.7,2.7,0 0 0 0
0090f57c-2acd-446a-b632-06dad5027741_2face0_436_74_547_717_00001.png,2.7,2.7,0 0 0 0
0f9c7b7e-aa95-4188-bc24-08929bdd0aa5_302face0_182_209_299_399_00007.png,2.7,2.7,0 0 0 0
fdcbabec-80b5-41f5-9435-53d1cabd8895_2face0_338_669_349_37300001.png,2.7,2.7,0 0 0 0
d44dbe7f-f953-45a9-896a-40283f832d10_2face0_130_78_399_527_00003.png,2.7,2.7,0 0 0 0
74a3f959-dd0e-499f-b067-e60d398bb553_2face0_216_482_392_46400002.png,2.7,2.7,0 0 0 0
c876ec31-d2b0-4c62-aca4-c0ed297a2ad7_2face0_93_214_421_525_00007.png,2.7,2.7,0 0 0 0
0439da72-8cea-4d56-86b0-f807b20fc7c1_302face0_237_175_225_327_00001.png,2.7,2.7,0 0 0 0
12f4766f-b05d-477c-a155-258eb62965eb_2face0_121_151_315_434_00015.png,2.7,2.789473684210526,0 0 0 0
d2d5f1a4-ff44-4790-bc1d-7d61350c8d0e_302face0_643_293_193_270_00001.png,2.7,2.7,0 0 0 0
629f40d7-7430-46b9-88de-aaa31c4d6093_10000625face0_764_435_247_342_00003.png,2.7,2.7,0 0 0 0
24f63532-643a-4bed-a2d1-d3453b86dc6c_2face0_377_405_369_469_00001.png,2.7,2.7,0 0 0 0
3914719c-152e-4a78-b24a-a6232eabef5b_10000749face0_292_115_165_17500001.png,2.7,2.7,0 0 0 0
0b1c0d8c-b5a1-4ea6-a797-5dd5d6d198e4_302face0_86_796_213_21700009.png,2.7,2.7,0 0 0 0
dfaf0d97-e7f1-43ff-aa09-a8cdb9eba35e_2face0_382_66_257_379_00005.png,2.7,2.7,0 0 0 0
f6c95cef-b7b9-4da8-ae66-a2885e52388b_602face0_408_195_302_408_00003.png,2.7,2.7,0 0 0 0
15235fae-0acb-4389-82b1-cf7b77356ce1_2face0_109_240_165_223_00001.png,2.7,2.7,0 0 0 0
7325ef20-768b-4b60-b89b-ca8f3fcff170_2face0_340_276_320_414_00001.png,2.7,2.7,0 0 0 0
a265992d-b73b-4591-a262-9d421658f156_302face0_536_198_322_462_00002.png,2.7,2.7,0 0 0 0
d666fd79-108a-4ab2-936c-17b04c9d21f7_2face0_164_62_333_407_00014.png,2.7,2.7,0 0 0 0
266dc8dd-3842-418e-8d5d-7a001bd3cf99_2face0_365_939_288_399_00001.png,2.7,2.7,0 0 0 0
2305e4c1-3359-4e5a-80b1-5f0df2db534b_302face0_268_210_164_17800013.png,2.7,2.7,0 0 0 0
fe8af375-6bc9-4106-b8dd-6a7ecd5f7df4_2face0_131_296_618_839_00001.png,2.7,2.7,0 0 0 0
0ae7861f-8bda-44a6-936c-88d6b3e61dc4_2face0_120_408_789_1045_00001.png,2.7,2.7,0 0 0 0
95ab4674-2875-45ca-bc22-c79356eca23f_2face0_310_328_112_11700001.png,2.7,2.7,0 0 0 0
0ee04eba-f938-4f61-bfc1-dc6eb59a810a_2face0_252_417_532_59000002.png,2.7,2.7,0 0 0 0
c917233c-6695-4320-a044-416b7222f232_302face0_452_600_295_360_00007.png,2.7,2.7,0 0 0 0
7f8b22b4-d46d-4b9c-82cf-1133d778ee63_302face0_520_681_299_355_00001.png,2.7,2.888888888888889,0 0 0 0
f3f0cfbc-245a-43e6-b938-0cc28a1ef8cf_302face0_290_319_224_310_00001.png,2.7,2.7,0 0 0 0
4dd774a1-e960-4151-994d-1ddd98b08584_10001790face0_134_457_264_333_00002.png,2.7,2.7,0 0 0 0
8d265310-47d8-4266-8bd4-e00c951ae8d8_2face0_552_148_285_29200005.png,2.7,2.7,0 0 0 0
2de8ced0-8ec1-4b6b-8b0b-a9c066dbd5a4_2face0_281_490_332_35600005.png,2.7,2.7,0 0 0 0
bf03ea6d-039b-4eac-9f19-f737b0daf42b_302face0_730_684_172_17800001.png,2.7,2.7,0 0 0 0
49331baf-48fc-4728-b9df-a8e194b9ace0_302face0_261_395_141_183_00002.png,2.7,2.7,0 0 0 0
ba0b16e8-9f2a-44e0-9f57-8afc0ea16fbd_10000488face0_403_486_291_407_00001.png,2.7,2.7,0 0 0 0
5de43ca8-72a4-4226-b56b-17526b18c7cf_2face0_494_229_488_610_00011.png,2.7,2.7,0 0 0 0
faf233fd-4641-4396-87d6-1f1fdef521ab_2face0_267_366_232_305_00001.png,2.7,2.7,0 0 0 0
e9f8fde9-56ae-4d18-b85c-34bde769b442_302face0_187_780_287_338_00003.png,2.7,2.7,0 0 0 0
d58f598c-4ca4-4f44-9d10-0b53c49bdea7_10000301face0_183_215_284_395_00003.png,2.7,2.7,0 0 0 0
d3f3fda5-8af2-4530-b420-4add4042c9cb_602face0_664_716_276_28800008.png,2.7,2.7,0 0 0 0
79f8c352-c00d-4209-b309-ea8225fef58c_602face0_270_298_280_31000005.png,2.7,2.7,0 0 0 0
2f01e47f-e6e8-4eee-acba-f32cfb044928_2face0_112_533_639_63900009.png,2.7,2.7,0 0 0 0
474b856b-d9b5-42bc-a13c-27f2176414a5_2face0_710_319_165_234_00012.png,2.7,2.7,0 0 0 0
4f500f14-9c06-454a-8865-91f40ced28f6_10001146face0_433_200_189_20600009.png,2.7,2.7,0 0 0 0
bd1355b9-5520-4599-8081-77b8371c6446_2face0_125_334_399_40100002.png,2.7,2.7,0 0 0 0
95046aa2-9818-4ab8-bc56-f3038397fa49_2face0_328_51_343_39100008.png,2.7,2.7,0 0 0 0
a627c177-f891-45ec-aec6-9db24f00f727_2face0_90_251_268_347_00002.png,2.7,2.7,0 0 0 0
51c3cef5-83b7-42df-b93d-7bbaf735d9d4_2face0_423_218_340_39200001.png,2.7,2.7,0 0 0 0
90b45307-9472-4d04-8db1-c88b8822960e_902face0_335_579_275_364_00002.png,2.7,2.789473684210526,0 0 0 0
59f243e4-f5bc-4d96-b076-7cda194f0c45_2face0_113_789_546_57900001.png,2.7,2.7,0 0 0 0
d3d392db-6d98-4bba-9ed5-1b9c9d8c99c5_2face0_245_145_593_690_00005.png,2.7,2.7,0 0 0 0
bcf91603-0e70-4f86-9dec-e20342071321_302face0_604_228_251_323_00012.png,2.7,2.7,0 0 0 0
57c4f460-11af-4a2b-a081-fd9d3aa5f765_302face0_407_440_476_49600001.png,2.7,2.7,0 0 0 0
d91de80e-5611-482f-a760-369028f0b0fc_302face0_301_433_288_405_00001.png,2.7,2.7,0 0 0 0
6ca7141c-4317-4109-a29a-7204b8e06fe7_10000289face0_269_384_341_432_00001.png,2.7,2.7,0 0 0 0
e5051cbf-2bef-4fbb-bd6d-5f11c84f88fa_2face0_110_480_359_451_00001.png,2.7,2.7,0 0 0 0
da1ddf60-599e-4306-96ee-946237593507_2face0_149_482_524_55100001.png,2.7,2.7,0 0 0 0
1e7737b5-cca8-427f-b97e-e4197c1bdbda_2face0_309_359_134_179_00001.png,2.7,2.7,0 0 0 0
fe4d69c3-8e06-4dca-ae85-9a5731a089ae_10001659face0_536_559_332_35200003.png,2.7,2.789473684210526,0 0 0 0
3c6781fa-6c2f-4acd-a1de-fdce02493cf7_302face0_87_315_162_16700001.png,2.7,2.7,0 0 0 0
3205151e-e8ee-4fc5-b634-109d27608caf_2face0_485_122_313_394_00001.png,2.7,2.7,0 0 0 0
d38d342c-e424-4763-a337-1b66b0912682_902face0_570_520_460_538_00003.png,2.7,2.7,0 0 0 0
423d66d6-d88b-4471-adf3-e73cd5ae08d1_302face0_188_367_330_37800002.png,2.7,2.7,0 0 0 0
fdcdae94-e647-46a5-bb71-a91a81d1c0fd_2face0_250_245_519_712_00001.png,2.7,2.789473684210526,0 0 0 0
6a9d992f-15dd-43e7-bc05-6a45a9d57041_1801face0_313_342_306_436_00002.png,2.75,2.75,0 0 0 0
20151075-8547-4d9b-94af-ed42e983121a_2face0_646_274_320_425_00011.png,2.75,2.75,0 0 0 0
6259b7b4-3e3e-402e-a5f1-4ff3cb5b40fe_902face0_429_587_292_405_00007.png,2.75,2.75,0 0 0 0
846fbd0e-034f-4f67-9a49-dbb419cd6c00_2face0_363_52_441_567_00003.png,2.75,2.75,0 0 0 0
39139fd3-d61e-4b74-8f00-491496acb714_2face0_197_151_154_216_00004.png,2.75,2.75,0 0 0 0
6456c487-b33f-4c64-bfb8-467f990cc5b4_902face0_390_125_436_588_00012.png,2.75,2.75,0 0 0 0
5d5e3e84-7ddc-4918-8a50-a820a2493698_2face0_507_509_217_288_00001.png,2.75,2.75,0 0 0 0
8cb68d8b-b8e0-4cb3-92ab-c3476600f288_2face0_233_193_237_320_00005.png,2.75,2.75,0 0 0 0
ef9c568b-00a1-4573-8485-8ba2b286b247_2face0_361_544_361_453_00002.png,2.75,2.75,0 0 0 0
ed29ce7b-0194-410a-84ae-298b0104b476_2face0_468_309_226_310_00001.png,2.75,2.75,0 0 0 0
004a3dbb-cb86-4d3e-925d-2509e84f6cd5_602face1_582_609_135_14800004.png,2.75,2.75,0 0 0 0
267ad436-83cd-42ff-bb9c-e27a043915f9_602face0_341_330_142_197_00002.png,2.75,2.75,0 0 0 0
4dde155b-7b2b-4ede-b8a5-da368ebd138d_302face0_295_218_487_686_00002.png,2.75,2.75,0 0 0 0
803123af-869a-4539-98f3-194aa7b4ec7e_10000204face0_238_643_184_19700001.png,2.75,2.75,0 0 0 0
f0312c0d-4d21-4526-9d95-e0882c8f3355_2face0_453_653_233_279_00001.png,2.75,2.75,0 0 0 0
f73c2861-c03f-4077-8880-b6c844a744d8_302face0_239_583_211_22600001.png,2.75,2.75,0 0 0 0
cefd93af-f694-4f75-be5c-9ff8e5ca1c16_302face0_319_459_382_497_00005.png,2.75,2.75,0 0 0 0
fbbc6912-f465-4183-83f0-8ab0680afdb0_2face0_374_385_324_36500005.png,2.75,2.75,0 0 0 0
1ff557c2-bc60-4a87-9f95-740e198d11ab_902face0_77_550_380_508_00009.png,2.75,2.75,0 0 0 0
45ad7019-bfef-439f-9904-aac475cd3aeb_302face0_329_893_217_21700011.png,2.75,2.75,0 0 0 0
7d6c2a92-3cb1-4884-bfa0-02a3bcff1a61_1202face0_77_75_247_329_00008.png,2.75,2.75,0 0 0 0
a97075cc-84a9-4df5-9426-b521f370fd64_2face0_255_87_456_649_00001.png,2.75,2.75,0 0 0 0
0599d487-3832-4ac9-bc9c-9face027efb2_10000591face0_370_426_176_234_00001.png,2.75,2.75,0 0 0 0
1c328858-0f19-403b-b42a-2e4b8df79a70_2face0_382_454_404_553_00001.png,2.75,2.75,0 0 0 0
d53c51a4-ef9f-4537-8fd4-17b97784e5ad_10000555face0_348_59_600_838_00008.png,2.75,2.75,0 0 0 0
42d84d28-39bc-48b5-b8c4-841961691c28_2face0_341_486_261_355_00001.png,2.75,2.75,0 0 0 0
48e3844b-d24e-401f-baf9-5c10aa386f5b_2face0_277_227_393_508_00002.png,2.75,2.8421052631578947,0 0 0 0
512bd2a4-4d8f-4339-aebd-0805cf9ea79b_2face0_222_504_663_74800006.png,2.75,2.75,0 0 0 0
926a62d4-264c-48fe-95a9-399400e10ee6_902face0_218_129_302_371_00004.png,2.75,2.75,0 0 0 0
fd1f6c32-97c2-4d31-82f4-3a34781a0463_10000266face0_517_388_317_425_00001.png,2.75,2.75,0 0 0 0
0a15e352-9778-4865-b8ee-5cca8ee6a5e9_2face0_288_291_267_327_00001.png,2.75,2.75,0 0 0 0
fd895ab3-56b0-493d-a600-3664efa13d18_2face0_512_490_174_19300003.png,2.75,2.75,0 0 0 0
776cb967-b2a5-4fee-8951-7a7596d5214c_10000264face0_58_496_574_66000003.png,2.75,2.75,0 0 0 0
c6428f97-9e65-4df0-86ae-f34a1a134dbc_2face0_334_260_270_355_00001.png,2.75,2.75,0 0 0 0
71aa18eb-8c6b-48b7-87f9-0bac9c7b1156_10000290face0_368_324_273_358_00008.png,2.75,2.75,0 0 0 0
473764e3-7bbd-41a4-847e-abb6bf07f7ab_302face0_424_375_341_427_00001.png,2.75,2.75,0 0 0 0
854670f4-a1be-477f-afde-ddf1914c594b_302face0_332_393_320_407_00009.png,2.75,2.8421052631578947,0 0 0 0
4f27e1c9-84e9-4780-b975-5a4057fe6e5f_10000901face0_180_370_501_677_00002.png,2.75,2.75,0 0 0 0
e69726c5-590e-4468-a127-904e6ad48476_602face0_398_377_183_19200003.png,2.75,2.75,0 0 0 0
7c46d9a1-db7e-4abc-aba6-694abcfdf379_302face0_664_863_176_227_00001.png,2.75,2.75,0 0 0 0
053620bf-0ba8-44a2-a415-2cecd25013ed_302face0_551_172_406_534_00005.png,2.75,2.75,0 0 0 0
9d15cec2-5c01-45a2-a3b0-7de75ab33e7b_302face0_254_242_217_292_00010.png,2.75,2.75,0 0 0 0
0fefb326-37c6-4892-b323-722be32366f6_602face0_564_266_236_314_00001.png,2.75,2.75,0 0 0 0
27568bc3-7e77-4dde-b2eb-d1687db4a9bd_902face0_434_416_142_183_00007.png,2.75,2.6842105263157894,0 0 0 0
68b18941-10e1-4f3f-9f7c-0d44ccf8f362_10000268face0_574_93_251_299_00002.png,2.75,2.75,0 0 0 0
2e0abca3-9af9-47c3-b113-34c05e9e8636_302face0_523_362_216_24400004.png,2.75,2.75,0 0 0 0
ec0f7c0f-18d5-4b39-8fa8-c12eb81ff864_302face0_660_509_214_266_00003.png,2.75,2.75,0 0 0 0
edf866e1-13a7-4855-9b1b-94c2cf1c5cfd_302face0_57_54_705_875_00012.png,2.75,2.75,0 0 0 0
75d1b12a-149d-4121-b7a9-51b293cedfac_302face0_405_304_111_12200001.png,2.75,2.75,0 0 0 0
c3b55c5d-1c8d-4032-b895-e3384c5f2f13_2face0_671_852_116_11700011.png,2.75,2.75,0 0 0 0
925e6449-1e10-4520-953c-9a3e6e2b4dc4_1629face0_173_414_179_249_00001.png,2.75,2.75,0 0 0 0
6388cad3-c8c6-4cc2-9a2d-f0fcdafae3fd_2face0_587_618_309_403_00001.png,2.75,2.75,0 0 0 0
a954f793-76a5-4991-86f3-3ab6f7bacf7b_2face0_215_628_438_514_00001.png,2.75,2.75,0 0 0 0
02651ff4-f3ec-4487-a414-a5f7156fb03e_2face0_406_254_176_247_00001.png,2.75,2.75,0 0 0 0
ff4077c8-4649-4057-aff4-b57f9842f49f_2face0_406_256_203_277_00001.png,2.75,2.75,0 0 0 0
e0a9c7e5-956c-41ce-b422-4ecde33ba324_2face0_393_557_268_370_00001.png,2.75,2.75,0 0 0 0
8ee274c2-9ea4-4850-9e01-4a2c1f62ac66_2face0_379_564_196_21000001.png,2.75,2.75,0 0 0 0
e58acbd1-be00-4923-b9ad-9cb71580f527_302face0_435_110_235_316_00001.png,2.75,2.75,0 0 0 0
c241b3a9-401a-4b03-bf5f-8ace564f4776_2face0_519_655_262_27900003.png,2.75,2.75,0 0 0 0
f730a580-c615-4dcf-b7a7-638fd17f7993_302face0_742_406_177_18400004.png,2.75,2.75,0 0 0 0
5da8b528-ea2e-4536-9889-7f51d2502c92_2face0_451_591_389_503_00005.png,2.75,2.75,0 0 0 0
8cfc9a44-0b85-45e8-84d2-77ca20806db8_302face0_196_279_211_22300007.png,2.75,2.75,0 0 0 0
c7ad3f6d-afad-4b49-a137-a1e595292ed2_902face0_585_447_224_307_00006.png,2.75,2.75,0 0 0 0
22fa0128-e760-492d-9692-63d0a5c818e4_302face0_366_359_392_538_00002.png,2.75,2.75,0 0 0 0
bbeafefb-47a8-4d2e-8c69-911fe1914fef_302face0_351_52_175_229_00002.png,2.75,2.75,0 0 0 0
db0a0faa-3b76-4c28-8869-208452d28b95_2face0_219_231_389_506_00012.png,2.75,2.75,0 0 0 0
72438ca2-e9e5-4f03-98e1-5c6a0ab91617_2face0_218_488_138_14600006.png,2.75,2.75,0 0 0 0
fbb2d598-9c84-48e8-98f0-131bc8d75cee_302face0_193_290_295_373_00012.png,2.75,2.75,0 0 0 0
9a79a68e-edf2-40d9-af66-1e044596887c_302face0_471_270_250_297_00005.png,2.75,2.75,0 0 0 0
a97816af-597b-4d29-b0e7-8932477479d3_10001787face0_694_1550_133_170_00001.png,2.75,2.75,0 0 0 0
a7281348-a2ff-4fa1-ab3f-cb6bf0103ebc_602face0_801_475_169_216_00001.png,2.75,2.75,0 0 0 0
ac154edf-403a-4d33-af1c-a661abbf398f_2face0_244_258_219_22800008.png,2.75,2.75,0 0 0 0
29a32026-c923-43dd-88f4-f14f65e2cc3e_302face0_299_158_198_264_00002.png,2.75,2.75,0 0 0 0
b8123694-1687-4280-813a-7506e58f60ab_302face0_89_727_428_44400012.png,2.75,2.75,0 0 0 0
7e1ea9c1-6c16-4d6d-b5a2-46064668e7ff_302face0_259_51_166_18700010.png,2.75,2.75,0 0 0 0
a376da17-9a86-4e1d-894d-44b7c0e8fd6b_302face0_127_794_684_73900001.png,2.75,2.75,0 0 0 0
b462bb52-f920-4e0e-b1c5-2b254ccbf287_302face0_425_432_250_314_00008.png,2.75,2.75,0 0 0 0
9a6d1c82-fb60-4aa5-9a7a-264300e9dad6_2face0_244_416_225_23900001.png,2.75,2.75,0 0 0 0
ec0251cb-1261-4ae0-9184-44d1b92793a2_302face0_106_193_146_16200008.png,2.75,2.75,0 0 0 0
3e2e407d-a991-49ab-8c65-8c3849b661fd_2face0_321_345_341_444_00006.png,2.75,2.75,0 0 0 0
2ae4640c-ec53-4567-9765-41acb7e2c1c0_302face0_328_439_254_338_00005.png,2.75,2.75,0 0 0 0
22d95a10-3cba-4216-a5e9-44b7c78c94db_2face0_309_87_205_24800003.png,2.75,2.75,0 0 0 0
bba01cc7-78f5-4c0a-8bda-49216b8a9ca4_302face0_207_232_182_238_00002.png,2.75,2.75,0 0 0 0
7fe35b40-bda5-4f99-ab6d-af30f6745477_2face0_412_1014_116_11700001.png,2.75,2.75,0 0 0 0
65f83d1f-f406-41ff-89ca-c4928c83835b_2face0_344_166_330_432_00005.png,2.75,2.75,0 0 0 0
3c95d57c-e260-46de-87f7-f1792fcb0424_302face0_489_555_127_172_00011.png,2.75,2.75,0 0 0 0
3401cdd6-4e8f-4ab5-bce0-f91c5286aea3_602face0_548_545_225_284_00001.png,2.75,2.75,0 0 0 0
0e2d830f-ff31-4d83-8943-45c06a90a8e4_2face0_300_131_436_553_00010.png,2.75,2.75,0 0 0 0
eb4a64c3-f743-46d6-be3c-b85c04c7913b_2face0_93_509_354_484_00001.png,2.75,2.75,0 0 0 0
f5c01747-da1b-4665-9ec1-db7d06d68db7_2face0_481_484_131_166_00007.png,2.75,2.6842105263157894,0 0 0 0
7f23c4d0-83e3-4700-ba1a-7b02711163b8_2face0_235_395_777_1030_00001.png,2.75,2.75,0 0 0 0
67d7f705-be47-413a-8aae-2a14d163be16_302face0_525_545_326_36600001.png,2.75,2.75,0 0 0 0
cb81df88-1d7d-45b1-99a4-ae77a9205b55_2face0_230_594_282_351_00001.png,2.75,2.75,0 0 0 0
c36a94e9-da38-46b2-a74e-d2c8745a121f_2face0_297_57_368_488_00006.png,2.75,2.75,0 0 0 0
08d32240-1642-4c28-a437-57b8bfbaa572_302face0_455_393_306_403_00004.png,2.75,2.75,0 0 0 0
26dbe60d-1356-4785-9a67-7a0867f81334_302face0_482_150_194_262_00002.png,2.75,2.75,0 0 0 0
8db2c077-08c4-46d9-9acd-a12c21e22c78_10000287face0_644_732_176_223_00005.png,2.75,2.75,0 0 0 0
c3364b7a-9bd6-4bef-8871-579610a11c67_2face0_168_352_331_33900001.png,2.75,2.75,0 0 0 0
04d17da9-e1ea-4cd3-beb8-cc19f4381e09_10001403face0_257_309_309_34300006.png,2.75,2.75,0 0 0 0
6c1cb99e-73e1-49d2-85fa-00d98bc958aa_2face0_149_247_380_40400001.png,2.75,2.75,0 0 0 0
1e68a96f-fb64-4ea7-b741-de0ecf809727_2face0_408_457_323_440_00003.png,2.8,2.8,0 0 0 0
66dd86a5-1685-4135-98c6-9e2985bacd2a_602face0_823_986_120_12600005.png,2.8,2.894736842105264,0 0 0 0
42c5140a-97be-4ee4-a12d-8429bcaccba4_303face1_651_634_229_310_00005.png,2.8,2.833333333333333,0 0 0 0
ab4cc069-9174-4605-9229-2590d6340785_10002701face0_162_750_226_270_00009.png,2.8,2.736842105263158,0 0 0 0
8d22887f-5c26-448b-b928-fcdb6b8c1107_2face0_109_517_795_1121_00001.png,2.8,2.8,0 0 0 0
5d9b8ae0-cde5-4c65-85ed-cf6176c4feed_302face0_147_280_471_54600005.png,2.8,2.8,0 0 0 0
be7bc838-4654-41f3-b2d4-07819654e53c_302face0_649_249_287_381_00001.png,2.8,2.8,0 0 0 0
560eae74-09af-4bad-8364-632c0ae616c1_10000175face0_583_560_317_401_00002.png,2.8,2.894736842105264,0 0 0 0
f43c1c03-5306-477f-8707-8a88988070d5_10000301face0_217_240_431_619_00001.png,2.8,2.8,0 0 0 0
77607f53-454e-4120-b4e4-229efc45c6b7_2face0_437_348_303_30400011.png,2.8,2.8,0 0 0 0
b73ad1f8-2b4c-44a0-be1f-bc1c066da4df_302face0_151_385_225_321_00003.png,2.8,2.8,0 0 0 0
5bd2eea6-a7e9-4056-b4ca-164142ccc0de_302face0_380_319_265_28600001.png,2.8,2.8,0 0 0 0
6fbed906-9c1b-4dc2-b033-6a59bcba214b_602face0_324_396_108_11700007.png,2.8,2.8,0 0 0 0
8a8e8721-d937-4dff-9a84-b7bfafdfb395_10000287face0_400_124_319_438_00007.png,2.8,2.8,0 0 0 0
c1ce5cc8-99e3-4781-8703-683dc25c03aa_2face0_313_497_340_468_00001.png,2.8,2.8,0 0 0 0
7e0c73cb-44d7-4ab3-b1aa-f1ce33be49f0_602face0_244_156_635_836_00001.png,2.8,2.8,0 0 0 0
6aeea0ea-381c-4710-94c7-22607374e2e2_1202face0_377_158_271_314_00001.png,2.8,2.8,0 0 0 0
d0eadbdb-62f2-4a5a-8c74-922aa84c17df_1202face0_121_172_319_438_00006.png,2.8,2.8,0 0 0 0
e03dfc0b-e4a7-4c15-a0de-3306bebd06fc_302face0_618_827_216_23600001.png,2.8,2.8,0 0 0 0
1098b6ad-0707-49df-9eda-f467a00ab705_602face0_162_196_263_353_00005.png,2.8,2.8,0 0 0 0
bb86d326-acbe-42e2-84a0-223ef539adb5_2face0_512_147_194_20400006.png,2.8,2.8,0 0 0 0
d9634c6c-39f9-46cc-b111-c054c7387ecb_902face0_436_634_247_28400012.png,2.8,2.8,0 0 0 0
398e274b-6e67-4647-8315-64cc579a0be4_2face0_102_211_281_362_00001.png,2.8,2.8,0 0 0 0
ae91f4b8-7afd-4c6f-aa9f-f7f57c6988c3_302face0_469_249_168_216_00003.png,2.8,2.8,0 0 0 0
13a9f428-7f78-4db1-a3bd-7f01852ae40b_2face0_123_142_200_268_00001.png,2.8,2.8,0 0 0 0
7be68ae4-a955-4c23-a28b-0861a0324973_302face0_255_380_247_318_00004.png,2.8,2.8,0 0 0 0
89be28ae-714d-4cc8-8efe-d39bf2ee603e_902face0_718_308_302_386_00001.png,2.8,2.8,0 0 0 0
3a4148f9-54d6-41a7-a03a-d0e868bf7067_2face0_453_436_366_501_00010.png,2.8,2.8,0 0 0 0
723c3819-d28c-486d-9f85-7ab92359ae52_302face0_405_373_427_530_00003.png,2.8,2.8,0 0 0 0
41dad415-6c74-40b6-a3a0-f924051f3a32_10002114face0_352_344_208_284_00003.png,2.8,2.8,0 0 0 0
c102800d-a372-4f62-8003-7c48e229e348_2face0_243_610_177_231_00007.png,2.8,2.8,0 0 0 0
f94a4552-aa84-4674-b783-0f829b5b2094_2face0_317_554_239_286_00001.png,2.8,2.8,0 0 0 0
18de9479-899e-4838-8eba-ec794d9c0ad5_2face0_256_589_212_20900003.png,2.8,2.8,0 0 0 0
1b8acf8a-91b8-449c-9769-3eea8886f957_2face0_370_704_362_471_00001.png,2.8,2.736842105263158,0 0 0 0
a22a32fd-25ac-46c1-be8b-0a0e184484d7_2face0_278_101_168_19300006.png,2.8,2.8,0 0 0 0
31fdcd46-540e-4bb1-a616-806806487771_2face1_714_753_273_27800001.png,2.8,2.8,0 0 0 0
fd70141f-5509-4946-b816-06bc881e0599_2face0_506_448_295_381_00001.png,2.8,2.8,0 0 0 0
60642f3f-f08c-4ef7-9607-2f6d91fdd209_2face0_813_474_170_236_00004.png,2.8,2.8,0 0 0 0
e048ef88-ab39-47f2-86f3-1e4a1abbc197_2face0_170_443_680_913_00001.png,2.8,2.8,0 0 0 0
9f02fe2a-0b07-4085-9645-2c8f2b35195c_602face0_512_506_148_15400001.png,2.8,2.8,0 0 0 0
689288e1-91dd-4da9-aed2-fedcd65aa8e6_302face0_174_464_327_34900002.png,2.8,2.8,0 0 0 0
8972b40e-34b0-4b9c-8832-7c4dff9fce00_602face0_213_82_207_266_00001.png,2.8,2.8,0 0 0 0
4c476f55-9b59-49ce-9ad2-b3a950b72d70_302face0_57_104_403_514_00001.png,2.8,2.8,0 0 0 0
fa448a82-3bf3-4c52-b165-bbc178b738eb_2face0_153_795_518_54700002.png,2.8,2.8,0 0 0 0
441cd68e-15c8-4dff-9dbd-4a95ba91e94b_2face0_70_113_218_25300001.png,2.8,2.8,0 0 0 0
f339a181-dffd-461d-90f7-8e6b1cd14833_3660face0_298_60_140_186_00008.png,2.8,2.8,0 0 0 0
a15636ab-2d28-48d4-9961-38613e2b0ce6_602face0_300_275_203_271_00005.png,2.8,2.8,0 0 0 0
fce2024b-9663-4d03-9a50-ed2448983afc_302face0_394_263_169_225_00003.png,2.8,2.8,0 0 0 0
899f3653-c6af-4760-87d2-441256ae1485_1801face0_350_540_251_362_00004.png,2.8,2.8,0 0 0 0
d0f7d4c4-a327-4be2-8014-ea13318c6894_2face0_416_256_348_471_00001.png,2.8,2.8,0 0 0 0
601851a9-0da0-405b-a4a3-2b4609155f7b_2face0_549_179_343_464_00011.png,2.8,2.8,0 0 0 0
61fa36e9-3de9-4ec0-a3be-8495f99be412_2face0_676_686_197_246_00001.png,2.8,2.8,0 0 0 0
1460bf51-0cde-4cea-98d9-e0d3f1041fb3_2face0_109_156_383_516_00004.png,2.8,2.8,0 0 0 0
48a7234b-4bd2-4f58-94a9-492b43579db9_2face0_54_310_498_666_00003.png,2.8,2.8,0 0 0 0
0fd3201c-da9a-4def-a5d2-22681b59b69b_602face0_552_380_196_23500001.png,2.8,2.8,0 0 0 0
8ecbafc1-b006-453a-9803-bdce9ab109f1_2face0_482_607_163_210_00003.png,2.8,2.8,0 0 0 0
e235e0b7-0bf1-42e4-9678-0e4dad08ce1b_1801face0_131_577_474_588_00001.png,2.8,2.8,0 0 0 0
735f5c59-685e-45a8-a5af-8f8ac72f710b_2face0_550_613_155_199_00003.png,2.8,2.8,0 0 0 0
1642b4a5-5b6a-4436-a2df-891d7be97346_2face0_387_234_114_12000010.png,2.8,2.8,0 0 0 0
bfab075a-964b-4cee-8712-26991a50e5ca_2face0_602_515_172_220_00006.png,2.8,2.8,0 0 0 0
f3fdede2-345d-4bbc-bbe5-d52a2051159e_10000119face0_306_288_327_440_00012.png,2.8,2.8,0 0 0 0
37dd02c7-6f16-42b3-a9bc-22b2fc0af49b_10000027face0_256_293_382_503_00001.png,2.8,2.8,0 0 0 0
8a63feca-14a1-4a66-b645-f11946d17d4f_2face0_618_145_385_484_00009.png,2.8,2.8,0 0 0 0
57627ab5-ea02-490a-9f56-de006a9caf46_902face0_444_239_306_425_00002.png,2.8,2.8,0 0 0 0
ff962173-65f8-4b44-8d22-f975e90d9c60_2face0_321_200_362_479_00002.png,2.8,2.8,0 0 0 0
4b4c9205-0bdd-4ae2-85f2-c7bbdd37aa7f_2face0_233_650_607_67700012.png,2.8,2.8,0 0 0 0
66ed874e-b13e-436e-a830-a98c0ec8c16a_302face0_149_158_179_233_00006.png,2.8,2.8,0 0 0 0
5feb1b70-d44d-4f13-8ad3-09a27f479dea_2face0_442_344_399_518_00008.png,2.8,2.8,0 0 0 0
b895e2dd-7938-4e7c-b4d3-0be7f5210c16_302face0_399_116_240_382_00004.png,2.8,2.8,0 0 0 0
a5c47fe8-86d4-47c2-943a-c4ecdd9524ff_2face0_859_424_155_212_00002.png,2.8,2.6666666666666665,0 0 0 0
7d314d99-1041-48c5-8c27-1c6e279ef395_902face0_325_92_391_42100011.png,2.8,2.8,0 0 0 0
9765f3c1-38f4-4ec6-b25e-1facf95a2881_2face0_257_323_226_308_00010.png,2.8,2.8,0 0 0 0
8d499186-de99-449c-9a6e-093367095a17_2face0_183_436_201_240_00001.png,2.8,2.8,0 0 0 0
f083f916-0dfa-42e6-b2cc-f3db7ceafda9_2face0_508_563_205_23200007.png,2.8,2.8,0 0 0 0
2170195b-1935-464c-a03f-e5deba1eb45a_1502face0_823_590_111_11700001.png,2.8,2.8,0 0 0 0
a08880b7-f89a-4834-833a-b86a41bd3e98_302face0_356_387_416_43000001.png,2.8,2.8,0 0 0 0
60580ba3-7650-403e-8bcc-bd0886add776_302face0_501_53_295_416_00006.png,2.8,2.8,0 0 0 0
206ebed9-8d50-47ad-9243-c4f1231a18cd_302face0_54_443_481_627_00001.png,2.85,2.85,0 0 0 0
78100c1d-52c2-4863-b16c-6f12c6337be5_10000001face0_262_201_532_691_00001.png,2.85,2.85,0 0 0 0
6c044264-55cb-4a74-a480-a8c3fb01be51_902face0_509_586_145_188_00001.png,2.85,2.85,0 0 0 0
edd76ad8-84d3-40ea-ad5c-0bcd53426ba9_302face0_281_236_257_377_00007.png,2.85,2.789473684210526,0 0 0 0
751c80f2-2b48-4679-9137-d58b40049466_602face0_395_711_148_196_00001.png,2.85,2.85,0 0 0 0
295d337d-9fed-41d9-a8b0-ced27cf259af_602face0_369_558_243_329_00011.png,2.85,2.85,0 0 0 0
373154ad-0005-4004-a6b9-0419534e2db2_2face0_354_109_289_390_00007.png,2.85,2.85,0 0 0 0
4b890ab4-e3cf-4120-b5ff-6352e054a030_2face0_269_497_301_412_00001.png,2.85,2.85,0 0 0 0
2bd3692b-5e8d-4a2e-ae63-0d9c89843a40_2face0_482_297_211_264_00010.png,2.85,2.85,0 0 0 0
33cb3e7e-e56a-470f-ac86-a53f65b063ca_2face0_106_259_569_684_00010.png,2.85,2.85,0 0 0 0
d14c05e4-03ec-473e-906c-c0f6e75bc38f_2face0_477_640_249_314_00001.png,2.85,2.85,0 0 0 0
8589938d-c677-4646-a8e3-af56059131bd_302face0_435_279_218_294_00001.png,2.85,2.85,0 0 0 0
a87ba33d-b89a-4cb4-a858-bff607af2cec_10000267face0_785_1434_168_17500001.png,2.85,2.85,0 0 0 0
6ce35894-c6f0-41c6-8a80-b5028277c0df_2face0_279_544_567_754_00001.png,2.85,2.85,0 0 0 0
e996e8d6-50fb-4619-bebb-62819d0ae9bb_302face0_696_442_193_255_00006.png,2.85,2.85,0 0 0 0
2cfecc5b-afef-4d2c-9c0a-d48dabe21784_2face0_202_159_420_529_00002.png,2.85,2.789473684210526,0 0 0 0
57fbfc1d-d18e-4aaa-afbc-fed737ed1605_1584face0_374_407_233_308_00005.png,2.85,2.85,0 0 0 0
40e6ca53-27ea-4a2a-a127-f0394cc6b462_2face0_363_715_438_586_00003.png,2.85,2.85,0 0 0 0
88e5bbbf-6fad-4041-bdc9-576cd13ec2f2_10000032face0_297_68_237_305_00003.png,2.85,2.7222222222222223,0 0 0 0
566f7fc2-bd20-4aa6-9b0a-836be88979b7_2face0_488_575_415_547_00001.png,2.85,2.85,0 0 0 0
b07db79b-2ab1-4269-ae09-b9a7f8a1a6e2_902face0_358_205_330_421_00009.png,2.85,2.85,0 0 0 0
d7ba1a53-7c00-4959-9690-9178348930e4_2face0_442_489_240_301_00001.png,2.85,2.85,0 0 0 0
82785e77-1698-48ff-88d5-67b035542d15_302face0_139_215_267_325_00002.png,2.85,2.85,0 0 0 0
15ceb02d-4d86-4bb9-9f8e-901fd82934ae_302face0_79_272_448_625_00009.png,2.85,2.85,0 0 0 0
e3a9c6ed-c8be-424d-901a-5ea74fe7d56b_302face0_300_239_366_495_00001.png,2.85,2.9473684210526314,0 0 0 0
10048ae6-2107-4744-a338-35a4473cee67_302face0_73_80_393_41300005.png,2.85,2.85,0 0 0 0
35451be6-296c-403e-b5ba-95c5630d3ef6_2face0_280_363_168_227_00001.png,2.85,2.85,0 0 0 0
85f655b7-20b8-4a38-b78c-e3bf2ed785e2_602face0_535_183_343_477_00001.png,2.85,2.85,0 0 0 0
37465bb2-5113-42dd-b11a-c7b1a61d42bb_302face0_576_402_205_22700011.png,2.85,2.85,0 0 0 0
69f57336-456d-462e-ac97-d131f0d685e0_2face0_605_234_229_25600008.png,2.85,2.85,0 0 0 0
407c4c2f-e003-4089-b3ef-ee6f9b9c533a_302face0_83_407_495_623_00001.png,2.85,2.85,0 0 0 0
34880b70-0890-4b37-9b41-6af221bc8e79_302face0_474_454_172_234_00001.png,2.85,2.85,0 0 0 0
b91ddb08-2bee-4878-934a-8e09a35f19f0_2face0_712_554_152_223_00007.png,2.85,2.85,0 0 0 0
f693fe0d-d065-4790-9066-09335acf4ae2_302face0_107_126_260_329_00010.png,2.85,2.85,0 0 0 0
09246bf1-bdee-4659-98ad-300e3563cc2e_2face0_377_235_425_575_00001.png,2.85,2.85,0 0 0 0
f5500b64-df11-485f-a7d8-0c95d6d66afb_302face0_632_544_368_479_00003.png,2.85,2.85,0 0 0 0
c4b00b54-912e-4b5c-bc21-acd195f556ae_2face0_308_255_183_220_00007.png,2.85,2.85,0 0 0 0
9b755b12-2b4e-417b-a999-f730d40a2d45_2face0_643_560_130_170_00012.png,2.85,2.85,0 0 0 0
0351b9af-c338-49d8-a98f-c2200e5ad539_10000812face0_226_189_176_19200008.png,2.85,2.85,0 0 0 0
d8159f42-8936-4cbe-8a32-35a6311f5f6e_302face0_626_580_383_499_00004.png,2.85,2.85,0 0 0 0
febcef0d-84c1-4e4b-b23a-b14b2a11ee7c_2face0_404_589_233_273_00001.png,2.85,2.85,0 0 0 0
c6804ba7-f34a-4bdf-83ef-0e2a2aec32a2_10000599face0_575_603_303_31500001.png,2.85,2.85,0 0 0 0
3ad66128-00a4-4523-bd7b-442e1fd33c2f_602face0_76_371_596_758_00001.png,2.85,2.85,0 0 0 0
580e98ac-116a-481e-a8ad-2d886ed16458_10000021face0_274_348_177_19700001.png,2.85,2.85,0 0 0 0
1ce31a36-ac1c-421a-a065-163a9978e31f_302face0_445_229_131_185_00003.png,2.85,2.85,0 0 0 0
54bdca2e-749b-48dd-81d7-3ed7fc8f25f5_2face0_272_396_392_514_00001.png,2.85,2.85,0 0 0 0
0cf03847-cb33-4d7d-a9fe-6ba280403406_2face0_175_87_428_577_00001.png,2.85,2.85,0 0 0 0
1fae719b-f1cf-4efc-b49c-fa31287855c2_1502face0_396_122_154_201_00001.png,2.85,2.85,0 0 0 0
6f19b20a-eb8d-456d-8528-7762bff4f2a9_10000336face0_119_154_352_482_00002.png,2.85,2.85,0 0 0 0
fe66a396-e7b5-41f3-804e-58fd750e8bbd_10001423face0_238_230_236_318_00003.png,2.85,2.85,0 0 0 0
6be7a0e3-460e-487a-9fdf-0c020e643f47_302face0_57_246_196_249_00001.png,2.85,2.85,0 0 0 0
974fe4d7-1f78-4cd1-a181-852c77031471_302face1_235_742_302_416_00001.png,2.85,2.85,0 0 0 0
f1384b36-f8c6-468f-8c29-bfb3c0b5685e_1502face0_306_312_394_484_00001.png,2.85,2.85,0 0 0 0
bd4d0d70-d431-4a90-8772-1e3888457598_302face0_522_170_217_24000001.png,2.85,2.85,0 0 0 0
e0579c02-5c34-46ee-b902-70bdf4bfc6fb_302face0_310_541_393_508_00003.png,2.85,2.85,0 0 0 0
5f6ee12c-0d77-40c0-977d-fbac535923a7_10003349face0_61_777_830_90200004.png,2.85,2.85,0 0 0 0
400ff3dc-453a-4011-955b-5c60611b510e_10000147face0_446_725_138_197_00001.png,2.85,2.85,0 0 0 0
28e39266-d888-4415-ab78-8bb7d23d36a8_2face0_308_747_350_438_00001.png,2.85,2.85,0 0 0 0
b1737653-dd94-490f-9596-9b137aea4a53_2face0_50_483_408_530_00002.png,2.85,2.85,0 0 0 0
c94c14c8-74ad-4726-839b-1f79e31a35f6_1202face0_274_1081_205_223_00008.png,2.85,2.85,0 0 0 0
a711604f-b58f-4b36-bf4f-508ee10274e0_2face0_439_329_401_519_00004.png,2.85,2.85,0 0 0 0
4d15dafc-ffa4-46dc-8108-7ad78de9daca_2face0_555_784_148_15200011.png,2.85,2.85,0 0 0 0
fcdeeb3d-3539-42b2-be78-f832265b5954_2face0_188_159_477_50300001.png,2.85,2.85,0 0 0 0
9aaa4781-096b-4f83-b87e-1112849ad46d_10000134face0_173_633_140_179_00003.png,2.85,2.85,0 0 0 0
294ceea6-3c68-4292-a579-4303ec51e7ef_2face0_283_176_222_279_00006.png,2.85,2.85,0 0 0 0
434dd3a9-9910-46f8-a6af-25600d6e438a_2face0_50_408_542_59400005.png,2.85,2.85,0 0 0 0
9113010f-3768-40a2-9086-a700b1d6a3dc_902face0_255_578_554_58300004.png,2.85,2.85,0 0 0 0
b293f966-c8e8-47ba-8c52-43a9494d56c6_302face0_182_260_221_281_00001.png,2.85,2.85,0 0 0 0
14dba742-b337-4c47-8643-1fc2f8e54c65_302face0_665_380_198_266_00001.png,2.85,2.85,0 0 0 0
f56910a0-0b67-43e1-beb7-e89b779dc3eb_2face0_526_143_153_17800001.png,2.85,2.85,0 0 0 0
90d3a2d3-d465-4264-8b76-659a0aca4a97_302face0_100_369_262_27400001.png,2.85,2.85,0 0 0 0
54b9fce6-7750-47ce-b0d8-45b843b82d7f_302face0_256_154_211_271_00008.png,2.85,2.85,0 0 0 0
ec39839e-6932-4609-8634-9bc5db209f81_2face0_488_339_326_34400001.png,2.85,2.85,0 0 0 0
c5c5e6a9-0876-4931-8b80-b04196ac38fb_10000307face0_254_467_200_244_00009.png,2.85,2.85,0 0 0 0
9c82b8ca-5856-4e9c-b458-37f1a752f1c1_1202face0_298_156_196_262_00001.png,2.85,2.85,0 0 0 0
1f5ca7f6-24d2-4e52-bc09-4650261a0002_2face0_414_589_182_242_00001.png,2.85,2.85,0 0 0 0
7d8a3ab5-a3db-4fc8-845b-b86a78ab6a43_2face0_181_291_281_340_00001.png,2.85,2.85,0 0 0 0
dddee637-9c41-4150-9b9a-ca228cd3f251_2face0_125_142_674_67600007.png,2.85,2.85,0 0 0 0
77dabdc9-cb58-47f1-b34d-a92e3a157d5d_2face0_608_534_242_26100001.png,2.85,2.85,0 0 0 0
4811b208-2d60-4363-9d06-67c92c306c74_2face0_296_753_609_64600008.png,2.85,2.85,0 0 0 0
f123e391-d6c1-42a6-af92-4dda591290f4_2face0_214_287_553_57400001.png,2.85,2.85,0 0 0 0
fcc99d2b-e167-4f6b-8982-9a01079aded3_2face0_370_434_457_545_00007.png,2.85,2.85,0 0 0 0
b85216ed-d168-44bb-a276-7ebbf951b660_2face0_79_359_450_49900004.png,2.85,2.85,0 0 0 0
e30d12ac-0c13-4bda-be53-3d4cee09012a_2face0_318_490_170_210_00004.png,2.85,2.85,0 0 0 0
e9f4e0f0-7f88-487b-99f5-cca1a0d4685d_2face0_409_834_246_26100005.png,2.85,2.85,0 0 0 0
5c24634e-1048-4a7a-89d5-eeb67c3d34b2_302face0_535_391_201_257_00001.png,2.85,2.85,0 0 0 0
3844df30-aa74-49da-89ff-7bf3d9a8cacb_2face0_64_357_577_64300003.png,2.85,2.85,0 0 0 0
a51c86b3-2897-430f-b85a-dc80f3e00d78_2face0_373_412_275_360_00005.png,2.85,2.85,0 0 0 0
a666a657-01eb-4a30-a2c2-29d6eb4495b8_302face0_158_146_196_264_00007.png,2.85,2.85,0 0 0 0
3ad6ee04-9d02-46a5-809d-b169220d1106_2face0_233_491_585_751_00001.png,2.85,2.85,0 0 0 0
b2439741-3705-40cc-bbf0-c8aac06a4100_2face0_216_223_760_991_00004.png,2.85,2.85,0 0 0 0
2764330f-343f-4721-ba7e-400a7b0dd48e_2face0_594_961_214_24300011.png,2.85,2.789473684210526,0 0 0 0
f62035ab-7ed6-4ad3-9874-82b5243a9930_302face0_412_378_309_403_00003.png,2.85,2.85,0 0 0 0
788c1766-07d9-44ac-9bc7-bf14ee637643_302face0_206_325_248_25000001.png,2.85,2.85,0 0 0 0
56042c98-9ad5-45c5-a6aa-ee1b73262292_10000299face0_277_202_275_371_00004.png,2.85,2.85,0 0 0 0
82fc986c-600e-44f0-97ee-d359b41c5731_602face0_475_508_235_294_00007.png,2.85,2.85,0 0 0 0
9b7f10d7-2422-4ffd-8949-e41632f8a2dd_302face0_302_162_141_15400001.png,2.85,2.85,0 0 0 0
3cc420e6-41e2-4396-a7d1-4dea458e4e39_10000184face0_393_728_609_64600010.png,2.85,2.85,0 0 0 0
97952b6c-6a62-4547-9258-d0479bcdeade_602face0_591_153_418_553_00002.png,2.85,2.85,0 0 0 0
7820ca7d-cb6a-4360-a927-4be46c3f6145_2face0_260_343_141_190_00002.png,2.85,2.85,0 0 0 0
81912dd7-f8ea-4c04-8ba2-dc9054f3c4f1_2face0_196_478_411_47800001.png,2.85,2.85,0 0 0 0
6068b5d2-93d3-4f82-8dfd-9229ee59f7cc_2face0_660_466_274_360_00006.png,2.85,2.85,0 0 0 0
f4f13f3a-b66f-422f-aec2-0ac91a065166_2face0_390_471_291_379_00012.png,2.85,2.85,0 0 0 0
6858c4d8-659c-423f-9c4d-75d31721eb6b_2face0_454_165_271_31000001.png,2.85,2.85,0 0 0 0
f84003f4-1ced-44e6-a9c0-4dc7282a17ac_2face0_225_710_200_244_00008.png,2.85,2.85,0 0 0 0
cfaf9784-858d-49fd-95f6-c6d063530162_2face0_554_391_291_377_00009.png,2.9,2.9,0 0 0 0
2fa81404-eb58-41c5-b5b7-7c3cb7a44dab_302face0_687_1177_145_16100001.png,2.9,2.9,0 0 0 0
ba6e2939-64b0-4733-8d2b-26f0cfb87fd2_2face0_108_439_538_60300005.png,2.9,2.9,0 0 0 0
dfb456a8-2162-44ae-acd8-678b7e20f2ac_2face0_263_432_230_283_00003.png,2.9,2.9,0 0 0 0
8d09cf14-f87a-475c-8ddb-b6bbebb640f4_2701face0_592_605_307_31300001.png,2.9,2.9,0 0 0 0
1c793914-f075-4d3d-889e-614ecf8fe53d_1202face0_490_215_463_48300001.png,2.9,2.9,0 0 0 0
cda60c5e-5f03-464f-9348-9fa3b5774950_2face0_284_204_175_19500002.png,2.9,2.9,0 0 0 0
42f44efd-271d-4a50-b14a-0f4ef5181008_2face0_429_342_312_405_00008.png,2.9,2.9,0 0 0 0
f7dc6dac-7062-4f57-a154-da6ab55d821c_2face0_51_142_198_259_00004.png,2.9,2.9,0 0 0 0
a7c01c93-edc5-4174-b2da-1f9789d423cb_2face0_479_268_324_445_00002.png,2.9,2.9,0 0 0 0
cd87652d-33cf-4afb-8194-f133583ff7b2_3601face0_333_538_202_22700001.png,2.9,2.9,0 0 0 0
ad80e202-7a85-4430-a2db-3155b36365a8_302face0_566_279_215_281_00004.png,2.9,2.9,0 0 0 0
8e0ce0ad-ba71-4871-b4eb-c2de6cbbd232_2face0_405_503_284_373_00001.png,2.9,2.9,0 0 0 0
ee7a44a9-e1f5-4300-8e15-c6a417ab76a6_2face0_324_141_323_447_00002.png,2.9,2.9,0 0 0 0
e6a8911e-b1f2-4a39-a18f-b49c24ea9588_302face0_505_65_329_419_00010.png,2.9,2.9,0 0 0 0
19b9f2fd-1614-4a0c-ad6e-e40c9880cce3_10000720face0_89_289_188_20500010.png,2.9,2.9,0 0 0 0
cec6e97d-8da0-4d58-82e0-4125a9730f45_2face0_388_110_410_525_00003.png,2.9,2.9,0 0 0 0
76b1a2c8-2243-4b45-b93e-d5aff0bb55b8_602face0_258_240_182_229_00002.png,2.9,2.9,0 0 0 0
46837dd8-7497-4082-86d1-429d84c3e484_10000442face0_319_72_198_262_00008.png,2.9,2.9,0 0 0 0
bff62283-654d-4875-9d7e-7ea80a1972be_2face0_222_876_502_53400004.png,2.9,2.9,0 0 0 0
bb3c73aa-dfb3-43d2-ad35-6e536200f9da_2face0_313_357_442_577_00001.png,2.9,2.9,0 0 0 0
f43bbd73-2eb5-49e8-8cf4-c313df07b132_2face0_407_181_312_407_00001.png,2.9,2.9,0 0 0 0
b228c8f3-6fa4-4ffa-8359-2b698f7c059c_10000648face0_362_306_183_238_00001.png,2.9,2.9,0 0 0 0
155dfa97-ffc9-46ac-a8cf-133396550b56_2face0_764_255_249_344_00011.png,2.9,2.9,0 0 0 0
cd3e5d7b-ae71-41e1-b1d6-9511fbadb456_902face0_360_568_117_11800004.png,2.9,2.9,0 0 0 0
600a573a-a543-44ba-b9fb-a7f537ad4279_2face0_421_283_567_747_00002.png,2.9,2.9,0 0 0 0
3bf163df-792e-49a0-baca-64e8f83b104a_2face0_290_793_252_25800001.png,2.9,2.9,0 0 0 0
d7134500-843d-47a9-8f8e-028d30fde020_302face0_320_748_165_201_00001.png,2.9,2.9,0 0 0 0
580112cf-b7e9-437b-a4ea-94a03ba866dc_302face0_307_441_160_17400003.png,2.9,2.9,0 0 0 0
5cead323-550a-4d0b-ba90-3b42372a912b_2face0_62_443_355_475_00004.png,2.9,2.9,0 0 0 0
f1f13158-132c-4bc8-a764-4109b4561133_302face0_458_65_473_604_00004.png,2.9,2.9,0 0 0 0
dcbd1d34-9f37-463f-87d6-1b6646fa956c_2face0_99_675_236_303_00006.png,2.9,2.9,0 0 0 0
8f5779c1-8018-466b-9050-0387ea5578ff_2face0_443_422_442_536_00009.png,2.9,2.9,0 0 0 0
5da7f9ac-3f4c-4ff1-ad5e-eadce638fb5c_2face0_406_198_410_46800001.png,2.9,2.9,0 0 0 0
2596ab3e-6496-43ca-bdb6-cd67af07a71a_2face0_269_313_753_1028_00001.png,2.9,2.9,0 0 0 0
76f9ab95-f900-4107-8550-1f2bf3650c5e_2face0_127_325_662_74400008.png,2.9,2.9,0 0 0 0
403283b7-39e3-4418-8201-5715a83f0474_2face0_351_782_126_13200010.png,2.9,2.9,0 0 0 0
45f18899-b4ce-4247-a778-56ac8f44777b_2face0_66_463_722_80000001.png,2.9,2.9,0 0 0 0
66857210-209c-4887-9991-d1191989a0cf_302face0_212_288_243_310_00003.png,2.9,2.9,0 0 0 0
8df24fa7-340d-4bba-9b1c-4f1646a46018_2face0_213_443_568_59600001.png,2.9,2.9,0 0 0 0
75d55ebc-5d68-4789-a82b-d13950ff1adf_302face0_396_517_189_244_00006.png,2.9,2.9,0 0 0 0
6f224daa-475d-445b-b905-195ae41835d8_602face0_232_229_147_17100001.png,2.9,2.9,0 0 0 0
d6276a4f-5572-4ebc-b375-76d74078c560_2401face0_401_121_338_451_00001.png,2.9,2.9,0 0 0 0
06cffd9b-0b81-4ef7-9e38-dba15038449b_602face0_179_640_436_555_00001.png,2.9,2.9,0 0 0 0
bdb4000d-5045-4081-af5e-e9fa43069d28_302face0_55_241_743_871_00003.png,2.9,2.9,0 0 0 0
33260968-0b0d-4ac8-9370-8be6ff009b5d_2face0_77_305_779_984_00009.png,2.9,2.9,0 0 0 0
ef0ddfe5-c55a-4f88-8423-8569eeb216ae_2face0_261_332_325_33000011.png,2.9,2.9,0 0 0 0
50ad568a-d99d-49e9-bf67-db0f589d7a16_302face0_333_204_382_464_00004.png,2.9,2.9,0 0 0 0
37dddde7-9de3-43f3-83be-79fdabf401a6_10000601face0_394_413_308_390_00002.png,2.9,2.9,0 0 0 0
22b93063-99ee-4337-b56f-13ef6ffa2e4c_602face0_556_64_387_44300001.png,2.9,2.9,0 0 0 0
16923549-085b-4f66-a85e-7b7511450b23_902face0_451_539_179_225_00006.png,2.9,2.9,0 0 0 0
ef60d10a-040c-4b74-95ec-963b5cb170f7_2face0_549_456_235_290_00012.png,2.9,2.9,0 0 0 0
2b3424dd-b21f-497c-af04-4ff7344f0b79_2face0_288_705_220_23100002.png,2.9,2.9,0 0 0 0
39b0fb24-fa61-4142-84db-e509f4a87832_302face0_83_166_207_288_00004.png,2.9,2.9,0 0 0 0
49926c0e-7665-4152-a22c-2208d96dfdb4_2face0_202_610_295_31200001.png,2.9,2.9,0 0 0 0
7fcd3d24-f9a6-495c-a1bd-eece64bb0551_2face0_264_93_480_658_00003.png,2.9,2.9,0 0 0 0
dc1c84bb-6717-459a-aa6f-e473e5bc1701_302face0_119_148_271_355_00001.png,2.9,2.9,0 0 0 0
0567284c-5774-4881-ad30-75c4eb5b26bd_10000343face0_507_303_250_316_00012.png,2.9,2.9,0 0 0 0
a54f1730-a435-4a76-9674-9e14f3bd470e_302face0_294_391_315_386_00002.png,2.9,2.9,0 0 0 0
937161be-542a-451f-889a-84f5ffad88c0_10001792face0_290_547_309_408_00001.png,2.9,2.9,0 0 0 0
bb11f1b1-6d01-4ec0-b594-f6e416681ccd_2face0_311_1004_411_42300004.png,2.9,2.9,0 0 0 0
aa623c3c-c12f-4951-ace8-444c08b88afa_302face0_354_353_251_318_00010.png,2.9,2.9,0 0 0 0
5d6eb68c-fd92-4a0a-b142-d364abf768e2_2face0_507_117_464_623_00002.png,2.9,2.9,0 0 0 0
dfdb5186-cf63-4287-9532-b2d7c0d1a68c_2face0_61_252_436_46900007.png,2.9,2.9,0 0 0 0
65c224a5-12a4-4c1a-8a4b-f24eb3a30b01_2face0_194_418_477_50000002.png,2.9,2.9,0 0 0 0
c1fca5ac-79d7-46c8-b3e6-5e4de923ac31_2face0_507_579_138_166_00001.png,2.9,2.9,0 0 0 0
4b4fc31b-591d-4626-adf8-e0ef18d95610_10000596face0_581_476_177_229_00003.png,2.9,2.9,0 0 0 0
c3f69fb4-4283-4685-b081-66f57574eb48_902face0_345_370_151_196_00005.png,2.9,2.9,0 0 0 0
df4696a0-a792-4881-8762-ba972890f287_2face0_382_195_264_344_00001.png,2.9,2.9,0 0 0 0
e65510cb-5305-4e3b-8f89-7158f01d4df1_902face0_277_109_420_597_00004.png,2.9,2.9,0 0 0 0
929fb030-ffd6-4cbe-829b-ff574ac94a2e_10000279face0_81_176_282_32700002.png,2.9,2.9,0 0 0 0
1988c6d8-2771-40e8-ae33-c40e25c94c4e_302face0_307_325_128_177_00008.png,2.9,2.9,0 0 0 0
1fbd1c51-de6d-4603-954d-f8720df5ddb6_10001038face0_454_448_158_209_00005.png,2.9,2.9,0 0 0 0
7d888333-a64f-4108-a489-51f2d344369e_10000001face0_297_297_693_904_00002.png,2.9,2.9,0 0 0 0
e76627a0-f727-4963-a4ba-652ce1da42a3_2face0_349_319_320_408_00002.png,2.9,2.9,0 0 0 0
5e71dbd7-233c-4deb-9496-dbf1f56e3dff_602face0_106_184_236_310_00001.png,2.9,2.8421052631578947,0 0 0 0
2a741070-2f7d-4fe9-817e-5f6d0a23207d_2face0_117_497_244_325_00001.png,2.9,2.9,0 0 0 0
c1b6b077-be5f-4f66-ad9e-6a4d006cc856_10000299face0_244_206_747_876_00008.png,2.9,2.9,0 0 0 0
157434d9-c258-4aa3-8a1a-4f1c037f8091_2face0_267_383_115_13200002.png,2.9,2.9,0 0 0 0
760b7f3d-33ca-42fc-89c4-0971d095bed0_2face0_279_328_215_268_00010.png,2.9,2.9,0 0 0 0
d88e817f-b1cc-464e-a69e-ea57e7cc50c8_302face0_242_480_194_20400009.png,2.9,2.9,0 0 0 0
c06ef5ab-1d81-4f52-86fe-3693a5319768_302face0_320_423_154_197_00003.png,2.9,2.9,0 0 0 0
1c3758c8-d3d3-4be3-9378-d52c932e1b90_302face0_287_784_208_271_00003.png,2.9,2.9,0 0 0 0
de73b36c-419c-44cf-9d31-6ec8bc2038e6_602face0_326_206_326_37500011.png,2.9,2.9,0 0 0 0
0b5e9f28-c79b-4258-8e02-8a29e32a3bc8_302face0_633_320_212_259_00012.png,2.9,2.9,0 0 0 0
d794b57e-8b6a-468a-94c3-ff5194cbf897_302face0_401_597_253_340_00003.png,2.9,2.9,0 0 0 0
a7fc9993-9a93-421e-a154-0b65cb5653d1_602face0_341_127_322_419_00001.png,2.9,2.9,0 0 0 0
2f351537-3b8e-40a0-93f2-7f6a1ecabc60_2face0_247_163_350_40000007.png,2.9,2.9,0 0 0 0
24526bfb-ad49-48d9-af3f-7f80192aead2_2face0_155_212_400_495_00004.png,2.9,2.9,0 0 0 0
8de7c10e-b17e-43b0-ad2f-fd6da3370b0e_2face0_344_501_288_384_00006.png,2.9,2.9,0 0 0 0
dad005be-a760-4da2-b754-a2a230408624_602face1_413_380_198_249_00009.png,2.9,2.9,0 0 0 0
dde66eab-31ac-4f2f-ba78-ce581b07b814_10000496face0_192_183_189_19700006.png,2.9,2.9,0 0 0 0
553a4c1c-82dd-4e77-ad6f-f4710195f13c_10000818face0_110_315_130_14300004.png,2.9,2.9,0 0 0 0
c78ec346-dd67-4d2a-8d60-474a0b88c217_302face0_547_57_341_460_00004.png,2.9,2.9,0 0 0 0
79e1346c-1c93-44d7-9169-a1e32330778f_2face0_490_704_301_401_00003.png,2.9,2.9,0 0 0 0
12729525-cf91-4714-9044-03888e6d69fe_10001837face0_70_447_547_725_00003.png,2.9,2.9,0 0 0 0
db1cd475-295b-4b6b-b9da-658e93d311cd_902face0_310_171_357_469_00001.png,2.9,2.9,0 0 0 0
0ee98abe-5258-49cb-ae52-df3ec92bebe9_602face0_512_454_378_493_00006.png,2.9,2.9,0 0 0 0
3717d726-02cb-4a7a-ac67-ff52f15844ae_302face0_436_762_459_571_00001.png,2.9,2.9,0 0 0 0
b43a0d2c-1658-4d4c-9339-1a2e2662e8d8_2face0_406_78_136_14900009.png,2.9,3,0 0 0 0
78990463-9291-4ce1-95b1-e57767f4f038_10000185face0_73_387_180_242_00010.png,2.9,2.9,0 0 0 0
d523ba04-9ca4-425f-88c6-f74a0f8d2905_2face0_70_153_281_360_00009.png,2.9,2.9,0 0 0 0
406c1fc8-ae38-4177-b843-ae472e9a9a1d_2face0_299_136_427_555_00002.png,2.9,2.9,0 0 0 0
2a6258a1-59a2-4e7d-9dc7-52555412ec13_10000288face0_507_522_214_283_00001.png,2.9,2.9,0 0 0 0
85128deb-2a22-419b-9808-74789fe4b261_602face0_366_132_355_455_00002.png,2.9,2.9,0 0 0 0
c018e4ea-55bc-4524-a67d-d667cf6111b4_2face0_528_592_148_15800002.png,2.9,2.9,0 0 0 0
48ee27a5-5597-4c28-b0ef-1d3cb083036a_2face0_135_231_428_542_00001.png,2.9,2.9,0 0 0 0
3763219c-b932-400a-a744-bbab7b6b3150_2face0_70_249_139_13000007.png,2.9,2.9,0 0 0 0
ab07ba6a-0065-46a2-8dd2-8e6a97089da0_2face0_142_308_205_271_00004.png,2.9,2.9,0 0 0 0
38428e7e-45f0-4362-80e3-6997fae9b9cb_2face0_284_576_322_399_00002.png,2.9,2.9,0 0 0 0
9fdb5279-16ed-4895-9dba-653ddd7b31fb_302face0_73_289_155_207_00012.png,2.9,2.9,0 0 0 0
93a8dd59-234c-47fd-87cd-cb01fc6dd0a8_902face0_419_91_222_26300001.png,2.95,2.95,0 0 0 0
0caccae1-5698-4a7a-a063-f53dfd8bdd73_302face0_401_422_221_273_00002.png,2.95,2.95,0 0 0 0
40678980-b496-4c8b-a21e-2c738c67e84b_302face0_160_273_683_900_00001.png,2.95,2.95,0 0 0 0
b4e3386b-91d8-49c9-9c97-8d5a4ace161c_2face0_390_414_536_671_00001.png,2.95,2.95,0 0 0 0
74a209a5-ee70-4c57-8be4-c10cb3c9669b_2face0_150_197_296_33800006.png,2.95,2.95,0 0 0 0
09727eb6-0ae2-4b81-8674-1b4f6932c75d_10000131face0_245_61_214_308_00004.png,2.95,2.95,0 0 0 0
54dc1802-7c0b-4df2-8c1d-7312ff8fb54d_2face0_425_648_312_388_00001.png,2.95,2.833333333333333,0 0 0 0
48d53a39-0eca-48ca-ac05-9fce14c8ad96_302face0_517_464_131_183_00003.png,2.95,2.95,0 0 0 0
03b02174-d340-4bd3-9279-66fd1d318771_2face0_221_435_244_334_00001.png,2.95,2.95,0 0 0 0
247feff2-41c4-493e-853d-6c6b9c6eb470_302face0_279_194_283_31800008.png,2.95,2.95,0 0 0 0
7fb1c5d2-80f0-4189-af12-7c636677b668_2face0_397_379_387_41000002.png,2.95,2.95,0 0 0 0
8ea403da-327d-4df7-ab8d-30fd00e85ae3_2face0_618_307_182_253_00001.png,2.95,2.95,0 0 0 0
cc813fda-b018-4419-a113-f7106266bb28_2face0_358_333_128_168_00001.png,2.95,2.95,0 0 0 0
631601ed-6dff-41ad-8f17-dafca020a702_2face0_235_265_582_764_00003.png,2.95,2.95,0 0 0 0
33051843-2fa2-47eb-818b-538a20ede139_302face0_325_371_208_21900001.png,2.95,2.95,0 0 0 0
89f0f268-4bc6-4850-a27b-863d497b99d3_602face0_109_268_376_532_00008.png,2.95,2.95,0 0 0 0
77b6ba15-4d88-41d5-8b2f-4edbce808305_2face0_103_130_665_847_00007.png,2.95,2.95,0 0 0 0
2f750a30-2d15-4f56-aeef-6231bb681808_602face0_129_154_358_39900003.png,2.95,2.95,0 0 0 0
bd305652-33ac-4e83-878c-cfb9f0f9dc08_10001767face0_455_260_286_31900009.png,2.95,2.95,0 0 0 0
d42e2b84-3a9d-4812-abf9-a9cf5ee0bde7_2face0_340_467_313_373_00006.png,2.95,2.95,0 0 0 0
b238efdc-5095-4eb1-91df-98c1cba16eb5_2face0_394_322_169_223_00001.png,2.95,2.95,0 0 0 0
99f1c2b9-54d9-43d8-8c01-ebcc187709b4_1202face0_323_810_477_47300001.png,2.95,2.95,0 0 0 0
03fde58f-4835-4993-bd88-b1051461bb33_602face0_99_341_148_188_00001.png,2.95,2.95,0 0 0 0
87a23739-e9f7-404c-b030-972e370d09fb_302face0_431_785_221_279_00002.png,2.95,2.95,0 0 0 0
7df08433-d94d-4316-8d7f-edc1afc8e7ca_302face0_57_344_302_32600003.png,2.95,2.95,0 0 0 0
733be184-7612-4584-91cc-84de95abf5c9_1801face0_307_619_247_320_00002.png,2.95,2.95,0 0 0 0
62c0eeb5-d267-454f-91e5-14aeaab4b25d_2face0_158_511_199_22400011.png,2.95,2.95,0 0 0 0
16a25c8e-f05b-4889-8488-eb8401b9b4e7_902face0_289_277_303_408_00003.png,2.95,2.95,0 0 0 0
1a497237-cc07-41c4-9c1b-b8126db52b8e_2face0_199_109_179_242_00003.png,2.95,2.95,0 0 0 0
d78b2958-8c4c-4e58-a687-109053d2c683_602face0_321_91_590_839_00003.png,2.95,2.95,0 0 0 0
94498f50-245c-4b40-a420-2fb196309078_302face0_662_111_327_438_00002.png,2.95,2.95,0 0 0 0
9fe35e27-d51c-4988-a2c3-afc3715ff89f_302face0_278_103_237_314_00001.png,2.95,2.95,0 0 0 0
38d75dbf-4143-4310-93bc-1b402839f3ff_302face0_535_55_371_495_00007.png,2.95,2.95,0 0 0 0
91bae705-f920-468d-81a7-2d04a3fe1d79_302face0_148_523_136_15400008.png,2.95,2.95,0 0 0 0
fdf4c5e0-4c30-4838-ab71-25a826ae8448_302face0_303_93_253_344_00008.png,2.95,2.95,0 0 0 0
49fa7e5c-2bb2-497c-9fe3-a0e232a012de_2face0_429_404_324_407_00007.png,2.95,2.95,0 0 0 0
c57b60bc-6252-4b8a-8694-f25619ddeb03_302face0_445_620_304_36100001.png,2.95,2.95,0 0 0 0
029c1515-b448-45ac-91b6-1cbe2e16af5d_2face0_62_456_396_508_00003.png,2.95,2.95,0 0 0 0
0685db34-1026-460a-b3a2-375ee24e47fe_302face0_331_331_320_33600001.png,2.95,2.95,0 0 0 0
944ef063-06de-4f89-8d9d-933fdb590bcf_2face0_320_524_275_381_00001.png,2.95,2.95,0 0 0 0
6153d52b-5727-4d4f-8d41-01a55e47b7aa_602face0_188_316_152_16500005.png,2.95,2.95,0 0 0 0
3a2c2ca9-6684-43ff-9e35-1863fca39a4e_10002630face0_188_380_422_566_00001.png,2.95,2.95,0 0 0 0
9c965892-2626-4e93-aa92-4f4f109bc6a3_902face0_327_173_142_203_00007.png,2.95,2.95,0 0 0 0
050394fb-d12b-48a1-aa7c-dd7d65909b43_602face0_502_50_386_530_00004.png,2.95,2.95,0 0 0 0
ef6d5227-cdcc-413f-84a8-1c1f51318552_2face0_172_492_600_67400006.png,2.95,2.95,0 0 0 0
ca663fce-d300-42a6-a5b3-b9139108c71a_2face0_248_102_428_567_00001.png,2.95,2.95,0 0 0 0
f8b412f3-029f-4c60-ba85-9c837d09ea01_10000313face0_258_540_386_492_00001.png,2.95,2.95,0 0 0 0
860f3497-c84c-4e9d-9bd0-9fb12ca6963e_2face0_317_325_301_386_00004.png,2.95,2.95,0 0 0 0
5847cbb6-f1e9-43f5-b825-16c07717fc3b_2face0_485_92_397_542_00005.png,2.95,2.95,0 0 0 0
13d63a1e-89e4-4cbe-ae75-63eada595cff_2face0_109_728_114_12200007.png,2.95,2.95,0 0 0 0
a859bcf8-403d-436d-962b-76bf86c98f3c_10000598face0_127_345_396_514_00002.png,2.95,2.95,0 0 0 0
69607fb0-5377-4f56-8220-29b2616f5c84_10001056face0_206_53_171_18500006.png,2.95,2.95,0 0 0 0
b97b1df8-414d-4662-85e8-4656eac66bbd_1801face0_442_688_242_331_00001.png,2.95,2.95,0 0 0 0
02fee605-67dc-4b24-9285-03abbaecd90a_302face0_277_281_267_345_00001.png,2.95,2.95,0 0 0 0
e4b67738-f447-4edb-aca0-bad2114d7fbb_10000301face0_467_264_194_21700007.png,2.95,2.95,0 0 0 0
47d03b32-928f-43fb-b398-68f38e4c1d41_602face0_482_721_177_222_00001.png,2.95,2.95,0 0 0 0
448ff2d3-9a1f-43ae-9620-dfcbad6515e6_10000263face0_552_359_476_55100004.png,2.95,2.95,0 0 0 0
91e96c3c-6bb5-48eb-9577-9c7c8c605cc5_2face0_128_233_420_527_00005.png,2.95,2.95,0 0 0 0
7d89c86c-9030-4af5-b960-2c186b1cfb6b_10000769face0_712_299_152_15200001.png,2.95,2.95,0 0 0 0
af7ce67d-c737-4c4a-a5ac-0ae122e6c6b4_602face0_124_293_421_564_00008.png,2.95,2.95,0 0 0 0
bcfb4bea-e9a3-48f1-99eb-a4e8a1422746_2face0_135_268_788_1145_00001.png,2.95,2.95,0 0 0 0
a4c86d93-29f4-4a36-ba04-e9df6b38267d_302face0_374_385_166_220_00001.png,2.95,2.95,0 0 0 0
c3ea4bef-629c-43d4-9676-ab437d98893e_302face0_687_587_201_257_00007.png,2.95,2.95,0 0 0 0
2df00d31-87ec-4b18-912a-8b7fb1f08e5e_10001501face0_144_646_548_708_00001.png,2.95,2.95,0 0 0 0
2eb11635-e1af-444b-b179-16a6de5f9cba_2face0_270_437_440_45700003.png,2.95,2.95,0 0 0 0
fbc5aef1-fc73-4b1f-973f-2968fd2e37cc_2face0_185_469_556_58800001.png,2.95,2.95,0 0 0 0
5020738a-d5c5-49a4-b086-95c220b7be36_10000075face0_476_242_319_405_00001.png,2.95,2.95,0 0 0 0
474df9fc-0e87-4dd1-ab97-8bbe0897b47d_302face0_447_587_240_310_00003.png,2.95,2.95,0 0 0 0
866b4b4b-e315-4643-8faa-8ec4ea1eec15_302face0_178_246_270_334_00001.png,2.95,2.95,0 0 0 0
a485c1c0-ffd7-4849-be3e-9a4f4e343d23_2face0_640_383_180_222_00013.png,2.95,2.95,0 0 0 0
13752972-129e-4655-854e-92ea1929cdfc_302face0_247_58_261_357_00007.png,2.95,2.95,0 0 0 0
689a2b69-810e-47a1-b808-a28d784b02b2_10001201face0_430_297_158_210_00001.png,2.95,2.6,0 0 0 0
c64f7491-cdba-4981-8c71-c155d1a9687b_2face0_257_560_218_292_00002.png,2.95,2.95,0 0 0 0
4d29537a-1570-48cd-bc2c-e2c47813beb3_902face0_112_416_330_425_00001.png,2.95,2.95,0 0 0 0
d30bde0d-d86c-4f9f-a7ee-470ffc835ac2_3057face0_555_762_159_199_00002.png,2.95,2.95,0 0 0 0
bee85041-6885-4b5e-ad0a-f593b611c4d1_2face0_444_532_359_455_00001.png,2.95,2.95,0 0 0 0
86abd326-14db-4a09-bd07-a3829771b367_2face0_289_648_380_484_00001.png,2.95,2.95,0 0 0 0
710474ee-9804-4f5d-a635-dff28260bacb_2face0_228_392_261_327_00003.png,2.95,2.95,0 0 0 0
298e21af-0492-4ac0-86c9-72f48c590d4f_2face0_419_371_442_545_00007.png,2.95,2.95,0 0 0 0
ad4e5530-7c6b-4572-b0dd-7d1fe2eaba59_2face0_160_174_495_673_00007.png,2.95,2.95,0 0 0 0
a5c151f4-51cd-4e6f-9499-ee460691f008_1202face0_504_174_401_545_00002.png,2.95,2.95,0 0 0 0
6c82b2c8-3550-4d92-a878-4571c4bb2658_602face0_275_549_310_390_00003.png,2.95,2.95,0 0 0 0
0d6da917-80ee-4d81-8294-19ba4fe26f8b_10000242face0_295_117_284_397_00001.png,2.95,2.95,0 0 0 0
c26a9774-4d23-47b2-af3c-ee9edbd00112_2face0_103_463_205_270_00003.png,2.95,2.95,0 0 0 0
c409779d-65bb-4554-b528-ac7a97fd7794_2face0_546_619_203_253_00001.png,2.95,2.95,0 0 0 0
3559a4ca-0285-4872-bb29-d68751c5f943_2face1_136_670_156_218_00009.png,2.95,2.95,0 0 0 0
513fae2e-88ce-4b30-ae0a-5c9095b70df4_2face0_433_136_243_325_00010.png,2.95,2.95,0 0 0 0
3b5902f0-d819-48d6-bb99-db3a9ed5c021_602face0_186_324_151_16700002.png,2.95,2.95,0 0 0 0
61a3ec89-7d65-4da9-8bfa-113797ea4117_2face0_158_428_744_960_00001.png,2.95,2.95,0 0 0 0
40c62745-3dfc-49c0-b9cf-e0ca67cb235c_302face0_371_560_291_394_00002.png,2.95,2.95,0 0 0 0
098e2f95-57df-46f5-82ae-83506323d807_2face0_222_170_417_553_00002.png,2.95,2.95,0 0 0 0
d4f93c31-6725-44c8-bc83-f5474cd8d177_2face0_342_373_267_368_00001.png,2.95,2.95,0 0 0 0
844f485f-f98d-46bc-89ad-0b40ae40df31_302face0_285_392_214_283_00001.png,2.95,2.95,0 0 0 0
a089ef18-8167-4261-9af0-8f4b7556ac3f_302face0_299_349_193_247_00006.png,2.95,2.95,0 0 0 0
097b66a3-3160-4e2e-8059-bc7f9a220404_302face0_119_60_205_25800005.png,2.95,2.95,0 0 0 0
9b19b910-f466-466f-9eb4-b28f54e73c45_10000295face0_158_395_246_334_00001.png,2.95,2.95,0 0 0 0
ba1df5b9-f790-42a0-a19e-e8d7d52e118e_2face0_100_263_403_529_00001.png,2.95,2.95,0 0 0 0
77040c69-2d55-4359-a86e-29e717e1b8c5_2face0_180_450_191_251_00003.png,2.95,2.95,0 0 0 0
6cc711a9-18b3-4c0c-b2e0-47cbc46160a5_302face0_98_702_138_14500002.png,2.95,2.95,0 0 0 0
767ae34c-1eb9-4047-8577-a2fb86b9bc68_302face0_285_369_308_410_00001.png,2.95,2.95,0 0 0 0
a30b1dd0-61d1-45c5-a9fa-a4d2000049ab_2face0_277_637_714_880_00001.png,2.95,2.95,0 0 0 0
4cfc9c23-1879-458c-a92a-bdf4b2aa1346_2face0_349_619_534_667_00001.png,2.95,2.95,0 0 0 0
9ca95524-c99e-40f0-81c7-b8655c818b9d_2face0_327_316_390_567_00001.png,2.95,2.95,0 0 0 0
7effddb3-e0f7-44e2-bc21-1b549adc9a16_10000138face0_518_394_296_364_00010.png,2.95,2.833333333333333,0 0 0 0
3960048f-1b18-48ab-803e-3b0b2db1da29_602face0_172_125_187_251_00003.png,2.95,2.95,0 0 0 0
04cebd32-1a19-474f-aebe-821c528c1733_2face0_369_553_281_358_00001.png,2.95,2.95,0 0 0 0
57bda7af-cce0-409f-980e-3404aadeca9d_2face0_433_684_152_16100002.png,2.95,2.95,0 0 0 0
c05e4afe-1e8e-4f2d-b817-22f3ad7d5c87_1801face0_224_755_244_297_00002.png,2.95,2.95,0 0 0 0
f83481d1-4b6d-4095-bab6-eea605f5b323_2face0_168_315_296_394_00005.png,2.95,2.95,0 0 0 0
80d78eeb-0e03-4337-a4f1-a7e179d1a59d_302face0_117_799_166_18300001.png,2.95,2.95,0 0 0 0
fd712776-e58f-490b-b7b0-c349f56b8983_2face0_65_65_357_473_00006.png,2.95,2.95,0 0 0 0
d88ae5e9-92f2-43cb-8931-f878bfeda26a_2face0_337_124_389_479_00011.png,2.95,2.95,0 0 0 0
d93ac4aa-24dc-4213-a18d-293ed3e552d5_1202face0_142_309_732_1024_00002.png,2.95,2.95,0 0 0 0
68a9abfd-e972-4621-9e82-ed56e6538e5b_302face0_81_223_301_397_00007.png,2.95,2.95,0 0 0 0
5b2aa1b2-a284-4262-b8c9-5fae79eccc41_302face0_244_199_224_299_00006.png,2.95,2.95,0 0 0 0
8cdaf543-3d9b-4704-9df1-331083af0385_2face0_63_423_284_388_00003.png,2.95,2.95,0 0 0 0
bef5376b-8c56-402e-a2b2-6282f1b9b618_302face0_53_188_532_697_00009.png,2.95,2.95,0 0 0 0
fa55a344-19a1-46e5-bb3c-aea75f7d950b_302face0_227_262_183_264_00008.png,2.95,2.95,0 0 0 0
abfacb90-c433-41bd-a126-99e98c971e8e_602face0_628_442_214_284_00012.png,2.95,2.95,0 0 0 0
5bcbdd93-95e5-4842-b45a-f3de29055f65_302face0_78_562_408_527_00004.png,2.95,2.95,0 0 0 0
66d889af-3776-4b8f-bc8c-6549912b1c64_2face0_327_412_221_290_00004.png,2.95,2.95,0 0 0 0
83302071-bcfb-4e71-be21-c7b15c28b2bb_2face0_449_374_249_331_00001.png,2.95,2.95,0 0 0 0
8b8cf130-115f-4a0c-a0b4-508bd7b70056_2face0_281_371_322_423_00009.png,2.95,2.95,0 0 0 0
b5bc1ff3-1654-4e77-a6a0-56ed8ec43d0e_2face0_449_472_152_15200008.png,2.95,2.95,0 0 0 0
9b2d07ee-70d5-4c07-ba60-9b6ebf7d0d99_302face0_521_373_246_323_00002.png,2.95,2.95,0 0 0 0
6c9f05bf-a625-4c25-9009-ebfdd5a65a8b_2face0_480_382_266_347_00010.png,2.95,2.95,0 0 0 0
2121284c-5e45-4bb0-a9bd-84a2316800b9_2face0_208_410_413_527_00001.png,2.95,2.95,0 0 0 0
2b5a4704-2407-406b-852b-9497d8c6729e_2056face0_101_313_173_229_00002.png,2.95,2.95,0 0 0 0
2b5b4373-585e-4084-9385-da38c48e5112_1502face0_241_319_284_407_00001.png,2.95,2.95,0 0 0 0
d0ab2625-18e1-4d42-85b8-fb04d2b95cef_302face0_68_104_278_375_00006.png,2.95,2.95,0 0 0 0
5372eeba-5211-4d9e-8b18-ae81c42b926f_1202face0_166_302_198_266_00011.png,2.95,2.95,0 0 0 0
726ebdf0-4bb0-4770-a791-3344cbdd8730_902face0_119_95_492_61400001.png,2.95,2.95,0 0 0 0
282d1d02-fe4a-48c7-84b6-c18350cfa020_2face0_51_256_670_830_00003.png,2.95,2.95,0 0 0 0
2e5f4d36-f1d7-4fd2-b574-e7502a4cb44f_302face0_308_315_350_456_00006.png,2.95,2.95,0 0 0 0
963839bd-4734-4054-9ec7-e791115a179a_302face0_131_216_288_353_00001.png,2.95,2.95,0 0 0 0
73e03bbb-95d9-435c-a628-3eb5c7bb3006_302face0_245_239_291_412_00001.png,2.95,2.95,0 0 0 0
8d66ddad-33c8-4343-ae60-8b6ff5327767_10000587face0_296_518_537_721_00002.png,2.95,2.95,0 0 0 0
15f6e3e0-8a41-4f60-81fb-6c58a693f27a_2face0_458_323_183_17400006.png,2.95,2.95,0 0 0 0
06bc70cc-e6f9-4f20-8e88-d2bacf285b4e_2face0_194_561_415_571_00001.png,2.95,2.95,0 0 0 0
c4fba047-8d3d-43b0-bc3b-772f3ed6bca7_602face0_177_222_223_25400007.png,2.95,2.95,0 0 0 0
90ce4fd0-5c8e-4a45-8113-559e4f6b4963_10000284face0_370_383_421_543_00001.png,2.95,2.95,0 0 0 0
61da2fdc-daaf-4a37-b949-c53b6ee255a4_2face0_281_60_271_379_00001.png,2.95,2.95,0 0 0 0
8ada64fe-d0a7-49b7-a8f4-c4b6c2649558_2face0_421_381_373_40000001.png,2.95,2.95,0 0 0 0
255f6171-1447-42df-8025-67431087a463_2face0_97_232_121_13000006.png,2.95,2.95,0 0 0 0
b9747851-1a74-42b9-afd1-501bc9917046_2face0_51_236_655_821_00002.png,2.95,2.95,0 0 0 0
1ae57b38-6524-4c0c-9ddd-0c102c7a6f4f_2face0_277_464_292_384_00001.png,2.95,2.95,0 0 0 0
a9e26688-cb41-4ff6-89cb-a77858781f7d_10000602face0_216_431_656_860_00001.png,2.95,2.95,0 0 0 0
8bee5b13-35e2-46a2-b5e0-f28731c97710_10001281face0_180_149_337_37700001.png,2.95,2.95,0 0 0 0
49022c0b-d253-4e30-99e4-d08fee4e47c3_302face0_317_476_543_701_00010.png,2.95,2.95,0 0 0 0
f71b03f1-d882-40ff-8d70-d0393926f67d_2113face0_146_636_251_320_00003.png,2.95,2.95,0 0 0 0
b80ac266-4d9d-48ae-be6c-018e63562942_902face0_130_219_282_386_00001.png,2.95,2.894736842105264,0 0 0 0
5a430b46-a508-4144-80b7-046286cc989a_302face0_516_456_211_283_00005.png,2.95,2.95,0 0 0 0
485663b6-5999-41f8-9401-3692c3ccbfbe_2face0_237_249_287_368_00001.png,2.95,2.95,0 0 0 0
f87dba46-63a5-4246-8134-481aa2a69429_2face0_460_294_324_444_00005.png,2.95,2.95,0 0 0 0
93da089e-8e6a-4059-bf97-d3f6909d69b4_302face0_497_733_151_14600009.png,2.95,2.95,0 0 0 0
7233fcae-84e8-41ea-b3f6-e37e45095051_2face0_433_900_151_179_00004.png,2.95,2.95,0 0 0 0
f0a26c54-fbb5-4f9b-9fc3-ff29f27f0e52_2face0_381_264_274_381_00007.png,2.95,2.95,0 0 0 0
fe3d3b26-e502-42a3-b716-f82dc0695716_2face0_121_336_411_530_00007.png,2.95,2.95,0 0 0 0
518830ca-8ac6-41e2-8344-cdb5df61a7b0_2face0_478_271_349_39600008.png,2.95,2.95,0 0 0 0
6e64f6aa-f127-46cf-9038-116067077a1f_2face0_388_178_481_649_00001.png,2.95,2.95,0 0 0 0
4ba22725-8351-4551-ac63-1fc4a5d72b97_2face0_57_406_732_960_00011.png,2.95,2.95,0 0 0 0
28aba404-d58a-4a4b-8feb-e6071f49c07c_902face0_521_157_291_384_00004.png,2.95,2.95,0 0 0 0
00c41593-433c-4f23-b276-c478d7615054_2face0_396_287_187_19100011.png,2.95,2.95,0 0 0 0
d4b89e46-4773-4e50-a713-ebff5733ef92_1801face0_415_262_295_418_00001.png,2.95,2.95,0 0 0 0
273d74b2-132c-4795-9ea7-861883963957_2face0_54_179_215_283_00002.png,2.95,2.95,0 0 0 0
5de7a22c-75be-4a24-a986-2cc92fa17071_302face0_117_169_165_236_00001.png,2.95,2.95,0 0 0 0
61b346bb-b380-47bf-8097-e68a4713cbe1_2face0_473_390_379_495_00002.png,2.95,2.833333333333333,0 0 0 0
1fa0ac8c-cea4-45a0-9d7b-249f187aef03_602face0_563_386_234_26000001.png,2.95,2.95,0 0 0 0
0e829efb-ae34-4ea1-ad19-33411cdb04d4_302face0_340_577_193_229_00003.png,2.95,2.95,0 0 0 0
fb7bba69-a66e-45af-83af-869375e881a3_3001face0_475_704_191_259_00005.png,2.95,2.95,0 0 0 0
458bce8d-e88a-4f59-bb2a-65cf14704849_2face0_350_554_187_231_00003.png,2.95,2.95,0 0 0 0
385fc7cf-1676-4fb5-b7ae-a60357145382_302face0_374_156_111_12200012.png,2.95,2.95,0 0 0 0
bb0b4caf-b966-4a57-9319-5665279bd20c_902face0_515_164_376_529_00001.png,2.95,2.95,0 0 0 0
8a472a42-8118-4d84-ab44-9d13fdcce2da_2face0_423_322_379_512_00009.png,2.95,2.95,0 0 0 0
0ce0a60d-2a05-4c35-a787-f12d7d061285_302face0_243_129_646_70300001.png,2.95,2.95,0 0 0 0
e143c958-95b1-450d-8661-cc6db65bba83_2face0_464_284_194_259_00001.png,2.95,2.95,0 0 0 0
a387841f-f957-4895-ad28-ca7a3da54fb4_2face0_419_463_295_373_00001.png,2.95,2.95,0 0 0 0
2365176a-541c-42e5-917c-7c9d47d92eb7_302face0_376_539_393_488_00001.png,2.95,2.95,0 0 0 0
c63fe337-5cb9-48e8-8c17-d5a638e6c6d0_2face0_434_338_316_425_00006.png,2.95,2.95,0 0 0 0
1bd3983d-6083-48bd-b377-1fe993d2bb63_1202face0_245_101_241_26300010.png,2.95,2.95,0 0 0 0
aacf4c66-070d-4e08-aefe-68b6ae57fe34_2face0_175_238_173_242_00012.png,2.95,2.95,0 0 0 0
9867e0fb-4749-4351-a0e0-b79600825a31_10000225face0_552_331_256_331_00002.png,2.95,2.95,0 0 0 0
52585bbf-fa38-4f6a-b113-f199ca69f942_2face0_466_235_282_362_00011.png,2.95,2.95,0 0 0 0
c9ca36e9-9b7b-470f-8eef-7d4f3b7aa59b_302face0_215_125_189_268_00006.png,2.95,2.95,0 0 0 0
4d84c36c-5da3-46d4-b485-6ae02a9d0b0d_602face0_283_191_683_886_00001.png,2.95,2.95,0 0 0 0
d886c03b-4612-4ed2-ade6-5e5045155764_302face0_406_301_435_630_00002.png,2.95,2.894736842105264,0 0 0 0
31349daf-5a28-4688-af99-ce6748c9ac4f_302face0_375_791_226_305_00001.png,2.95,2.95,0 0 0 0
113bee8e-898a-4944-b2c0-c97167d881ea_602face0_165_483_240_307_00001.png,2.95,2.95,0 0 0 0
e1da0839-d740-4b9b-9836-88c51844d5cf_2face0_505_329_239_301_00001.png,2.95,2.95,0 0 0 0
86dacba3-b1e3-4f12-ae97-822f934a9e6b_302face0_807_753_155_199_00001.png,2.95,2.95,0 0 0 0
82e73ebb-73ea-4c52-aa86-37379df78cc1_10000600face0_588_854_217_270_00003.png,2.95,2.95,0 0 0 0
8fe4dd57-1931-46e7-9495-7936427c285d_302face0_360_522_184_262_00002.png,2.95,2.95,0 0 0 0
d35f6eb8-4a8f-4360-8495-e76c5513a8d5_302face0_318_168_193_284_00007.png,3,3,0 0 0 0
1067896b-d7f0-418f-a388-9816f94f2d6c_2face0_294_256_344_444_00003.png,3,3,0 0 0 0
9683966c-b8f8-4c85-accf-535a45f4fc86_2face0_364_354_347_473_00001.png,3,3,0 0 0 0
eb530746-0ee9-410a-9e7f-3e1b6012fac7_602face0_84_383_176_234_00005.png,3,3,0 0 0 0
1ee752e3-da4b-499a-966f-cae8775a2bcb_2face0_356_551_499_653_00001.png,3,3,0 0 0 0
f510abd2-8727-43c7-8690-56bd0bf6f60c_312face0_187_403_428_579_00001.png,3,3,0 0 0 0
61b1a0c9-8691-4ba9-9665-68fc40531134_2face0_102_209_921_1246_00001.png,3,3,0 0 0 0
4128a525-69b2-4e1c-a143-87fad7b03eb9_2face0_344_585_173_210_00001.png,3,3,0 0 0 0
10925bf5-fdb9-4f1d-ac22-83c7127b335e_2face0_354_151_190_246_00001.png,3,3,0 0 0 0
d7bab372-8b54-4110-abef-6aed9939e8d1_2face0_261_398_429_556_00001.png,3,3,0 0 0 0
24675662-4d4c-45fe-8a9a-d01ce411fc24_302face0_213_146_208_273_00001.png,3,3,0 0 0 0
618d82aa-07e8-4663-a977-66ec2d97e140_2face0_337_874_232_294_00009.png,3,3,0 0 0 0
462fd7db-578e-47fa-b68d-dfb1b2fead7c_602face0_222_171_182_229_00004.png,3,3,0 0 0 0
304f5156-cd9a-42f3-9fb0-e099627e58ea_302face0_177_190_263_353_00001.png,3,3,0 0 0 0
1cff4c84-b198-4dd7-97fe-b269b09f23f3_10000287face0_146_84_424_549_00001.png,3,3,0 0 0 0
d3eddd3a-ee90-432d-a464-3d45b4fb2a0a_2101face0_476_702_281_342_00001.png,3,3,0 0 0 0
5bd74392-9789-46b1-b1d2-60abd7d43137_2face0_400_588_267_345_00001.png,3,3,0 0 0 0
273e1160-74f4-4507-a55e-d918957ba74c_2face0_373_300_387_564_00005.png,3,3,0 0 0 0
cde63be0-0273-48fe-84d2-fb82b1b27008_2face0_203_207_526_710_00009.png,3,3,0 0 0 0
2e68e19b-fed3-4377-b8fa-c24df0f616fe_3face0_440_335_310_416_00001.png,3,3,0 0 0 0
00e12832-67d1-41a2-992e-635c904e30e2_2face0_97_554_757_936_00007.png,3,3,0 0 0 0
833bc43b-ad4b-467e-8551-57d459b1a6ef_2face0_353_461_211_277_00002.png,3,3.1052631578947367,0 0 0 0
e3910609-be44-40f9-b5f9-b38a442a3010_2face0_298_92_399_527_00003.png,3,3,0 0 0 0
f0cb53cf-0b0a-4ddb-ad09-4348ae287d6b_302face0_699_265_306_379_00003.png,3,3,0 0 0 0
3b6ac426-e103-453a-b7d1-454f492a45da_10000643face0_376_281_406_542_00002.png,3,3,0 0 0 0
75a3cf23-6136-4bba-b20e-1ba909cfbb53_2face0_618_515_172_209_00004.png,3,2.9473684210526314,0 0 0 0
6e36d3e7-a7f2-4dc7-83d4-23a78e29e240_3001face0_266_531_292_381_00001.png,3,3,0 0 0 0
bc05aada-033c-439a-8f95-2efeb59b1e15_302face0_486_219_289_392_00001.png,3,3,0 0 0 0
a5fb761b-1422-4b8e-bdd0-af53fb619417_2face0_563_439_236_290_00001.png,3,3,0 0 0 0
f3760620-b60d-4340-a090-e4169931cf57_10001794face0_434_522_140_183_00009.png,3,3,0 0 0 0
f9c87ba4-3220-421c-b85c-a3e59bbc9bb3_2face0_56_440_756_1004_00003.png,3,3,0 0 0 0
1b4cca2d-1a89-4392-b375-0d8557bbcb34_10002307face0_310_491_443_595_00001.png,3,3,0 0 0 0
d44706f8-9c34-4495-b52a-4396da8d74e7_10000296face0_200_332_166_229_00012.png,3,3,0 0 0 0
c3a8d913-f4fd-4134-b3ca-76d5b7497977_2face0_283_423_345_479_00001.png,3,3,0 0 0 0
0a66acff-24ba-4b11-a31f-7cd07ae3e450_302face0_543_104_358_508_00002.png,3,3,0 0 0 0
35bc8770-2d83-44ae-87ad-557a31d9c8f1_302face0_322_422_246_308_00001.png,3,3,0 0 0 0
ee20cf02-b1dc-4e29-bbf5-ef3b302e432d_2face0_348_472_501_55500009.png,3,3,0 0 0 0
e0d0df21-6947-4cb4-80e7-7e4046c4160b_10000491face0_507_928_380_514_00006.png,3,3,0 0 0 0
aada32a4-b326-44c5-8fea-79961202d866_10000262face0_236_76_518_749_00001.png,3,3,0 0 0 0
871e50e5-cf3e-4ff4-9680-37b2f0f3a480_902face0_486_238_236_325_00006.png,3,3,0 0 0 0
8a755032-bf44-4472-b4f1-233388309066_302face0_117_87_441_641_00001.png,3,3,0 0 0 0
bdccc48b-7d5b-4eab-8590-2f5016a80dd0_3297face0_319_315_317_392_00002.png,3,3,0 0 0 0
37f46621-14b4-452b-aa54-b468cfc1d1af_302face0_209_690_189_19200001.png,3,3,0 0 0 0
e9d76a25-9d34-4657-9d5a-6a43fcda53c9_902face0_362_409_399_40500008.png,3,3,0 0 0 0
86d16c30-9113-408a-9ae6-8ea17fcc8f35_2face0_502_659_184_251_00001.png,3,3,0 0 0 0
5374ffb8-2dbe-4b40-b906-f70352503cd5_602face0_160_61_323_423_00007.png,3,3,0 0 0 0
9c7ed4a8-9bfa-42fd-9568-4db7c655e6bd_2face0_233_305_282_373_00001.png,3,3,0 0 0 0
2ea1679b-78e8-43f9-b438-4e86414cadc6_2face0_197_50_404_566_00003.png,3,3,0 0 0 0
c5136698-42dc-4edb-9963-31552c47c9ef_2face0_362_308_239_325_00001.png,3,3,0 0 0 0
4afcf0b7-ad5d-450f-b9c0-8bf090c19888_10000301face0_264_603_379_40100001.png,3,3,0 0 0 0
1f58af85-1a16-463c-8296-d58b277926dd_2face0_276_133_229_320_00001.png,3,3,0 0 0 0
05208fbd-6539-4f1f-90e2-a6138e061b0e_2face0_201_237_289_405_00001.png,3,3,0 0 0 0
39f25b29-3a47-4efa-844c-b08b2a6aff0d_602face0_82_55_322_455_00001.png,3,3,0 0 0 0
abe80da4-622a-4a3c-b922-0812a1c7758c_302face0_730_479_246_294_00002.png,3,3,0 0 0 0
9fb09b4a-584a-411d-9ec3-68ea7d9f62a3_302face0_344_293_251_331_00001.png,3,3,0 0 0 0
fe6552a4-bbf5-4db9-8b53-1fe466216433_2face0_101_100_546_745_00001.png,3,3,0 0 0 0
ed8b4d06-7854-49b3-a48f-256cec18e930_2face0_592_277_237_23400010.png,3,3,0 0 0 0
d5d9fe4f-b066-439b-86e9-591bcc51b139_302face0_446_722_175_227_00003.png,3,3,0 0 0 0
85acfbe2-5e06-4db8-8aa5-f96351c2fef2_2face0_197_280_263_351_00002.png,3,3,0 0 0 0
efbb9501-2b2a-4127-9774-e0f812a38a29_10001749face0_158_381_310_386_00001.png,3,3,0 0 0 0
6a8aaaab-7c3c-4211-ae79-878c7157d963_2face0_596_329_214_296_00007.png,3,3,0 0 0 0
434ff41f-3257-45ef-955d-44877936184d_1801face0_385_515_263_357_00003.png,3,3,0 0 0 0
104f29de-78f3-4f03-920d-f2564e2ae1f5_2face0_323_674_503_682_00009.png,3,3,0 0 0 0
d681b7aa-4fc7-42e6-a045-2d2655bb66a3_302face0_405_493_203_264_00004.png,3,3,0 0 0 0
d64a8b58-2e06-46d8-8f25-635f9859eede_302face0_497_561_186_233_00001.png,3,3,0 0 0 0
06292eb2-400c-4aec-9d30-826a6d85cef9_1801face0_116_205_239_321_00003.png,3,3,0 0 0 0
7bb5f637-97a6-426f-9fc4-02029482bd33_602face0_104_72_841_96400001.png,3,3,0 0 0 0
e2ea7f45-0283-4cc5-be97-6bffc24ffc83_602face0_272_135_383_529_00001.png,3,3,0 0 0 0
60d55025-1bbb-46ec-ae71-6e4d2f154367_302face0_220_606_456_616_00010.png,3,3,0 0 0 0
cec5390c-6354-437f-adae-6ed2a9917fde_1801face0_432_365_348_447_00001.png,3,3,0 0 0 0
2b5ad881-55e8-49e3-9e1e-c23628472dc8_2face0_164_565_420_545_00003.png,3,3,0 0 0 0
3ff95a69-8d8f-4972-ace5-0d8141f271d6_10000298face0_336_230_350_40900001.png,3,3,0 0 0 0
610b99de-da7c-4fd6-b6bb-6f6f4b762e1f_2face0_234_382_336_444_00001.png,3,3,0 0 0 0
2b93a770-e3e1-4889-9d9e-30baf2b0e50c_2face0_336_668_365_471_00011.png,3,3,0 0 0 0
de81c3a6-5140-4da6-aed1-0c2218a765a4_2701face0_614_314_323_453_00004.png,3,3,0 0 0 0
c3d174ac-fafe-421f-a3a8-ca4ef5d86b33_302face0_464_217_275_386_00001.png,3,3,0 0 0 0
6d578eb9-f0d8-492b-9aea-a3b3baa86af7_2face0_545_222_275_399_00004.png,3,3,0 0 0 0
005f88e9-5b13-486d-93dc-fe6bafca1844_2face0_360_771_329_418_00001.png,3,3,0 0 0 0
1e367ef2-ca9a-473c-9fb9-bd32499665fd_2face0_245_366_396_45500002.png,3,3,0 0 0 0
d0a8d8ef-ae62-439c-9e10-716e0b82b886_902face0_301_154_351_466_00006.png,3,3,0 0 0 0
4f9dc02e-33a2-4c65-9b34-192760fe56db_902face0_720_400_221_297_00002.png,3,3,0 0 0 0
ba2a69e1-a94d-4246-a73a-9760350063fd_2face0_61_267_889_1156_00005.png,3,3,0 0 0 0
eb205a0b-3dd9-45c4-b881-d349b49c6fbd_602face0_432_225_182_253_00001.png,3,3,0 0 0 0
64771770-09dd-4227-88fa-7886a3348de5_10001107face0_422_419_249_331_00001.png,3,3,0 0 0 0
8e965256-38eb-425a-9ee4-511828c01691_602face0_159_124_454_595_00009.png,3,3,0 0 0 0
4a960f56-b9c5-484e-9485-0c4f43e872ad_602face0_190_487_452_45600001.png,3,3,0 0 0 0
c8fb742d-8c50-4da0-ab12-f0deebe390e5_2face0_406_166_411_547_00001.png,3,3,0 0 0 0
59a64df0-4cf1-4295-9bfd-d9899bc5f91e_302face0_364_130_477_638_00001.png,3,3,0 0 0 0
35f77237-976d-4888-97b1-3b3a74154f24_2face0_99_294_201_262_00004.png,3,3,0 0 0 0
8e49f462-227a-4143-b9c2-305e08bc69a2_2400face0_543_721_196_251_00004.png,3,3,0 0 0 0
00734995-8f11-4e71-a025-188071646b22_2face0_394_327_347_458_00008.png,3,3,0 0 0 0
36356a5d-f03a-47db-9772-58749cf8f415_302face0_605_581_303_405_00012.png,3,3,0 0 0 0
8631508d-17e7-4529-9a46-0c8f27afc423_10003598face0_195_552_254_347_00002.png,3,3,0 0 0 0
2071f5ba-b395-457c-80ea-6db56af55fc5_2face0_730_284_215_292_00002.png,3,3,0 0 0 0
e3e42961-1ad9-4aa1-8e86-ed73c42189af_1801face0_483_915_261_353_00001.png,3,3,0 0 0 0
14416c81-ac7e-4285-92d0-0bac4b7969c9_10000022face0_359_609_288_366_00001.png,3,3,0 0 0 0
4986305a-2781-4e11-b331-4d43e1b4fd53_303face0_172_107_320_431_00010.png,3,3,0 0 0 0
b5216b95-84aa-4144-b07b-c0da28b7490e_1202face0_87_371_345_449_00012.png,3,3,0 0 0 0
b1341e57-64a0-45df-87db-1c2ef0cdcb00_302face0_679_457_244_303_00010.png,3,3,0 0 0 0
2b219db1-b111-49d1-90c0-e5451feb0b08_302face0_443_218_352_458_00001.png,3,3,0 0 0 0
b3c73075-f603-4379-bf8c-1da05ca96fdd_2face0_273_209_369_492_00007.png,3,3,0 0 0 0
3934461c-cd87-487d-9366-942891e23180_302face0_693_668_158_205_00002.png,3,3,0 0 0 0
d0758bfb-66b9-4d49-92ec-f577d252584f_2face0_293_237_201_262_00001.png,3,3,0 0 0 0
ffb229dc-bc8a-40d9-8b6d-5ee4afb8deb4_10000751face0_153_133_309_418_00001.png,3,3,0 0 0 0
3600c0f2-8ca0-4fd0-826a-3076522dd35f_2face0_121_102_753_1013_00008.png,3,3,0 0 0 0
d83c6a70-11d2-48f7-b9cd-1945b697b5e5_302face0_454_342_207_259_00007.png,3,3,0 0 0 0
8c6020c0-1345-42f8-8e7c-4e24d6bd7d9e_10001461face0_282_225_359_486_00001.png,3,3,0 0 0 0
e4b859e1-74d4-4df2-b193-73c79b5b66c4_302face0_513_148_488_610_00001.png,3,3,0 0 0 0
50637482-c71a-42df-8554-a73d403d8629_10000001face0_331_425_309_403_00001.png,3,3,0 0 0 0
205a3ca6-722e-4cd7-8958-405bac957580_2face0_495_290_362_471_00007.png,3,3,0 0 0 0
b141a789-bee7-42fd-9314-9f9f1905202d_302face0_402_178_526_647_00004.png,3,3,0 0 0 0
5be558e2-f5fe-427e-a051-925353329e4e_2face0_561_584_189_259_00001.png,3,3,0 0 0 0
c32f50ae-7518-4659-b1e9-b15164591a0c_10000458face0_444_450_250_342_00001.png,3,3,0 0 0 0
2257fa72-d5cf-406a-af26-45e5c70fe5fa_2face1_330_596_130_168_00001.png,3,3,0 0 0 0
994869ec-a6c4-410e-8355-31fe098730be_2face0_221_395_802_1071_00010.png,3,3,0 0 0 0
076e4599-eaf2-4a45-8a3e-3d1fd239f7ef_302face0_150_123_312_464_00001.png,3,3,0 0 0 0
559f3f10-a704-4c12-bdbc-0f5272d76b39_1801face0_419_777_278_353_00001.png,3,3,0 0 0 0
2b38b1ce-527d-4201-a05f-545a3585ca61_2face0_466_444_198_259_00001.png,3,3,0 0 0 0
60ee2cc9-73dc-4c99-ac4a-2279a0a67b16_10002451face0_115_570_182_240_00008.png,3,3,0 0 0 0
758a2962-caab-412e-b4ed-6cc040fd4bc7_2face0_572_576_175_212_00001.png,3,2.9473684210526314,0 0 0 0
59ab5b72-152e-4872-8aea-a9fc4bc1154a_2face0_364_323_468_660_00001.png,3,3,0 0 0 0
6d5cafa6-8ceb-47e8-8e50-794dad2568c4_2face0_391_239_202_20000012.png,3,3,0 0 0 0
0394de2d-9aa0-40e0-ad42-e2bba920f5b3_302face0_301_452_536_690_00009.png,3,3,0 0 0 0
9e97f264-9ef2-46d3-a061-4de45b1cce48_2face0_399_70_604_821_00011.png,3,3,0 0 0 0
21d4b738-3b3d-4a27-b5d4-8c9a7fbe07b9_302face0_256_346_330_445_00001.png,3,3,0 0 0 0
07baccd7-ea95-4abb-89f4-fea4dac9ac17_902face0_784_720_127_12600001.png,3,3,0 0 0 0
b8d22b33-cd51-4929-8d69-0433163e715a_10001489face0_310_414_446_579_00004.png,3,3,0 0 0 0
3ec69463-1061-4f56-831f-ab2627827bd2_2face0_97_172_371_495_00001.png,3,3,0 0 0 0
61b8a3fd-ab85-4856-8c5f-bee2cc4ccd94_302face0_160_102_417_547_00001.png,3,2.9473684210526314,0 0 0 0
493e95a5-49f5-41cd-bf9a-743465f283cb_2face0_160_302_302_431_00005.png,3,3,0 0 0 0
ad14482b-379a-417c-abbf-de32e92b98a0_302face0_636_425_187_18500007.png,3,3,0 0 0 0
c457ada0-2423-43af-85b5-ac5a7cb723f1_302face0_205_90_316_405_00004.png,3,3,0 0 0 0
1664c6c7-0b7a-45f1-91a3-d32533b629e7_2face0_141_152_529_671_00001.png,3,3,0 0 0 0
3472809f-0631-447b-a098-42e2b8f352be_602face0_117_585_522_697_00003.png,3,3,0 0 0 0
7e2b1379-ff6f-4928-895a-e7e55fc363f8_1801face0_431_557_295_397_00001.png,3,3,0 0 0 0
16074668-47c7-44ca-a24d-9fa22147a7f5_602face0_322_544_130_166_00001.png,3,3,0 0 0 0
fc1b5aa7-9938-426c-b9d2-b3bc9ed93fcb_1502face0_510_759_182_223_00009.png,3,3,0 0 0 0
82ae8042-ae91-4395-86f2-400fed70a1e8_602face0_272_326_203_257_00001.png,3,3,0 0 0 0
ed11ebd6-6693-46a1-bc94-611b5368ff97_2face0_452_611_173_218_00002.png,3,3,0 0 0 0
d5815689-37ec-44cf-8974-e595d642b33d_10001708face0_391_749_299_408_00001.png,3,3,0 0 0 0
5e24788c-173d-4a22-b250-20e1e130d7be_3601face0_329_439_277_334_00001.png,3,3,0 0 0 0
18019c1a-1471-4e99-a794-1096adea398f_602face0_505_549_128_181_00002.png,3,3,0 0 0 0
79183ce2-54b9-4dc7-b255-4b04afcf9f39_2face0_599_170_366_479_00004.png,3,3,0 0 0 0
aa4142f3-89b8-4e32-81ae-eea9451b5b4b_902face0_451_491_298_394_00008.png,3,3,0 0 0 0
e83196cc-1e49-4c73-b2ec-f90284814e70_302face0_130_404_196_240_00007.png,3,3,0 0 0 0
d679cae6-4aaa-4359-a5d3-92352919d1fd_302face0_233_452_233_301_00002.png,3,3,0 0 0 0
9875eb88-3b18-4281-b5d9-9378a5f97dc5_302face0_467_278_208_292_00003.png,3,3,0 0 0 0
d5ac7989-5245-403f-91b0-937adfc1aef4_602face0_309_115_166_240_00001.png,3,3,0 0 0 0
cf6289dc-0a9d-43f5-923e-d89ba86523eb_2face0_180_264_302_427_00010.png,3,3,0 0 0 0
026227c6-661f-42f4-b02c-e628bbc51cbb_2face0_271_707_358_445_00001.png,3,3,0 0 0 0
03961b12-facf-4ba5-b47f-32b2de81b1a1_602face0_285_410_215_288_00003.png,3,3,0 0 0 0
ee96cdbc-3fb3-4a9a-9363-8de49bb5989f_2face0_266_445_340_425_00003.png,3,3,0 0 0 0
40dae555-1477-4964-88e7-c463dfae7213_2face0_315_600_424_530_00001.png,3,3,0 0 0 0
20cb4e74-8296-4470-8523-43b48176944d_302face0_318_156_428_595_00001.png,3,3,0 0 0 0
78ae8e6c-8c65-4fa0-a044-6dae8cc5f76b_302face0_305_287_173_234_00003.png,3,3,0 0 0 0
cdc26a4f-a0f4-4fb3-a7a3-79a8aae55a7b_2face0_400_290_470_629_00005.png,3,3,0 0 0 0
f1c02f3b-b1ec-4797-80a4-2b259709b72d_10000901face0_534_505_163_210_00004.png,3,3,0 0 0 0
db7cbc9f-2dca-48f5-9cb6-096128de551b_2face0_173_69_334_456_00001.png,3,3,0 0 0 0
2fadde3b-b1fc-4952-b527-a88672ec95ca_302face0_174_146_240_310_00002.png,3,3,0 0 0 0
ae3ed088-7d6c-48c0-814f-6b7e1a946271_10001799face0_369_556_336_427_00004.png,3,3,0 0 0 0
49fbb80b-46fc-4f77-a2f8-7287c39bd1ea_2face0_513_348_250_338_00001.png,3,3,0 0 0 0
0740169e-f5e2-42e8-b8f7-33967969fd7b_2700face0_403_58_438_630_00011.png,3,3,0 0 0 0
3596c05a-78b2-41ae-a35b-bc05fcfc9205_2face0_403_320_302_412_00004.png,3,3,0 0 0 0
20da9d6f-b8e9-4dca-9ae3-8973e3609aac_10000515face0_619_697_281_382_00001.png,3,3,0 0 0 0
5e664a83-03f3-4d04-b775-c9135df1d68e_3596face0_400_197_544_656_00007.png,3,3,0 0 0 0
213b811c-3d88-42f5-8a12-cb7b7668c684_2face0_255_367_434_527_00005.png,3,3,0 0 0 0
45f25a8b-769c-4ad7-a0af-b9177dffc9a9_2face0_605_106_291_394_00003.png,3,3,0 0 0 0
eaa53929-43cb-4255-b3e6-ff5c43755c48_10000000face0_420_520_275_379_00004.png,3,3,0 0 0 0
56e53edf-7fd2-4fdd-8a6a-27f8f63ad763_2face0_326_135_194_262_00005.png,3,3,0 0 0 0
3ee64618-a934-431f-ad44-d0198c24f881_2face0_269_409_358_444_00002.png,3,3,0 0 0 0
f0b15155-8a6d-4c5e-9fce-d95b78855791_2face0_325_358_368_479_00006.png,3,3,0 0 0 0
f301538d-20eb-4e3a-92d9-9b17c132a518_302face0_336_267_196_260_00005.png,3,3,0 0 0 0
92018dd9-d40f-4852-b09a-a97b3ba34050_302face0_248_100_180_21300008.png,3,3,0 0 0 0
e62d0094-a50a-4c20-b1f3-22cb07c104ad_302face0_202_263_366_492_00008.png,3,3,0 0 0 0
9b117adb-059c-48d0-a1a9-a4347ccf21e4_302face0_114_105_250_347_00002.png,3,3,0 0 0 0
5f834f18-3427-4856-b7b9-699906d4a003_302face0_533_704_140_177_00001.png,3,3,0 0 0 0
98039423-ac55-451f-8149-45074482ec65_2face0_311_584_197_283_00001.png,3,3,0 0 0 0
a7714861-0c43-436c-94e3-2e9f320092c8_302face0_315_94_351_475_00001.png,3,3,0 0 0 0
0937504a-cc3a-4226-981b-9bcce62e49de_10000001face0_358_124_565_725_00001.png,3,3,0 0 0 0
6e2368f4-2cbf-4f27-968b-ceb425d19717_2face0_273_899_240_308_00003.png,3,3,0 0 0 0
af072c77-732f-4ff7-985e-089f04a54a7f_302face0_578_359_281_355_00008.png,3,3,0 0 0 0
c98d4ac5-b365-4a9b-b827-4d711b4b5909_1789face0_527_767_240_294_00003.png,3,3,0 0 0 0
4fd681eb-5620-46d5-b48e-16e3b7b0ead6_1801face0_279_816_303_371_00001.png,3,3,0 0 0 0
dc60fb95-f8d1-47ec-a4be-b966585004cd_2face0_744_413_285_370_00005.png,3,3,0 0 0 0
09eca7ab-17f9-4b3b-a744-2f93b9f3853b_10000001face0_330_837_316_407_00001.png,3,3,0 0 0 0
390db9a2-d5d4-4c06-b418-ea3330e97a67_302face0_353_153_259_357_00001.png,3,3,0 0 0 0
56335526-bb1d-4a2f-9143-9d657ef0040e_2face0_334_261_457_614_00001.png,3,3,0 0 0 0
ea34e059-95a5-4f4b-aa04-a57c23e20f05_2face0_88_687_750_960_00001.png,3,3,0 0 0 0
79b43000-c310-458c-911f-c374440c60b7_2face0_379_570_392_521_00002.png,3,3,0 0 0 0
466a25e5-ae28-4040-99e4-432e5c232aab_2face0_270_473_431_538_00004.png,3,3,0 0 0 0
983e1c28-92af-4c58-8cbe-aa40b23ad1f8_2face0_135_358_519_684_00005.png,3,3,0 0 0 0
bf0bb369-0054-44dc-b43f-7f35c36bfcad_602face0_269_345_292_390_00005.png,3,3,0 0 0 0
2091ecfe-6d1b-456c-9984-0d2b9caf5909_302face0_523_315_365_436_00007.png,3,3,0 0 0 0
cff15225-72b3-4101-888e-42937a5857fc_2face0_165_310_260_331_00006.png,3,3,0 0 0 0
3f0e5f9b-b9e5-4149-a77f-afa2d01da03c_2face0_442_61_351_431_00003.png,3,3,0 0 0 0
f119332f-69a0-4cc6-8a4f-22c905e5a52d_2face0_404_87_183_238_00012.png,3,3,0 0 0 0
77db5a4e-55d1-4b63-ac4b-41d5639ae712_602face0_643_170_352_464_00001.png,3,3,0 0 0 0
5e656787-3980-4f56-8d5a-40562c135bcf_2face0_300_517_330_438_00003.png,3,3,0 0 0 0
6061cbea-fd77-46e5-8c25-27959868444f_2face0_342_223_169_220_00008.png,3,3,0 0 0 0
139d4ff1-05cb-4e8d-9d11-a50d183e20c9_2face0_304_298_443_562_00002.png,3,3,0 0 0 0
95da95de-405d-49cc-a01c-d89060ca1f8e_2face0_346_199_260_336_00012.png,3,3,0 0 0 0
1c069e65-9551-4628-a64d-3aa299bd1f07_2face0_482_389_295_368_00001.png,3,3,0 0 0 0
70d7bbed-8102-4301-a665-6da7d60dbc37_302face0_101_221_396_495_00001.png,3,3,0 0 0 0
799d3014-2857-4654-bbe7-783e0c345f4c_2face0_60_274_923_1344_00004.png,3,3,0 0 0 0
2d9e6998-39ba-48cf-bf79-40628ca76d12_2face0_410_349_350_471_00001.png,3,2.75,0 0 0 0
b2b603fc-dc75-469f-86ba-e0fbc31e2196_10004552face0_66_69_555_740_00002.png,3,3,0 0 0 0
11e25d79-6411-4c9e-b7de-6c4f79ebccc2_10000038face0_417_852_302_386_00001.png,3,3,0 0 0 0
bd525132-5b8a-436a-9bf9-34bac12790ad_2face0_620_672_243_318_00006.png,3,3,0 0 0 0
445f20c4-042f-4c84-ae0b-f5ae2c88f2d0_2face0_263_365_477_588_00004.png,3,3,0 0 0 0
31123202-af4d-4e02-a91d-015b3031c957_302face0_274_406_246_310_00007.png,3,3,0 0 0 0
7a7a9eb5-60b5-4bde-964f-b379bd59543d_2face0_378_539_316_394_00001.png,3,3,0 0 0 0
521644c4-1c38-45e5-b475-d2c07a190985_2face1_273_378_292_390_00011.png,3,3,0 0 0 0
9bc7e242-5520-42c8-abac-0a9a9d3474dd_2face0_320_300_147_16200002.png,3,3,0 0 0 0
b2b18e4c-2771-4057-ab79-9f87ea60bfee_302face0_329_258_215_268_00001.png,3,3,0 0 0 0
b534d96a-2aa6-4f2f-92bc-dad1c042137c_2face0_328_104_588_841_00008.png,3,2.9473684210526314,0 0 0 0
ccb805d3-9425-4156-baf9-c71e5de1da71_2face0_465_885_237_299_00001.png,3,3,0 0 0 0
58be2b69-cf8c-425c-9f4b-3d9729ceb8a3_302face0_186_373_224_284_00002.png,3,3,0 0 0 0
2c092b38-feeb-475b-91f7-7bc49650109b_602face0_493_429_224_318_00011.png,3,3,0 0 0 0
1335be84-6e69-47f9-ad85-af065a70c4ad_302face0_341_107_151_192_00003.png,3,3,0 0 0 0
8b9b9ca7-c90d-442a-8347-2207c273d629_10000635face0_260_444_382_493_00001.png,3,3,0 0 0 0
612eac86-5418-45ac-95fa-43da36b93747_2face0_361_185_351_466_00002.png,3,3,0 0 0 0
d3024722-b5a0-4239-87dd-1b777928ed0d_2face0_457_103_401_512_00001.png,3,3,0 0 0 0
9c8f7c73-3740-4db5-9448-740a0cda58af_2face0_770_388_170_214_00003.png,3,3,0 0 0 0
4f06d9a8-2d7a-4799-9bb8-328d9e23cc7c_2face0_281_411_316_414_00001.png,3,3,0 0 0 0
46cd5898-cd96-4402-9608-13ed807c5fee_2face0_331_553_417_508_00001.png,3,3,0 0 0 0
0047d05f-7355-413b-87b4-7eccf5386cb6_2face0_467_373_215_286_00001.png,3,3,0 0 0 0
bb807e95-491b-489b-83bd-d88b1440e45c_2face0_243_325_334_466_00002.png,3,3,0 0 0 0
9f5eb0c5-0d68-4f3d-aada-048064eb5a58_602face0_562_215_411_542_00001.png,3,3,0 0 0 0
4b9e9e55-6273-4d16-9dd4-6a9ab0f19e19_902face0_242_180_445_608_00003.png,3,3,0 0 0 0
aedf054c-993a-40d9-9e47-867d0c0c4084_902face0_260_346_704_76100010.png,3,3,0 0 0 0
ce851cb4-bded-4380-b702-aac743e37fde_602face0_218_59_354_460_00007.png,3,3,0 0 0 0
3385c8bf-f86e-42af-afcd-d377fd12a501_602face0_258_96_205_275_00007.png,3,2.9473684210526314,0 0 0 0
dc725431-9945-49f4-877a-bc0e8d94acce_2face0_222_345_186_227_00008.png,3,3,0 0 0 0
13fcdef5-313c-4d3c-b8a6-c7b3210230f9_2face0_454_507_198_240_00001.png,3,3,0 0 0 0
810bc310-eeac-4dbe-a3e4-304040f55af3_302face0_792_500_158_201_00010.png,3,3,0 0 0 0
42ef4ad8-1a78-42bd-8ad1-617faf7abc80_2face0_324_356_278_384_00002.png,3,3,0 0 0 0
b0368597-11e5-4bdd-8c00-d2546623444b_2400face0_434_493_147_214_00002.png,3,3,0 0 0 0
36d78b43-ccd0-444c-a8bd-63822fbd8ced_2face0_106_69_812_1167_00001.png,3,3,0 0 0 0
55905d84-70a6-4d28-96a6-e7de9a213f92_2face0_286_344_177_229_00007.png,3,3,0 0 0 0
5fe4794c-084f-459d-bdd6-6fe8251fd209_10002625face0_372_653_249_320_00001.png,3,3,0 0 0 0
173e8cc0-ff2c-4d9f-b7c9-ad7006ff5ef3_2face0_310_243_617_765_00003.png,3,3,0 0 0 0
82acae38-95d6-4346-b2ad-c1080003285d_2face0_450_515_368_492_00001.png,3,3,0 0 0 0
22e60ba8-1dda-4c3a-b6d6-07f4443b0ec8_302face0_299_799_289_386_00010.png,3,3,0 0 0 0
765e5b7a-12cd-4363-9fa9-44a0d51c490b_302face0_516_693_173_212_00001.png,3,3,0 0 0 0
2ec412ee-ea35-4805-a41e-aa05643ecb65_2face0_109_528_250_323_00001.png,3,3,0 0 0 0
256c22b0-edd7-4bb5-a7b4-8b409379ccd0_302face0_634_238_340_453_00001.png,3,3,0 0 0 0
b99229c0-a8f2-4714-86cd-9b0204210220_1801face0_502_909_259_318_00006.png,3,3,0 0 0 0
acf5d629-82f0-40e2-b551-31cfa06a4c73_2face0_71_612_914_1176_00010.png,3,3,0 0 0 0
2791a2d1-2c67-4cc5-a1ac-af092a76c57a_302face0_447_598_372_458_00005.png,3,3,0 0 0 0
5c2ff2fa-93f2-4d29-8aff-637d10ea9114_2face0_393_297_434_549_00002.png,3,3,0 0 0 0
cd56e1e4-710f-4ec0-bd5d-f3b0af822ad9_302face0_372_236_200_22400001.png,3,3,0 0 0 0
70b8ed21-3950-4393-a2b4-bea710a63175_2face0_214_80_513_664_00012.png,3,3,0 0 0 0
693f400a-9e8b-4530-85d7-3617340c86aa_2face0_371_224_659_932_00006.png,3,3,0 0 0 0
501e5d17-ab50-4ee0-98a9-7065284b368d_302face0_493_265_165_233_00001.png,3,3,0 0 0 0
c56b4803-6ad9-40ed-bb14-98f996f8199c_2face0_323_613_354_453_00001.png,3,3,0 0 0 0
458b047b-1d50-43fc-872c-d9130e589e1c_1802face0_353_482_401_486_00001.png,3,3,0 0 0 0
96cfb83f-4d54-4ea8-b75d-10e3604e99a3_302face0_376_110_334_477_00003.png,3,3,0 0 0 0
7741491e-46ac-4cd0-8283-6a3007024101_302face0_542_494_189_255_00005.png,3,3,0 0 0 0
eda701ad-f55b-4629-9d9e-a3dba350b129_302face0_308_310_358_462_00007.png,3,3,0 0 0 0
978e7b4f-f8d3-436f-b387-c770edf522ed_302face1_200_459_301_427_00005.png,3,3,0 0 0 0
386bfef8-ed97-48c6-9bdb-338e567eb303_302face0_603_154_201_299_00002.png,3,3,0 0 0 0
6318c720-5186-46db-8db9-27a0d249cab3_2face0_260_119_382_495_00001.png,3,3,0 0 0 0
5d6edaa0-00f5-457c-a110-fda31ad12942_2face0_519_398_230_338_00002.png,3,3,0 0 0 0
0d1d3af3-943d-4efb-bef8-3692aadd1d2b_302face0_280_142_522_723_00001.png,3,3,0 0 0 0
ac57c95d-88f0-4426-8a66-a56637160c7f_302face0_100_201_278_349_00009.png,3,3,0 0 0 0
0755eeb1-25b6-400a-a979-9dedcbf59ea0_2face0_360_990_204_21000007.png,3,3,0 0 0 0
c2e549de-0819-4168-8133-6788d67a65c2_2face0_154_394_392_560_00001.png,3,3,0 0 0 0
2945aafc-3539-44a7-b9c3-48d5fe8bd355_902face0_434_114_203_281_00001.png,3,3,0 0 0 0
b384fcd0-ec74-4c25-b164-943d4dd9930c_2face0_82_741_697_73100001.png,3,3,0 0 0 0
d42fb6ce-bbac-4d5f-800d-2b56db200176_2face0_574_292_260_355_00010.png,3,3,0 0 0 0
7688377c-3473-46c0-8edf-5c18b8bea82f_902face0_583_327_250_327_00001.png,3,3,0 0 0 0
96cf88ae-3d03-4ecc-aece-b61bc0bd3974_2face0_522_762_323_414_00002.png,3,3,0 0 0 0
5953c489-5306-4a24-9ec2-9c3f1d07dd16_602face0_471_767_151_199_00010.png,3,3,0 0 0 0
c4353d0d-cc06-48e7-9445-75983dcfb2f4_2face0_524_424_505_671_00001.png,3,3,0 0 0 0
7b476314-f446-45d0-9e0a-3e35acb30b9b_1800face0_444_654_327_427_00001.png,3,3,0 0 0 0
94eddbeb-455e-499c-8b40-c60946dcd124_602face0_545_86_439_586_00008.png,3,3,0 0 0 0
e15e93b3-1c75-42e1-960c-dd05763ce338_2face0_273_62_194_257_00007.png,3,3,0 0 0 0
01bbfe73-384c-4290-9f3a-491e6015da02_902face0_248_366_392_558_00001.png,3,3,0 0 0 0
59f6f680-d53b-4216-89c0-971bacd30529_1794face0_446_716_341_456_00001.png,3,3,0 0 0 0
8b9ed99e-06e9-40f5-b85d-a13dad128eb5_302face0_257_192_260_329_00001.png,3,3,0 0 0 0
84b257b7-1ff9-476e-abb4-4af42772d868_2face0_416_427_389_532_00001.png,3,3,0 0 0 0
9c15690f-e432-42de-a942-f50fcb5f571a_302face0_371_772_312_397_00008.png,3,3,0 0 0 0
db63bcd6-af1a-4660-9a60-082a9340655c_602face0_277_387_561_764_00001.png,3,3,0 0 0 0
d7713516-1434-4aff-badf-4e14491710a9_2face0_379_154_442_584_00001.png,3,3,0 0 0 0
534e7f1e-0eca-4fd8-bd54-4fb2a7ad0aea_2face0_710_516_254_303_00002.png,3,3,0 0 0 0
b69127cb-925e-4869-a93c-bbe32aef9f3e_2face0_337_496_296_399_00001.png,3,3,0 0 0 0
4606af1a-0747-4cdb-8c86-d53bbefc0ff5_10000297face0_534_446_175_234_00006.png,3,3,0 0 0 0
7e511cc0-8b4b-4d56-827c-64504c834cbe_302face0_149_489_428_540_00001.png,3,3,0 0 0 0
a438b837-d0b5-4e04-8c76-364efaf4a873_302face0_567_491_177_227_00002.png,3,3,0 0 0 0
83834faf-cad6-4416-a58c-27b3ad781484_2face0_520_209_449_566_00003.png,3,3,0 0 0 0
2e02aae3-9060-432f-94cd-34c08540486c_10000030face0_288_713_296_397_00001.png,3,3,0 0 0 0
51631c12-5357-4a93-ba67-58a35d81ef63_10000479face0_215_51_218_297_00001.png,3,3,0 0 0 0
273f9f57-fe17-4af8-9cab-09e2dd9a03fe_10000274face0_671_444_341_451_00004.png,3,3,0 0 0 0
810e7606-a8be-4824-9f61-6c18d77ac5b4_302face0_341_403_170_240_00001.png,3,3,0 0 0 0
4677fcbd-5c66-4269-84c6-8955d98d544d_2face0_186_80_639_891_00001.png,3,3,0 0 0 0
184602e8-aa86-4dc3-af54-c435640ca8ae_10000360face0_133_448_271_336_00008.png,3,3,0 0 0 0
9e05521e-2874-45d4-8026-1312687cb952_302face0_408_147_255_29700007.png,3,3,0 0 0 0
2483bb8a-d2a6-4432-b794-68e9a74f4e82_2face0_356_212_214_277_00001.png,3,3,0 0 0 0
e30fd63f-8b54-46a4-97a7-fe9dffa69ca6_602face0_322_176_435_595_00001.png,3,3,0 0 0 0
a3bddb38-da1b-4dac-9154-0a7466a3d97b_302face0_471_313_148_209_00003.png,3,3,0 0 0 0
e5044e72-1eaa-4eea-b94b-4214e711d64c_2face0_92_53_203_253_00012.png,3,3,0 0 0 0
291e19d8-2883-4062-abc7-aef4de8a99df_302face0_404_506_348_453_00001.png,3,3,0 0 0 0
16962d30-9a78-42c9-940d-854c3998a33e_2102face0_211_698_109_11700002.png,3,3,0 0 0 0
2d3ffd1c-ed8b-4b18-8038-b83aea63de59_902face0_276_97_154_207_00003.png,3,3,0 0 0 0
9de0f8fe-22dd-4fd1-afb1-c81d9131fb21_10001923face0_134_530_264_340_00001.png,3,3,0 0 0 0
50de2dde-90e7-4ac5-a711-370a034fd87c_2face0_347_492_341_431_00001.png,3,3,0 0 0 0
45cb7d96-e02e-4729-b76c-489296d79b61_10000705face0_50_821_162_183_00002.png,3,3,0 0 0 0
7cee0283-fcb6-4df1-9d30-de44bc3f6217_10000001face0_94_416_386_469_00001.png,3,3,0 0 0 0
3fec6d8b-6f8a-488d-8a4f-13a547c3a58e_2face0_618_302_145_199_00001.png,3,3,0 0 0 0
2898ba01-dc46-47d7-8e58-23eb81c07575_302face0_120_317_285_379_00005.png,3,3,0 0 0 0
63e12716-f23e-4f34-a99d-a190cd9b3188_302face0_295_238_274_379_00003.png,3,3,0 0 0 0
6d8dbb4f-64c5-4204-844d-3e9198d7a7f9_2face0_591_543_225_296_00012.png,3,3,0 0 0 0
676c5dd6-fecf-4872-9e76-746a4d469b59_2face0_209_274_452_625_00001.png,3,3,0 0 0 0
432685c3-6617-4d2b-985f-23cae4bae75b_2face0_643_743_347_427_00007.png,3,3,0 0 0 0
96366499-eac7-476f-be7e-6c52cb23f16e_2face0_444_237_220_25000001.png,3,3,0 0 0 0
6e2ada55-fce8-4c79-8012-19f1dad96302_302face0_514_734_200_266_00003.png,3,3,0 0 0 0
98687a6e-d666-43bf-93a3-e1806a3f1431_302face0_334_379_338_438_00005.png,3,3,0 0 0 0
9fda6793-1827-42f1-af66-d42e8a3cfc72_2face0_573_436_322_395_00002.png,3,3,0 0 0 0
af3a4a8d-be86-4735-ae0c-82f33d2afdbf_2face0_423_466_166_233_00003.png,3,3,0 0 0 0
5363c470-8af1-4a1a-970d-2c8582ed7a11_2face0_436_313_222_329_00001.png,3,3,0 0 0 0
99c1759c-f309-4635-a23b-768c0f44e80e_2face0_406_315_351_434_00002.png,3,3,0 0 0 0
6fc7f522-7c8d-46b7-901d-59e7d2e648da_1202face0_522_792_207_281_00007.png,3,3,0 0 0 0
3a8ecd1b-b6f9-4d37-8486-6206de13c080_2face0_512_638_376_497_00007.png,3,3,0 0 0 0
29f3dcf1-0823-4726-bf51-746f7c66c07f_2face0_337_625_390_481_00001.png,3,3,0 0 0 0
5a0172e1-2fcc-43ea-a927-c8a1223cce98_302face0_427_141_394_558_00005.png,3,3,0 0 0 0
b791ce27-86e8-4111-a0d1-a0e70e48f010_2101face0_368_550_271_370_00001.png,3,3,0 0 0 0
0dd5523e-f2c2-4398-bc28-72595992cc2f_2face0_312_295_344_451_00006.png,3,3,0 0 0 0
97eb435e-e24f-4717-b656-ca9ed3e58a3b_10000901face0_92_348_468_640_00004.png,3,3,0 0 0 0
3586f16b-f88e-43f0-996e-0e05c5c4a14f_307face0_336_77_317_405_00003.png,3,3,0 0 0 0
49a346fe-89c4-49ce-b800-3801b55d4e24_2face0_134_244_320_429_00012.png,3,3,0 0 0 0
b5f33a96-07d6-4130-81db-d66ed2996857_2face0_227_436_600_736_00001.png,3,3,0 0 0 0
6e0022f8-af7e-471e-a179-6282b7488844_2face0_411_702_235_323_00002.png,3,3,0 0 0 0
1f85773e-85bd-4121-a7de-c61363a1b3b8_2face0_525_367_170_233_00001.png,3,3,0 0 0 0
8a579b19-4302-49ab-a9c4-31f326b01c9b_10000253face0_244_180_603_795_00001.png,3,3,0 0 0 0
eff6d3a8-4066-467e-ba03-eacef6ff00db_2face0_100_158_487_610_00008.png,3,3,0 0 0 0
3568896c-fd0d-4f48-916e-28dcde7b372d_302face1_680_542_240_318_00002.png,3,3,0 0 0 0
025f1838-5259-4eb4-9a4d-446f632339a1_10000593face0_408_398_221_279_00003.png,3,3,0 0 0 0
8655c0f8-b00d-48bc-b85d-861e8307e382_10000285face0_416_133_518_677_00002.png,3,3,0 0 0 0
8d843767-89f1-4e05-9d44-a0eea5c7291b_302face0_250_379_221_283_00001.png,3,3,0 0 0 0
b3d52f18-0a00-484f-9961-84c5078b7225_2face0_641_332_201_268_00001.png,3,3,0 0 0 0
f8890bc5-51bf-4021-acd0-9b397d5fe6ab_2face0_422_917_277_331_00002.png,3,3,0 0 0 0
d5dbf7d1-b698-466b-80ec-c8566576c979_302face0_143_330_295_392_00001.png,3,3,0 0 0 0
cfbdfddf-6d70-40a7-a063-8982f8bf3f0a_2face0_467_853_232_297_00001.png,3,3,0 0 0 0
90827e63-8774-4080-af22-1a75f29d0f47_302face0_509_123_299_431_00001.png,3,3,0 0 0 0
bac073df-7e69-405f-a3fd-8bd51ee0dfe6_2face0_324_555_394_501_00002.png,3,3,0 0 0 0
4df2ec51-f1da-4803-88a4-1e6cb19d7b31_10000298face0_203_190_508_638_00001.png,3,3,0 0 0 0
b9a18abd-9d03-49d9-8d07-21ac1b234d67_2face0_239_441_590_730_00001.png,3,3,0 0 0 0
7dab8c5b-1999-4a1c-b2f0-1319bd3ac34d_2face0_319_279_263_316_00001.png,3,3,0 0 0 0
a5bee56d-7273-41c4-87a0-875082317bda_2face0_221_163_266_28300001.png,3,3,0 0 0 0
93106907-147b-4d1f-b84b-b09bc7404bca_2face0_358_283_604_788_00001.png,3,3,0 0 0 0
2dd6f769-3aa2-4df2-95e0-6ff870e040b8_2face0_438_737_319_458_00012.png,3,3,0 0 0 0
c4abd267-1b75-4b98-b391-6f0c8a0cc8f6_302face0_417_551_151_209_00003.png,3,3,0 0 0 0
a7e74cd8-c26f-4070-ae16-7d0a1c174a40_2face0_250_467_364_510_00004.png,3,3,0 0 0 0
f6c632f4-9a64-40ff-aa72-43cbabf4b2d7_2face0_544_276_201_273_00007.png,3,3,0 0 0 0
dd34d479-4467-4e3d-bb7b-45070a281170_302face0_232_335_326_434_00001.png,3,3,0 0 0 0
22d9c692-7f61-41be-9433-c61e14fead77_302face0_747_149_266_336_00002.png,3,3,0 0 0 0
301fb3b0-c716-47be-a087-fb0caae439d0_2face0_53_344_423_41900001.png,3,3,0 0 0 0
45002387-8d81-4d1f-8785-40ea974d108e_2face0_362_397_236_24300008.png,3,3,0 0 0 0
6d3038db-0fe4-44c1-b27b-8683c2bdeb93_2face0_446_434_307_32800001.png,3,3,0 0 0 0
d5845d75-955c-4784-bb93-d9462a9db743_302face0_105_371_203_264_00001.png,3,3,0 0 0 0
30f33a86-f175-4d8a-83ab-d0879f62a27d_602face0_189_146_176_225_00001.png,3,3,0 0 0 0
276b029e-8d70-48f7-8986-4d91d6c03aff_10002048face0_624_57_282_377_00005.png,3,3,0 0 0 0
58c45e3e-3406-408d-8986-c0fa6c60403c_2face0_306_130_571_699_00003.png,3,3,0 0 0 0
af0a3916-7f9a-4dcc-ae19-94c7b6bdc100_2face0_420_342_233_325_00001.png,3,3,0 0 0 0
ce0ccb90-4187-4798-83a8-f5cb36b82293_2face0_534_587_180_244_00011.png,3,3,0 0 0 0
61ea51e8-c921-4a14-9b8a-b4952b590339_302face0_219_247_399_530_00001.png,3,3,0 0 0 0
324d5bd8-6465-4563-bfe5-b954eabdfcc3_302face0_300_493_219_290_00002.png,3,3,0 0 0 0
b09a503d-b78c-4013-ba5e-157bd746896b_2face0_437_330_312_397_00008.png,3,3,0 0 0 0
66a2d4dc-014c-4b34-a18a-9458d9575b5e_1866face0_550_393_366_475_00001.png,3,3,0 0 0 0
353f9bed-d5cb-4508-a5d5-f78493384637_2face0_248_206_327_447_00003.png,3,3,0 0 0 0
3ecdfe83-bd81-438d-b71c-7b9be86a3d46_1801face0_161_639_154_207_00001.png,3,3,0 0 0 0
f237d61d-4a76-48e4-bc31-d69ecc44f905_302face0_266_578_474_52100001.png,3,3,0 0 0 0
d4dff098-b238-4132-904b-f68f2f268537_2face0_283_446_492_649_00012.png,3,3,0 0 0 0
7d45ac68-ac34-4c90-ba42-aa49d27573c7_1801face0_360_404_193_271_00001.png,3,3,0 0 0 0
4fff979c-5478-4661-9fab-e5d86419cd57_2face0_377_365_246_340_00001.png,3,3,0 0 0 0
91d1d6d0-28a7-48a9-80f9-2c3bba9bb50b_2face0_362_309_329_381_00001.png,3,3,0 0 0 0
0b784d7c-bdef-41a8-b6c9-e647313851ed_2face0_395_244_268_29900003.png,3,3,0 0 0 0
a6fa914d-7e09-4547-8e3f-66ff5c5b3e35_602face0_340_489_285_399_00001.png,3,3,0 0 0 0
adb77f07-00a6-46fa-9d6e-92904de0cbdb_10000186face0_272_346_175_240_00003.png,3,3,0 0 0 0
a59039da-022b-4926-8ec5-2f1f05278327_302face0_559_428_176_247_00006.png,3,3,0 0 0 0
2427df17-f6c1-4f57-9f93-4075761a3cc6_2face0_523_441_448_619_00006.png,3,3,0 0 0 0
93af233e-dfa1-433e-be22-c7c7208def29_2face0_289_223_401_547_00002.png,3,3,0 0 0 0
4450d8c0-c69e-476f-8d23-74254513c785_1772face0_365_736_461_573_00001.png,3,3,0 0 0 0
d7a1ca4b-9367-4bd0-b9af-e2debd5db3db_10000760face0_541_615_140_186_00008.png,3,3,0 0 0 0
7351cbd9-c3ad-4f2f-8e98-92621c4d7d97_302face0_365_402_224_25200004.png,3,3,0 0 0 0
bfc8ebf6-0fa2-416f-8f4e-3343342a7706_302face0_266_436_182_220_00001.png,3,3,0 0 0 0
37606f65-dced-4b88-9118-53796960b9f8_2face0_326_681_180_238_00008.png,3,3,0 0 0 0
61788c7b-6027-43f4-a03c-7928c57a66e0_302face0_551_290_383_510_00002.png,3,3,0 0 0 0
dcd50b3c-49ad-4843-9d42-aaa3c23223cf_2face0_350_136_424_571_00003.png,3,3,0 0 0 0
db16a459-53c9-43a0-a44a-fd84e38ef514_302face0_446_280_140_188_00001.png,3,3,0 0 0 0
528bd70d-bddb-4cb6-9a6b-c272b4fae3b0_2598face0_54_79_394_516_00001.png,3,3,0 0 0 0
ffc6d16e-b737-4c5b-9ef3-24d01b979d22_1801face0_393_530_291_371_00001.png,3,3,0 0 0 0
f103d7da-7271-4908-b7ee-3fba2cedd6cb_2face0_483_566_196_251_00001.png,3,3,0 0 0 0
c3cb41f5-85ca-4f25-bd95-f209c34e944b_602face0_250_55_429_592_00008.png,3,3,0 0 0 0
2d6aca47-ebe6-4412-9ee6-23c93db6e8e0_2face0_389_181_292_410_00010.png,3,3,0 0 0 0
d864ea02-4ae9-4682-87b0-8066927542d3_302face0_294_146_172_225_00005.png,3,3,0 0 0 0
e5662058-b715-4333-8a82-647cd507fef2_2face0_329_451_366_473_00002.png,3,2.9473684210526314,0 0 0 0
0e63c723-0a64-4708-a47e-387eeb5944dc_1801face0_462_544_274_344_00001.png,3,3,0 0 0 0
137e3d1e-5b8c-4665-b2c8-a97cb2ec9dd0_2face0_524_675_264_347_00001.png,3,3,0 0 0 0
2492cb65-73d0-4a42-aa3a-3dd9831038bc_2face0_277_288_564_708_00002.png,3,3,0 0 0 0
9350f2de-cb80-45c3-acc2-e122d8512fa9_303face0_445_772_163_205_00004.png,3,3,0 0 0 0
c0888b4c-8b2d-4a9f-9917-b97f78be0179_302face0_69_206_432_603_00002.png,3,3,0 0 0 0
f1e2c323-ff71-49a1-bc27-8afbdc0fda70_2face0_746_543_163_216_00012.png,3,3,0 0 0 0
7083727f-5fb0-4be2-9a76-75efb0c96b45_302face0_435_565_172_218_00006.png,3,3,0 0 0 0
0e2794df-a431-4d9e-8d93-4eb2ed82dd54_2face0_335_526_294_405_00007.png,3,3,0 0 0 0
b337dec5-3e2c-4e78-9020-d680b8c8c556_2face0_230_459_397_503_00001.png,3,3,0 0 0 0
ea89a99d-2e45-41cc-87ce-0074dd27fdbb_2face0_504_552_237_307_00008.png,3,3,0 0 0 0
a81ba3f9-f4ae-45e9-aa4a-af1bb7fa83b6_2face0_366_388_292_394_00001.png,3,3,0 0 0 0
1fc39db1-7d7f-4d96-b5c6-b94e90092d9f_2face0_278_295_226_294_00001.png,3,3,0 0 0 0
417fe42d-cabc-406d-a035-8c2ec418d611_302face0_216_360_301_375_00001.png,3,3,0 0 0 0
a6270296-33f1-4694-8095-eb762b2bc5d7_2face0_305_342_452_567_00002.png,3,3,0 0 0 0
fb511c50-693c-439f-ac7c-963f9ff8cd2f_302face0_389_302_367_40300001.png,3,3,0 0 0 0
b4f82ed0-4d2a-46c6-8b6e-1dc6e0f6529d_2face0_301_579_184_18900001.png,3,3,0 0 0 0
07d48b09-4251-4ae1-832d-ff81a3aeb9e8_602face0_463_210_217_299_00001.png,3,3,0 0 0 0
0f0882c0-e4f4-43d8-8517-442187f4d964_302face0_728_1212_152_188_00002.png,3,3,0 0 0 0
a6512368-0a24-459b-b8fe-0c2abb15cd63_2face0_81_634_625_802_00001.png,3,3,0 0 0 0
5b12f7e9-78bc-498b-b82b-4ec9974e6b2a_2face0_293_354_211_284_00004.png,3,3,0 0 0 0
75201d7d-36f3-40de-8f7c-d89f76c3a131_1801face0_168_387_305_394_00003.png,3,3,0 0 0 0
6b731399-dcab-45dc-94f7-517f48ed650f_2face0_240_336_214_279_00003.png,3,3,0 0 0 0
5836ec54-ea87-4c95-99d7-8cbbec05864e_302face0_226_524_460_636_00001.png,3,3,0 0 0 0
a262150d-5166-42cd-bdf4-6b9ca770893f_302face0_148_180_728_1097_00006.png,3,3,0 0 0 0
1af314f3-93f9-42e8-bf3c-451b349f74ed_2face0_102_348_679_878_00010.png,3,3,0 0 0 0
a26b28f1-9c30-4ec7-9d5b-b33e8152ed43_10000297face0_201_372_148_203_00002.png,3,3,0 0 0 0
39839e65-5b15-4776-b222-a7ac6ff21d42_302face0_360_365_337_490_00001.png,3,3,0 0 0 0
7a9616cb-58ad-414f-b083-76eeed6d2bb7_2face0_277_343_553_717_00001.png,3,3,0 0 0 0
5381119d-e567-44a4-bc43-271192a03c70_2face0_255_129_337_427_00006.png,3,3,0 0 0 0
e8eac891-d444-401d-9bbe-ed51c655e0fe_2face0_421_540_232_301_00001.png,3,3,0 0 0 0
3827e638-8563-494d-bdc2-05eb4ce31841_10001800face0_470_620_309_379_00001.png,3,3,0 0 0 0
64870e72-3640-42e8-be70-5594026d9462_2face0_233_512_251_325_00001.png,3,3,0 0 0 0
d102916c-429d-472c-95e3-0e5ba915bb11_1801face0_554_305_296_377_00004.png,3,3,0 0 0 0
34ab1148-7132-4708-889a-4a3abcbd6952_10000454face0_423_347_474_592_00001.png,3,3,0 0 0 0
50a20822-b3d5-433c-a40d-c306bba0b2df_602face0_376_431_418_532_00002.png,3,3,0 0 0 0
4f0b8fa6-50ea-454b-b02e-c4a62f6f0767_2face0_472_647_232_312_00002.png,3,3,0 0 0 0
2b305457-cb77-49ad-ad25-637420f8111f_302face0_326_461_302_403_00003.png,3,3,0 0 0 0
64acc753-46b3-4fa3-a0d6-c4e90f01baf7_2face0_237_51_203_264_00001.png,3,3,0 0 0 0
343f2745-9c50-40aa-88a1-0b1c36e5bb33_10000001face0_392_703_267_349_00001.png,3,3,0 0 0 0
61cbead6-755e-41fe-a4eb-245fa2d17a9b_902face0_307_278_362_486_00007.png,3,3,0 0 0 0
bebfe862-27e0-4a7d-af86-91bd3918e982_602face0_99_316_902_1335_00001.png,3,3,0 0 0 0
013db227-c9eb-44ad-af5c-0c4b58bd45d5_2face1_706_341_270_347_00001.png,3,3,0 0 0 0
cbb9ebdb-15b5-4dc7-bcd4-d94190e4e112_302face0_292_394_226_271_00015.png,3,3,0 0 0 0
a8b07526-6f1a-43a9-b0f2-85f9f53c73a9_10000300face0_498_834_230_279_00001.png,3,3,0 0 0 0
532611ef-7f45-4f51-82d2-158c59f9b8de_2face0_676_505_154_190_00004.png,3,3,0 0 0 0
0fab9fca-e65a-4bff-b76d-d48a66ddd08d_2face0_387_340_463_562_00002.png,3,3,0 0 0 0
49ea7b57-2f93-49be-bc81-28b70819d043_902face0_267_68_305_418_00008.png,3,3,0 0 0 0
506d661d-6370-4f94-92df-d0aaf997f264_602face0_711_537_266_327_00003.png,3,3,0 0 0 0
86663f37-6b34-466c-bf21-375df5a68210_1202face0_499_258_159_210_00005.png,3,3,0 0 0 0
f410f598-1bd4-4f3b-b21e-ba60cac04e78_2face0_644_283_204_253_00010.png,3,3,0 0 0 0
c0d5058a-0c93-4a9c-9724-9b7d315ddc59_1801face0_331_637_308_390_00001.png,3,3,0 0 0 0
458c7158-bdc5-47e7-866c-269108381fa2_2face0_250_411_429_586_00006.png,3,3,0 0 0 0
a16a1c0a-780d-4129-9440-77043de0e982_302face0_170_188_263_360_00001.png,3,3,0 0 0 0
352403b4-8622-4779-a8c6-1187e8a67e9c_2face0_211_699_288_392_00002.png,3,3,0 0 0 0
18caf932-2edf-4959-9ac9-fc39f6784efa_902face0_550_404_348_427_00001.png,3,3,0 0 0 0
f8b86d60-2b55-4a99-8da3-803b5899ee64_2102face0_243_343_442_543_00002.png,3,3,0 0 0 0
10e101a2-eb85-4247-bf24-8c957b706395_302face0_449_371_268_388_00003.png,3,3,0 0 0 0
f28514af-6c72-42cc-81ea-de84c3bacd99_302face0_145_362_237_26000002.png,3,3,0 0 0 0
cafc4e4c-934b-4339-adeb-291b87eb5cea_2face0_254_149_308_403_00002.png,3,3,0 0 0 0
0f339968-2ed1-4b04-8fa8-d4e4ef152c9d_2face0_267_403_330_32700001.png,3,3,0 0 0 0
6d2e09f4-0582-41b4-9b8a-0fb82ca508eb_2face0_492_151_170_216_00006.png,3,3,0 0 0 0
8cad971e-cedd-456b-b237-8bb2de1d9c32_2face0_277_415_294_32200001.png,3,3,0 0 0 0
bfc1ff21-2303-4343-9154-ed5928c7a7e6_2face0_483_303_205_246_00001.png,3,3,0 0 0 0
1da42ec8-87a2-42e6-85f7-e255af5f6bc9_2face0_283_549_280_370_00001.png,3,3,0 0 0 0
10e7e20f-23b2-43bf-8623-3e5d7635eb57_10000502face0_208_125_249_321_00001.png,3,3,0 0 0 0
46308d07-12ec-4cfd-a2c4-cc89c9fa46d2_602face0_419_439_263_370_00003.png,3,3,0 0 0 0
f5527abb-c0bb-4d5e-9198-2601567c13c9_10000000face0_515_90_198_260_00008.png,3,3,0 0 0 0
8a5a89f1-281a-407d-8138-0b438c9065d5_302face0_535_156_495_691_00001.png,3,3,0 0 0 0
44c8b7b8-dd70-4a9e-af3d-a7134e2a3d6e_302face0_672_258_170_223_00002.png,3,3,0 0 0 0
3e4d021a-2b6d-4ce1-8408-fdefc48fe138_302face0_359_441_244_321_00008.png,3,3,0 0 0 0
f634e115-d061-4638-bdf3-11e7ee60f0a4_10001466face0_523_759_263_360_00001.png,3,3,0 0 0 0
0b922a1e-491a-41bf-8ee4-154b89fe2fcc_902face0_159_253_327_447_00008.png,3,3,0 0 0 0
1490d6e3-b533-465d-9f2b-8565164b7e5b_302face0_317_82_474_651_00001.png,3,3,0 0 0 0
8071d199-0e76-44bc-8644-06cbf6df0612_302face0_344_87_487_617_00002.png,3,3,0 0 0 0
3e4534e8-84b2-4129-bd80-798317f149fb_2face0_379_166_259_344_00001.png,3,3,0 0 0 0
b8cba3d8-908c-4b3e-b395-4b2b3f7151c6_302face0_429_745_152_212_00008.png,3,3,0 0 0 0
4dc0b050-ddd9-425c-8aee-4683be1d5201_302face0_234_190_230_318_00002.png,3,3,0 0 0 0
dae64ac1-3aff-4636-a3ad-e266260a7a97_302face0_483_225_186_249_00002.png,3,3,0 0 0 0
ee15bb83-47e6-4a82-b057-857d72d92200_302face0_148_89_343_464_00001.png,3,3,0 0 0 0
88473552-528d-4468-a3ea-a203fe48c855_2face0_786_619_133_172_00006.png,3,3,0 0 0 0
a35b2d55-5007-42a6-a3f5-27ba383fb732_602face0_327_380_222_303_00001.png,3,3,0 0 0 0
8e124290-0f51-45e3-af02-4fa3d796b64e_2face0_136_64_680_858_00004.png,3,3,0 0 0 0
d2d147bb-b2e5-4421-8d50-117b8347746c_602face0_75_224_408_555_00006.png,3,3,0 0 0 0
02bf03cd-1ce0-4ee8-8f2a-90d5ff35d2d2_302face0_489_294_184_277_00001.png,3,3,0 0 0 0
25282cd1-ed6c-4cab-a4bd-851cbd0ee111_2face0_266_350_217_312_00003.png,3,3,0 0 0 0
8133fd50-65e5-430e-9863-c04668a7bfda_10000890face0_804_394_222_307_00001.png,3,3,0 0 0 0
9528c66b-6f53-42d1-b9f6-3d9679e2db62_302face0_147_145_700_913_00008.png,3,3,0 0 0 0
a47efdd7-956a-497a-8a23-07afa6fecc6b_302face0_78_278_508_675_00003.png,3,3,0 0 0 0
c07bb4a0-e074-4380-ba35-79eff2e3de51_2face0_340_423_502_662_00009.png,3,3,0 0 0 0
804eda44-6fbe-4f2a-873c-37149830b407_1800face0_333_793_319_414_00001.png,3,3,0 0 0 0
7923ed52-7326-4187-a3bf-6463f12f89e7_602face0_474_115_243_342_00002.png,3,3,0 0 0 0
8dfc143d-7f41-4e3f-92f4-71bf4d07f74f_602face0_380_207_163_222_00003.png,3,3,0 0 0 0
e19d8114-18be-4a17-ace3-50d31275ea30_302face0_428_380_169_246_00002.png,3,3,0 0 0 0
d472e37c-b6d8-41ea-9051-323a3b77138e_1799face0_432_263_326_434_00001.png,3,3,0 0 0 0
fdd70748-5073-455b-adb6-97ad8ca116a1_302face0_671_458_313_390_00003.png,3,3,0 0 0 0
5e5acb96-29aa-46fa-8a50-972f44f68ee5_2face0_392_317_237_310_00005.png,3,3,0 0 0 0
ebdadb10-f918-4df0-a851-5d1f2cc87540_2face0_430_337_215_307_00002.png,3,3,0 0 0 0
be882d90-3b44-46ef-a875-02ecdcbf0b95_10002310face0_475_276_242_340_00001.png,3,3,0 0 0 0
f75a2595-52ec-4dc8-8799-ca01235b41d7_302face0_284_328_210_275_00001.png,3,3,0 0 0 0
0fc39105-f883-4b71-bc48-467b7cdf3414_2face0_546_136_270_334_00003.png,3,3,0 0 0 0
b84a9823-9429-42f8-8131-3502014bb203_2face0_798_256_158_201_00003.png,3,3,0 0 0 0
9f736e2e-e2d2-4c1d-9395-5f169f8bfeae_2face0_279_145_474_647_00001.png,3,3,0 0 0 0
417c1c26-215f-4d47-8644-bd9cc3932275_902face0_154_163_303_410_00001.png,3,3,0 0 0 0
7f86a596-a920-43e6-8e0a-c0a7db6d14a5_2face0_580_263_226_25200006.png,3,3,0 0 0 0
7fcf66bd-7fea-4365-8d11-dfa1d882db2f_2face0_517_258_247_305_00003.png,3,3,0 0 0 0
4a24d2e5-e1ef-4fd9-a59b-0e93cc1a1121_302face0_292_161_418_543_00002.png,3,3,0 0 0 0
ce2a6d8c-019f-4459-9ee2-c35a5cb8e967_2face0_99_229_154_186_00010.png,3,3,0 0 0 0
dc07fae0-7e57-4a2c-a87a-d5a78dc5b4b4_302face0_454_142_266_349_00001.png,3,3,0 0 0 0
656beeaa-ce46-47c0-9a44-21331ddca880_2face0_135_389_411_564_00005.png,3,3,0 0 0 0
87f11fe3-2ec7-4b02-b026-c6bb625d99ac_302face0_354_601_305_395_00007.png,3,3,0 0 0 0
7aefd4fc-6b1b-4bdc-a4d8-514e7321bd68_302face0_442_301_200_277_00001.png,3,3,0 0 0 0
ef5c76a6-9c45-4833-a468-219c6fd40311_2101face0_336_155_375_508_00005.png,3,3,0 0 0 0
236ccaff-cd01-490e-90b4-1519ccc6ea62_302face0_160_254_308_405_00007.png,3,3,0 0 0 0
f4ee3c8e-158e-4057-9336-dd8b5b2e36e7_302face0_570_373_211_275_00007.png,3,3,0 0 0 0
d73e6a8d-838b-40f6-a145-1c7db2c6e118_1801face0_368_678_344_408_00001.png,3,3,0 0 0 0
684e94c0-97fa-424a-a92f-a522fbfabec9_2face0_395_626_165_205_00001.png,3,3,0 0 0 0
1531a958-e6f2-41c1-a2b8-d3ecf2fef942_2face0_436_509_166_231_00005.png,3,3,0 0 0 0
c7df16af-2a70-42b4-938f-20dca5c79fb0_2face0_279_161_604_828_00001.png,3,3,0 0 0 0
25d6d61d-1bff-404d-95c3-501010d06c19_2face0_75_493_232_294_00012.png,3,3,0 0 0 0
c871a2ef-34ed-4455-ad18-b54da2732836_2face0_434_349_284_368_00001.png,3,3,0 0 0 0
66f6efee-9351-4395-8314-49abbba848b1_2face0_197_89_366_488_00003.png,3,3,0 0 0 0
22e44330-bfe7-49b7-8e5d-24430468cda0_302face0_448_94_305_392_00001.png,3,3,0 0 0 0
720613d8-d2de-4ae0-91ea-db034a7ea231_2face0_454_563_201_247_00001.png,3,3,0 0 0 0
6939f1f9-6de3-47bb-a24e-07af17500fc9_302face0_207_54_310_429_00006.png,3,3,0 0 0 0
300a007e-0611-43c2-bbe8-7d978e0f92f9_10000497face0_197_524_655_812_00001.png,3,3,0 0 0 0
51f7e385-a9cd-474a-bf81-a8965dcd7daf_2face0_318_528_438_582_00006.png,3,3,0 0 0 0
004eeb47-709d-41ce-92cc-db7c02738216_2face0_330_446_401_534_00006.png,3,3,0 0 0 0
8ae21a68-f684-423a-82f4-ae5709ddf78b_2face0_116_247_322_464_00001.png,3,3,0 0 0 0
8d5faecb-f44a-4bb3-b786-7005909ded13_10000196face0_382_70_165_227_00002.png,3,3,0 0 0 0
cb533b69-a3ba-469c-9e0e-138433c489da_302face0_160_382_151_203_00005.png,3,3,0 0 0 0
177d92ad-1c62-4860-86dd-05eccd06085e_2face0_549_372_291_355_00003.png,3,3,0 0 0 0
27d984bb-bf09-4960-bfa0-9e51e611bb5d_10000666face0_66_519_424_547_00002.png,3,3,0 0 0 0
3f76b732-3ffd-4011-89fd-2ab814786813_2face0_391_404_354_37300008.png,3,3,0 0 0 0
00074479-f744-4070-9db4-d86c1a904e94_2face0_753_428_179_210_00012.png,3,3,0 0 0 0
669407f1-2284-4491-983a-8a160e06c372_2face0_183_597_754_991_00001.png,3,3,0 0 0 0
b5ceb0d0-77fe-412d-a3a5-7ad068a3d906_2face0_583_151_324_438_00005.png,3,3,0 0 0 0
1005e69c-de3a-4a19-a58c-7d9841bc0626_302face0_470_103_399_534_00010.png,3,3,0 0 0 0
09c1bee2-1481-4ebd-9ae6-48523b4a8766_2face0_110_253_676_880_00003.png,3,3,0 0 0 0
c20f00e3-fbf4-4057-8b1e-db63483c3d95_2face0_661_527_246_331_00002.png,3,3,0 0 0 0
f0cac4f1-e954-4fef-8b5f-071e309419fa_602face0_68_313_298_358_00001.png,3,3,0 0 0 0
850a2127-95f7-4388-b2e8-983997344ce8_10000296face0_421_180_254_357_00001.png,3,3,0 0 0 0
53cd9b70-8a53-40f1-9b56-504b02ca609d_302face0_209_70_177_236_00002.png,3,3,0 0 0 0
2ddf1ac5-4681-4ba4-bcd0-9f3a55f8f42a_302face0_192_126_424_599_00001.png,3,3,0 0 0 0
f811eac7-1ff3-4653-b7e8-8a082cb8f5b3_2face0_154_275_382_503_00001.png,3,3,0 0 0 0
34e600f5-f0ab-4770-9739-dce036bfdeba_1801face0_399_599_291_399_00001.png,3,3,0 0 0 0
0d39f80e-e090-4b24-9e53-3c14dd2d3664_302face0_121_385_189_270_00004.png,3,3,0 0 0 0
41693795-845b-4e0c-a80f-04830e709770_302face0_444_129_273_362_00003.png,3,3,0 0 0 0
4aea3581-babd-4ba5-ad1d-d0dae219ed69_2face0_252_95_323_425_00001.png,3,3,0 0 0 0
b7c9dded-178b-40e2-b437-ecab1e4d6afd_2face0_417_654_417_523_00001.png,3,3,0 0 0 0
dcfb9c59-14d5-47bb-9420-d21464cbf766_2face0_269_569_459_562_00001.png,3,3,0 0 0 0
3113b1e3-c0ed-4449-ad7d-d9aef1d70164_10000629face0_114_537_496_660_00007.png,3,3,0 0 0 0
a0a9842d-73ce-405c-b1b2-d6755b95d5a7_902face0_180_142_135_15300002.png,3,3,0 0 0 0
b2be9e6f-e0fa-4927-81bf-d346fa0efab3_302face0_648_598_226_308_00008.png,3,3,0 0 0 0
50e43271-38f6-491a-83f0-573ec9f66547_302face0_395_505_187_240_00001.png,3,3,0 0 0 0
0084c4b6-63cd-463b-9ec1-6156b45eaaf6_302face0_380_483_515_690_00002.png,3,3,0 0 0 0
8fd6d4be-3490-4b68-b8f3-f59ab551e556_2face0_125_281_700_897_00005.png,3,3,0 0 0 0
7e6536d4-1b53-4f8a-b1f4-4b61ca823c88_2face0_521_406_463_649_00007.png,3,3,0 0 0 0
32b2ce5a-83d8-4b14-b317-1e6a2ac1cbc3_2face0_327_103_316_412_00001.png,3,3,0 0 0 0
19d3326b-5124-401a-ae14-917914827ccd_2face0_257_154_639_68900001.png,3,3,0 0 0 0
b922b61b-4dde-4684-ad99-0bee98a60337_2face0_197_399_186_20900001.png,3,3,0 0 0 0
f8166ee5-b639-4cd6-8cec-0884b4e07e12_2face0_364_194_277_357_00001.png,3,3,0 0 0 0
4f2bf300-568e-4964-9ea5-17896153c9f0_302face0_712_577_207_279_00001.png,3,3,0 0 0 0
7dbde493-38c8-4539-b227-472f048b2968_1799face0_455_935_204_238_00002.png,3,3,0 0 0 0
3dd780f4-2284-4a0f-966b-855cfe1b8d6b_2face0_353_381_421_549_00001.png,3,3,0 0 0 0
f335052d-5062-4beb-a277-62b70cafa241_2face0_141_449_575_677_00001.png,3,3,0 0 0 0
b6bf883d-345a-408b-923e-16fcac2321a9_902face0_758_585_162_234_00011.png,3,3,0 0 0 0
fba0ec67-0174-487c-8f01-1837c05ae232_602face0_165_106_336_482_00001.png,3,3,0 0 0 0
a6f325e7-623f-4e0d-8625-9afaccca4f76_2face0_188_203_233_316_00001.png,3,3,0 0 0 0
f6313d33-e9ae-4c08-8f61-1ea0e77f74a5_302face0_345_262_207_24300001.png,3,3,0 0 0 0
9fb276f6-5013-4c5f-90da-2c45c9b10390_1785face0_580_772_284_370_00001.png,3,3,0 0 0 0
63c8ca19-bdc3-4d95-b1d7-8cbbb492640f_302face0_289_224_330_37900004.png,3,3,0 0 0 0
75aa701f-7e7b-4d41-b340-3a6cbbf0ab90_10000281face0_218_479_317_375_00008.png,3,3,0 0 0 0
f9f6494c-0a25-40e2-a2eb-cf3d36cb1159_302face0_200_328_303_421_00002.png,3,3,0 0 0 0
608fb512-6d1a-4d89-9f45-44a4be7faa73_2face0_310_259_691_941_00006.png,3,3,0 0 0 0
84b6b40d-260c-4e07-9562-34e8411821f8_1202face0_248_427_173_222_00001.png,3,3,0 0 0 0
daf79bd6-6e47-46c4-a256-41c669cf6772_10000209face0_201_214_330_38700001.png,3,3,0 0 0 0
d7cb96bb-022b-4e21-9462-83cf6e32c28d_2face0_67_483_371_438_00005.png,3,3,0 0 0 0
4e8b0f6c-b405-4489-847c-bea7e3c45675_2face0_692_770_128_166_00009.png,3,3,0 0 0 0
df453c34-0852-4136-bce6-2004a5346058_2face0_448_586_320_416_00005.png,3,3,0 0 0 0
5cde7305-1c28-4294-9e84-6f37ced9312c_2face0_482_398_261_355_00001.png,3,3,0 0 0 0
c029f472-fe72-40ae-a2b3-02ff6c07b261_2face0_499_272_368_492_00002.png,3,3,0 0 0 0
3f5e47b3-36d2-49a6-9cbf-7d3ac6e3dc24_2face0_224_377_364_492_00001.png,3,3,0 0 0 0
9fb0f4c4-e32c-4bb3-8d45-25d568430775_302face0_579_534_257_286_00010.png,3,3,0 0 0 0
546aed38-dc1a-41c5-b702-164e4731ee22_10000337face0_305_265_333_449_00003.png,3,3,0 0 0 0
c81f1b31-1e79-43b3-99a7-82b00edde07b_2face0_585_663_310_399_00001.png,3,3,0 0 0 0
a7dfbbed-2d92-4084-ba3d-5cb47efe2e98_2face0_259_549_253_340_00009.png,3,3,0 0 0 0
6ac87f22-b3f3-4514-8c06-94f0b1ebb559_2face0_654_521_247_333_00007.png,3,3,0 0 0 0
3b9d1195-88c4-4369-ac2a-5853e53ecf65_10002229face0_180_276_203_271_00001.png,3,3,0 0 0 0
aca8c9ea-40d2-4d95-a64f-3818d8e06589_2face0_331_616_257_318_00001.png,3,3,0 0 0 0
fc06f67a-621d-45ab-a64f-07ab779185dd_1802face0_377_540_230_310_00001.png,3,3,0 0 0 0
4a9c39d2-6e18-4f45-bd81-6d062b616ce8_1848face0_676_437_225_290_00011.png,3,3,0 0 0 0
6ea57ace-d4f0-460f-a993-d0d253715ddd_602face0_74_499_236_264_00005.png,3,3,0 0 0 0
ae5e8b20-1022-46a4-9d93-1852fe655a64_302face0_365_302_546_61200001.png,3,3,0 0 0 0
0dcb460d-45ee-4749-aa72-2671a4bb6e77_10000571face0_381_140_393_547_00005.png,3,3,0 0 0 0
e1599af1-9c61-42e7-96e5-70125e2fb6ba_10000290face0_294_179_380_545_00001.png,3,3,0 0 0 0
0fb49946-3413-4313-8efd-39fbf5dceac1_2face0_84_474_627_847_00011.png,3,3,0 0 0 0
2f95b8f1-db29-4257-9edd-99604412877b_10000000face0_416_445_466_592_00006.png,3,3,0 0 0 0
e8f29349-4bbf-4634-a74d-954798970dfd_902face0_587_318_259_353_00012.png,3,3,0 0 0 0
979365b0-3f63-48a7-909f-1f35bbe13db9_2face0_392_360_492_627_00001.png,3,3,0 0 0 0
b539fe65-8075-4270-94b8-e1202bd66248_302face0_418_521_406_545_00001.png,3,3,0 0 0 0
3006888a-2655-4a60-91c6-c039445f4e97_1870face0_227_196_289_370_00002.png,3,3,0 0 0 0
03dff6c1-12b1-4829-95b8-7ef2388c8960_302face0_395_539_202_21000011.png,3,3,0 0 0 0
7785b5e3-e88c-4d3a-aead-b3c4da6a355e_2face0_400_500_240_294_00001.png,3,3,0 0 0 0
8d72b50b-7261-487d-bd35-43734b5d1ebf_902face0_435_62_231_25000002.png,3,3,0 0 0 0
e5a43859-081e-4dcf-97f2-65c27b2c560e_602face0_417_501_112_12200002.png,3,3,0 0 0 0
04e7cc70-395a-4f64-8d1d-2375a03eff7f_902face0_451_99_243_362_00002.png,3,3,0 0 0 0
7a6ca9a4-730d-48b8-be3d-22360ec6863a_2face0_130_306_686_945_00006.png,3,3,0 0 0 0
91de6248-1c57-49d7-aa35-8fb9c5881668_602face0_291_670_239_320_00001.png,3,3,0 0 0 0
abaa8617-a380-4388-a0a8-b1061db0a220_2face0_354_78_408_586_00002.png,3,3,0 0 0 0
5b2779c3-e704-4136-baab-b3db4bfe3300_2face0_75_157_385_490_00001.png,3,3,0 0 0 0
1aa27043-9466-4b8b-b094-f1b595f3923f_302face0_238_207_280_373_00001.png,3,3,0 0 0 0
ffb4b751-3ce4-4e33-b4b3-565a44a9f735_302face0_248_555_179_216_00002.png,3,3,0 0 0 0
aca98d9f-abc6-47f7-94a2-c10d07cf108e_2face0_78_317_914_1263_00001.png,3,3,0 0 0 0
2b94012f-630b-408d-8337-f2d0783d13bf_602face0_165_224_226_275_00006.png,3,3,0 0 0 0
12d446c8-ce9b-4cd6-a81c-bcc139ffa688_602face0_206_391_266_345_00001.png,3,3,0 0 0 0
dd44c6fe-a776-4d7d-8365-d30aef01191a_1800face0_412_316_320_434_00002.png,3,3,0 0 0 0
09a1807f-4bf3-49d5-be6c-5f6cd9fc9e1a_2face0_156_158_765_1028_00011.png,3,3,0 0 0 0
0ab40601-8390-4b8c-b164-765f0fe3bdc7_302face0_376_286_250_327_00001.png,3,3,0 0 0 0
4ad17554-eddc-49c2-b2f3-82196ce412cd_3face0_454_553_421_595_00006.png,3,3,0 0 0 0
74ecaf02-aceb-4ebd-b301-9eddcb10547a_2face0_289_243_135_181_00001.png,3,3,0 0 0 0
494ded73-0fbd-4cad-890c-7114318c8754_2face0_316_730_267_342_00001.png,3,3,0 0 0 0
5d674c5f-0032-4422-8da8-1ecd3a1be057_2face0_456_317_485_651_00004.png,3,3,0 0 0 0
f2a83471-8cde-4309-a0a5-668508bf5996_2face0_635_504_217_281_00004.png,3,3,0 0 0 0
39d85f42-7e90-4e5e-ae10-3d32ce7ac727_2face0_498_151_244_344_00001.png,3,3,0 0 0 0
a155b9f4-ff46-48cd-88dc-1e8615ce8ed6_902face0_499_677_376_466_00005.png,3,3,0 0 0 0
0cdf5e47-5de3-4493-8145-335f25db8c4a_2face0_526_553_145_186_00004.png,3,3,0 0 0 0
1ba35006-aba4-42de-a566-051f829899d4_2face0_124_201_224_303_00007.png,3,3,0 0 0 0
da89edf0-493f-448e-b20e-eb27f3c7ae1a_2face0_302_369_308_34900012.png,3,3,0 0 0 0
7f724e6c-3516-49ec-b5c1-7003e8c9eaa9_302face0_309_542_151_194_00002.png,3,3,0 0 0 0
c69c97b9-2a40-4c90-bfd9-729957b3669f_2face0_802_424_168_229_00008.png,3,3,0 0 0 0
452a3639-b410-4ff2-b958-980bad59845b_302face0_362_808_263_321_00001.png,3,3,0 0 0 0
2e9ebc3e-fc32-4cd5-8770-0badedcbaaca_10000001face0_395_465_323_434_00001.png,3,3,0 0 0 0
fb584c4b-b4be-4a5a-a1f7-8b592e3937ca_10000298face0_172_297_568_69100005.png,3,3,0 0 0 0
e0bc35ef-fe9f-4cda-b565-beb0ee13249a_2face0_284_457_392_469_00002.png,3,3,0 0 0 0
834101b6-e919-4103-9665-f028a29dc862_2face0_212_138_365_514_00004.png,3,3,0 0 0 0
c899387f-c988-4ffb-a111-17488f1abfb5_2face0_133_171_241_27000010.png,3,3,0 0 0 0
d39e84f9-0690-44ad-a900-60c789e47e12_2face0_395_729_256_329_00001.png,3,3,0 0 0 0
98e2cb88-8750-42be-873b-a91f6b2b5d6c_2face0_336_257_480_667_00009.png,3,3,0 0 0 0
8c1fa41a-9bde-47e8-ba95-90af8f0c47f4_2face0_60_114_389_469_00001.png,3,3,0 0 0 0
653bbea5-1bfb-4b3c-b62d-d26d25e9b1e5_302face0_481_57_427_616_00003.png,3,3,0 0 0 0
7cb934a1-ed27-462d-a233-1e2c654a95bc_1502face0_573_293_218_273_00003.png,3,3,0 0 0 0
6385b51a-bc8e-4a06-9c8f-2c81d1d1f971_2face0_522_169_266_30600002.png,3,3,0 0 0 0
e9d33da4-a943-4c5f-8d69-48e2649ab96b_602face0_344_136_392_499_00001.png,3,3,0 0 0 0
68d94ec8-5a31-4e6b-aa6e-bc2b0670d56b_302face0_387_349_331_434_00001.png,3,3,0 0 0 0
a767f614-d551-4690-af37-9d30264bcd9a_10001156face0_433_840_299_379_00001.png,3,3,0 0 0 0
6e43bd9a-b3d5-461c-8c37-2c6886420be3_2face0_369_791_266_358_00001.png,3,3,0 0 0 0
3cf63a70-d41b-4f34-a0c6-ba00d13481c8_302face0_699_557_156_216_00009.png,3,3,0 0 0 0
003032ee-08a2-4d36-9324-6cbbd770114a_2face0_66_150_501_629_00011.png,3,3,0 0 0 0
e5a66642-fbbc-42ad-b086-c16d166fe01b_2face0_198_116_410_575_00003.png,3,3,0 0 0 0
cce66a23-0359-4400-a252-c5ce7aac4ede_902face0_268_87_345_34700009.png,3,3,0 0 0 0
fd7ced72-acbc-42e0-8caf-50403aa9a788_2face0_201_561_326_399_00006.png,3,3,0 0 0 0
0546317b-93a3-4082-9023-4564931c0a0e_302face0_336_276_289_349_00001.png,3,3,0 0 0 0
e7a913cb-32e3-44b9-b288-aa51822568cf_2face0_163_463_606_749_00001.png,3,3,0 0 0 0
b0fcd1d9-e5cc-4044-80cc-e9afc658fcea_2face0_374_383_378_481_00002.png,3,3,0 0 0 0
e63cd1ad-1172-4bcd-a89d-1a7ccbff2706_302face0_498_374_215_296_00001.png,3,3,0 0 0 0
98f39a71-e9ef-4be0-834f-a454a663f551_2face0_319_415_176_18800004.png,3,3,0 0 0 0
87e13a27-d813-4678-a47d-9843e948018f_10000098face0_503_535_152_16200011.png,3,3,0 0 0 0
5e4ab553-cf17-4971-b750-b67a18840e25_2face0_187_373_357_444_00009.png,3,3,0 0 0 0
e1383447-6413-41f5-ad28-b182d1069411_10000590face0_353_338_317_449_00001.png,3,3,0 0 0 0
bbe1e9e7-c211-452c-8863-bd20b88617fe_302face0_432_214_375_543_00002.png,3,3,0 0 0 0
9278e7d3-4d92-4dd6-a83b-fd3a34c7e4cb_602face0_82_389_163_201_00001.png,3,3,0 0 0 0
0a8d6138-3ec6-44de-9cd1-5c13d4e2b0f2_302face0_441_478_233_288_00001.png,3,2.9473684210526314,0 0 0 0
95abb616-731a-43ba-9e41-398f146b8da2_2face0_256_443_501_656_00001.png,3,3,0 0 0 0
40559a9d-0e6b-4856-b89c-733085c8d11a_2face0_154_466_259_334_00009.png,3,3,0 0 0 0
82000e7c-29ed-4a1c-87b1-2ba97786019a_302face0_422_59_383_519_00004.png,3,3,0 0 0 0
3f8098fe-edd9-4cd4-83fb-74595a4937e4_302face0_552_221_400_518_00002.png,3,3,0 0 0 0
628c83fa-5b33-488f-aee9-3f461f301542_2face0_687_423_198_260_00001.png,3,3,0 0 0 0
118e283b-c9c8-40c1-a081-5d4367b2686b_2face0_516_369_368_488_00010.png,3,3,0 0 0 0
700050a1-79f8-4bbc-b8e4-002bfee8c829_302face0_244_165_233_312_00001.png,3,3,0 0 0 0
a0bbb8d7-0ccf-4aab-ae4d-28b606db5f1a_10001785face0_376_587_341_475_00005.png,3,3,0 0 0 0
eca4208f-e935-43be-96b9-0232416cb0e2_2face0_654_240_208_290_00001.png,3,3,0 0 0 0
c33d6169-db21-45d3-b54a-e0ec6231242e_2face0_328_473_376_519_00001.png,3,3,0 0 0 0
047267df-1d11-43b7-9a52-a2091b3615d4_2face0_317_757_207_268_00005.png,3,3,0 0 0 0
a4747553-ed2a-4bdb-8d8f-c74f6382e699_302face0_414_577_344_429_00003.png,3,3,0 0 0 0
9f918982-dd20-4b4e-ae6c-4a230538e936_302face0_502_520_162_227_00010.png,3,3,0 0 0 0
b765f8d1-39b0-4611-8c05-c45ba313f14c_302face0_360_109_201_270_00004.png,3,3,0 0 0 0
78efdd8c-a94d-4b01-812d-f1beb82481a2_2face0_439_475_249_344_00002.png,3,3,0 0 0 0
c2b18bef-d8a1-4ab6-b41b-cbf6a1401e99_2face0_367_327_329_412_00012.png,3,3,0 0 0 0
c180cd4d-a81f-4b76-892e-e20781c20bc1_10001622face0_416_750_218_283_00002.png,3,3,0 0 0 0
17b6de3f-3d8e-4350-8218-d5058ada3bdb_302face0_255_439_432_571_00001.png,3,3,0 0 0 0
83192213-98ee-48fc-b4bf-1b32a16e6db0_302face0_737_545_228_316_00003.png,3,3,0 0 0 0
f9a81abd-dd37-4454-b52c-062b79983d1b_2face0_293_290_469_51600010.png,3,3,0 0 0 0
f171dfe7-4008-4f0d-826c-73ac1754c770_2face0_180_511_530_690_00009.png,3,3,0 0 0 0
50ad7df8-b578-4afa-ac68-f50e43a56d8a_302face0_440_536_190_236_00001.png,3,3,0 0 0 0
dc755fbc-d155-47dd-9710-89fcef4c4f86_302face0_251_283_162_220_00004.png,3,3,0 0 0 0
2ec14385-d910-486b-a04f-1444ff9837f9_2face0_472_633_179_233_00006.png,3,3,0 0 0 0
5a1b41c5-2214-4de7-8857-e5e8220011af_2face0_553_302_296_392_00011.png,3,3,0 0 0 0
6f307fe2-aa46-4700-9125-58245184a9ed_602face0_144_311_261_27100010.png,3,3,0 0 0 0
1732daaa-34e7-41c0-b0ee-b5d6901a9fa3_2face0_238_316_418_521_00001.png,3,3,0 0 0 0
47364b3e-1a8f-447f-b549-8a247ca52b2d_602face0_442_549_137_186_00001.png,3,3,0 0 0 0
5bccf665-f1a8-4dd8-beb1-db887017c288_302face0_265_360_446_601_00001.png,3,3,0 0 0 0
94c6e07d-94ea-46a9-b244-04b666d73db7_302face0_429_116_389_512_00005.png,3,3,0 0 0 0
5e60546b-2f01-42ad-8ff6-2f8e6c250f96_2face0_679_509_189_20900003.png,3,3,0 0 0 0
a3eeee57-94f5-4b86-9e0b-79aa06ae50a4_302face0_409_474_214_299_00007.png,3,3,0 0 0 0
ff65dace-caf8-4d68-bb9a-31422659aaba_1202face0_422_888_296_366_00001.png,3,3,0 0 0 0
0923ab79-6ceb-44ae-b7e4-b0cd15febcf9_2face0_149_308_344_37500013.png,3,3,0 0 0 0
ec610590-5cba-46d8-87fb-e6402dd46af6_2face0_359_678_333_386_00001.png,3,3,0 0 0 0
5d4a4299-7325-416d-85f3-7dd16e19b5d0_2face0_277_73_295_414_00001.png,3,3,0 0 0 0
3bf2b521-edcd-40d7-b2dd-5a2cc6e2dd5d_2face0_373_499_259_351_00005.png,3,3,0 0 0 0
13b70f3a-8279-4647-a8c7-0bb622700ead_302face0_829_452_138_186_00001.png,3,3,0 0 0 0
f51510cc-c8b2-40c8-811f-62135db11f98_602face0_209_610_207_286_00005.png,3,3,0 0 0 0
a41c1392-5622-4dda-aac0-33dd8e4a22a9_2face0_212_248_366_499_00007.png,3,3,0 0 0 0
0b66388f-f8f7-4485-bbf7-d4742698978b_2face0_239_451_722_904_00001.png,3,3,0 0 0 0
a9d3b6ac-b905-429e-8384-4a4cd609e30e_602face0_140_72_375_567_00005.png,3,3,0 0 0 0
3acc383d-300b-46a0-ae47-e64094fbc702_10000291face0_659_431_289_390_00001.png,3,3,0 0 0 0
e456d580-e641-48de-9cb8-b854fe151b58_2face0_356_85_380_45200001.png,3,3,0 0 0 0
74702590-e164-45f0-9d67-b43af6a98b3f_602face0_449_467_274_364_00001.png,3,3,0 0 0 0
d95de6d3-ebd7-482d-8d2d-b51ae779ae58_302face0_84_99_394_534_00001.png,3,3,0 0 0 0
375440cf-6534-4baf-8baf-30851cd1a09c_1502face0_709_377_233_286_00006.png,3,3,0 0 0 0
e3f88e0d-9734-43a0-9535-ad7b7727a321_302face0_278_458_247_345_00001.png,3,3,0 0 0 0
eb54a9c1-cb4b-4e2e-aa43-9073698ddce3_902face0_601_341_235_316_00003.png,3,3,0 0 0 0
b6cefe11-fe26-4a39-a919-0ebcc9e9e9d6_302face0_513_124_267_357_00003.png,3,3,0 0 0 0
e46c435f-1efe-4883-83ca-74d74d2112af_2face0_309_689_214_257_00001.png,3,3,0 0 0 0
c6fdefba-949b-409e-8540-f616667b1829_2face0_352_196_454_586_00001.png,3,3,0 0 0 0
ebb99803-6055-4d53-9ecd-24cfd5083fe5_2face0_232_243_365_499_00006.png,3,3,0 0 0 0
f8d028a6-720d-49a3-b476-5060f78bc450_302face0_497_587_352_429_00001.png,3,3,0 0 0 0
ae94af5c-6101-416e-bfa4-1d690eb11cd6_302face0_355_664_232_25400012.png,3,3,0 0 0 0
172141f8-8181-4338-968f-328e532ff9a4_2face0_583_122_375_495_00005.png,3,3,0 0 0 0
ec5f4023-fd2d-494b-8298-701dc5ae406c_302face0_187_433_436_562_00001.png,3,3,0 0 0 0
867e731d-2b61-4a11-afb4-cb907baee10e_602face0_252_110_308_427_00012.png,3,3,0 0 0 0
d3194154-c066-4989-950b-145c1dd35719_2face0_132_810_808_82900005.png,3,3,0 0 0 0
2058a56c-e5a3-4308-8ad3-d957dd138b5e_2face0_289_329_578_701_00001.png,3,3,0 0 0 0
78fa7814-7b15-4673-8a32-31b3989dfbe4_302face0_699_347_186_249_00007.png,3,3,0 0 0 0
462cb15b-7d8f-489a-8f3c-70c325437eb6_2face0_470_452_155_209_00002.png,3,3,0 0 0 0
ef758777-b2f0-47d7-abee-f92eeccd199b_2face0_433_546_327_36700001.png,3,3,0 0 0 0
1c491fd1-d785-4477-bbb6-5813d5898d5c_2face0_440_408_274_357_00001.png,3,3,0 0 0 0
f6feb03b-b628-4abe-a526-74064550b118_602face0_223_406_520_678_00001.png,3,3,0 0 0 0
7046798e-74af-4682-b956-d96eeff045af_2face0_282_467_173_222_00002.png,3,3,0 0 0 0
7f1458c0-620d-4066-8358-eb134412be84_2face0_340_334_179_236_00005.png,3,3,0 0 0 0
34edd0ac-8325-4f72-b64e-8ad30576f336_902face0_402_230_355_484_00001.png,3,3,0 0 0 0
6f99eda7-f117-4b6c-af9a-e4099d5db899_10000018face0_155_563_442_567_00007.png,3,3,0 0 0 0
38a23b4c-6609-4b07-be35-eba44b3198d1_302face0_416_291_250_325_00001.png,3,3,0 0 0 0
afdfe677-f6f4-45d3-b5aa-e84428243d0b_902face0_63_714_226_299_00005.png,3,3,0 0 0 0
c08b458a-1974-40ca-be9a-c647687ee0df_2face0_189_722_450_48800001.png,3,3,0 0 0 0
62d6f845-32c2-4003-a22a-50777b7df817_2face0_504_316_306_397_00007.png,3,3,0 0 0 0
f2624c7c-eba5-425b-bf67-45cc11793a2e_602face0_375_175_249_353_00008.png,3,3,0 0 0 0
df9de55d-20b4-40e9-8043-107bd6dd2b91_2face0_287_556_603_69500002.png,3,3,0 0 0 0
94c077db-3bff-4b46-a3ae-b9443e3f0178_1503face0_418_374_278_364_00001.png,3,3,0 0 0 0
61caadf6-262d-4eff-9bf7-51bfe1e92e4a_602face0_313_640_259_334_00002.png,3,3,0 0 0 0
dba42a7f-8d9e-49e4-b89b-f77267bb30e9_302face0_241_353_337_466_00002.png,3,3,0 0 0 0
fd18e4f3-a889-427f-a703-f5228136022f_10000301face0_399_966_440_46100001.png,3,3,0 0 0 0
8b28ebd9-1022-4bb9-affe-e30dfa84f55f_10000300face0_239_96_215_308_00002.png,3,3,0 0 0 0
6cad2b51-3546-47db-810f-98bdfbc8386c_302face0_133_350_387_510_00001.png,3,3,0 0 0 0
e9c862a7-dff9-4c53-bdaa-5c72abe1c87a_302face0_56_459_616_839_00004.png,3,3,0 0 0 0
ecf96d7c-5faa-4b01-86b7-b039c1e7f7c8_2face0_396_403_317_416_00001.png,3,3,0 0 0 0
142b19d9-2ae0-48c5-988c-ebb4bf2dd811_602face0_408_561_162_15200003.png,3,3,0 0 0 0
d8d043cd-6b74-4094-94d8-6128a7545147_10000589face0_630_857_125_170_00005.png,3,3,0 0 0 0
0cefa4f7-5d84-484d-a043-454d96f99d50_602face0_476_275_347_510_00001.png,3,3,0 0 0 0
d614af31-14d7-4d21-b8ce-0c006cbd01b5_2face0_293_351_655_849_00008.png,3,3,0 0 0 0
cdc4f6f7-0093-49c7-a411-433eb574b6c9_2face0_63_686_334_431_00003.png,3,3,0 0 0 0
27e8a6b6-6895-43f2-9b1e-eda180dcad52_2face0_664_674_305_382_00001.png,3,3,0 0 0 0
7c492a50-1350-4b1c-9bf7-d48dca0558dd_2face0_727_330_220_23900004.png,3,3,0 0 0 0
0a254aa9-6af5-40b7-bc58-a12d7570a5d3_302face0_317_152_179_257_00005.png,3,3,0 0 0 0
d40059db-4eed-4e9e-9571-a24884c504a9_2face0_645_697_383_527_00001.png,3,3,0 0 0 0
fdd7a759-62a4-4526-a584-3252dd7de1fb_10000658face0_51_490_417_43100001.png,3,3,0 0 0 0
0c2d5ac0-537a-4dd2-884a-494ce9a69bd1_2face0_289_716_232_290_00001.png,3,3,0 0 0 0
8b7d7482-0e64-4ae1-8e09-96eec5ab48a5_2face0_370_222_350_456_00001.png,3,3,0 0 0 0
00304e77-de78-47a4-9764-cbe900105aef_602face0_489_886_180_231_00001.png,3,3,0 0 0 0
fe85f28d-e44f-44a2-8c8f-217425df31a0_302face0_625_670_180_227_00007.png,3,3,0 0 0 0
9df6785e-b571-4b1b-b3e6-563047f4a082_602face0_388_687_184_246_00009.png,3,3,0 0 0 0
0d51b6a1-4313-4538-bfad-a01b7299dce4_302face0_389_430_244_314_00001.png,3,3,0 0 0 0
9f4251eb-5592-4f28-8797-1fb3587f94b3_602face0_60_321_347_421_00002.png,3,3,0 0 0 0
c541d865-3d99-40b2-bc8e-53a520452a56_10000290face0_546_134_236_301_00001.png,3,3,0 0 0 0
8a34489a-3b53-4896-95b2-01d00b419c75_302face0_322_426_219_308_00002.png,3,3,0 0 0 0
c35288f2-dc72-4999-b6aa-8c1775a63ab8_2face0_251_648_579_59500007.png,3,3,0 0 0 0
2d62f338-3680-4a09-8db1-2ee7b0efb992_302face0_328_576_172_236_00007.png,3,3,0 0 0 0
2745dd60-6d05-4c49-8544-09e8162c3236_2face0_427_401_251_314_00001.png,3,3,0 0 0 0
f30dc673-24aa-43eb-a91d-8e72adbf4e92_302face0_583_135_366_486_00011.png,3,3,0 0 0 0
d7942520-0a22-45a0-81af-36a16da0fe4d_2face0_431_387_324_429_00012.png,3,3,0 0 0 0
ee4e3553-8ae8-4225-832e-f27179eb2117_302face0_376_739_337_462_00001.png,3,3,0 0 0 0
7b9f42b2-70c5-4b7c-88dd-c1a305b453be_302face0_604_309_211_281_00002.png,3,3,0 0 0 0
20589289-d5cb-4b30-b3db-1427438026ae_2face0_470_533_219_283_00001.png,3,3,0 0 0 0
ee3b5b91-fec0-420b-8af0-7aa6c2106020_302face0_396_345_501_54700001.png,3,3,0 0 0 0
938646fb-b333-402d-9d12-e56b039c7a90_2face0_510_379_508_53500001.png,3,3,0 0 0 0
b95c3eae-4b00-4f04-ae60-7ed0f297cb26_2face0_408_472_268_357_00003.png,3,3,0 0 0 0
4ccc2e15-201d-4cf3-8a9e-30a3ca1d3c3d_302face0_454_313_230_325_00001.png,3,3,0 0 0 0
e7467fce-0b7a-4986-bd87-adfa2dedac69_2face0_88_149_561_717_00002.png,3,3,0 0 0 0
80de46aa-5a29-482c-a3d3-3fdee16bebfb_1202face0_568_457_158_209_00004.png,3,3,0 0 0 0
b06ee0cd-7d8a-4e69-a91e-f3d60a087f05_302face0_158_87_424_571_00001.png,3,3,0 0 0 0
f304e68d-2648-47d8-9d58-b327e18ffdc4_602face0_730_644_203_247_00001.png,3,3,0 0 0 0
0634be5a-8c35-41b6-9a9a-29915aba5577_302face0_485_541_225_260_00003.png,3,3,0 0 0 0
62df55cf-acbe-48fe-9b5e-b75b827b2083_2face0_617_511_255_28900012.png,3,3,0 0 0 0
aacdae61-8303-462c-9aaf-3b2938e48ff6_602face0_715_102_222_25700002.png,3,3,0 0 0 0
a5fc5c68-b32b-4ed0-948b-4ddf73a9148a_2face0_116_249_274_327_00005.png,3,3,0 0 0 0
ea93fa09-5c2c-4a65-a02a-48e92ce68488_2face0_664_620_272_28300001.png,3,3,0 0 0 0
1142d06a-888d-4869-affb-a022172202d7_302face0_111_270_156_229_00005.png,3,3,0 0 0 0
87abff2f-f1e0-4763-bc62-e0334cb8072e_10000769face0_476_489_312_425_00001.png,3,3,0 0 0 0
ed644677-7180-4db5-a4fd-09e6c0a84ca2_602face0_195_160_128_177_00003.png,3,3,0 0 0 0
05bd5c62-5282-45dd-b0bd-17530c406c79_2face0_179_670_109_12600007.png,3,3,0 0 0 0
c199b0f5-923a-4fea-ac79-cb7a8c599f6b_10000597face0_547_242_218_301_00001.png,3,3,0 0 0 0
b058116d-cb92-40f9-af10-6041af0c42d6_2face0_64_239_484_590_00007.png,3,3,0 0 0 0
1fd84f65-458b-4af2-aed4-a3b2258f9756_602face0_409_352_203_264_00005.png,3,3,0 0 0 0
94e5a98e-4f5d-460d-8fb7-e2c50394997f_2face0_139_468_317_375_00001.png,3,3,0 0 0 0
9de5b00f-0994-49a1-8d03-7e8c79e20714_602face0_727_643_281_399_00006.png,3,3,0 0 0 0
855eceb1-bc8a-4d5f-a9d6-868c7566cb5f_10002433face0_690_390_180_257_00007.png,3,3,0 0 0 0
b250ac98-caf5-4bbf-9a54-1b9f9fc6d734_2face0_238_328_224_307_00002.png,3,3,0 0 0 0
072532d4-b751-4cf3-8e65-d33a1f084765_302face0_405_167_152_214_00001.png,3,3,0 0 0 0
2122a212-e927-42cc-927b-f9865694601f_2face0_118_52_711_997_00001.png,3,3,0 0 0 0
2ce22291-0e99-4dfc-997a-81502ff9978f_2face0_269_276_599_797_00001.png,3,3,0 0 0 0
561b6adc-c8f6-49fb-b4c7-b648a98eaceb_2face0_509_830_313_377_00001.png,3,3,0 0 0 0
3f377287-2688-4733-bdb2-850b3384397b_602face0_239_60_219_301_00003.png,3,3,0 0 0 0
d4446b57-ccfd-4cd4-bed2-2124a33d6a59_2face0_400_263_448_516_00009.png,3,3,0 0 0 0
4bcf1137-f3f1-421c-9e00-d875aec3b417_2face0_228_318_211_260_00001.png,3,3,0 0 0 0
dbc8d537-bc67-481c-bec7-3a34aef41485_2face0_88_653_628_797_00008.png,3,3,0 0 0 0
4225f3ff-07cc-4515-a826-1a2087a7d55f_10000984face0_362_476_303_30900010.png,3,3,0 0 0 0
d57db858-a5a5-4ca7-b67a-7256beceb803_302face0_282_394_180_223_00003.png,3,3,0 0 0 0
35d9ff0a-1a8b-4a44-82ba-60ff74d13c0d_302face0_334_100_299_427_00004.png,3,3,0 0 0 0
f43543ab-768f-4658-8e88-20476b25e692_10000001face0_331_521_316_366_00001.png,3,3,0 0 0 0
bda718d3-86fa-46b5-a85d-2005fbeb6b17_2face0_174_407_371_482_00001.png,3,3,0 0 0 0
f0bb55e9-4b3b-42d7-8c06-7d61ab1ff428_302face0_377_123_210_260_00003.png,3,3,0 0 0 0
b649c7e4-08d8-48f8-b6b2-ab178a0d0947_302face0_575_599_207_279_00004.png,3,3,0 0 0 0
6d6711b2-3ff0-4667-bf32-8c5e4ecfd3e8_10000286face0_490_120_315_407_00002.png,3,3,0 0 0 0
8fd94885-5c7f-460e-af6b-b3c5833eac6b_2face0_300_297_414_579_00006.png,3,3,0 0 0 0
cec1a931-6bee-48ed-bbb4-9d70c2f1bfb9_602face0_413_462_184_257_00001.png,3,3,0 0 0 0
b8c60bc7-4772-4d46-bee9-38f6d628da63_2face0_667_131_329_431_00008.png,3,3,0 0 0 0
cf02b1a6-6cb4-491c-8f6c-4fc86f5885db_302face0_376_67_453_564_00005.png,3,3,0 0 0 0
2ad1d29d-5d1c-45fb-bda2-676fa3b9f1a3_3634face0_398_629_312_390_00001.png,3,3,0 0 0 0
d7032c7e-bc53-47fc-b193-726363d8176c_302face0_467_592_226_296_00008.png,3,2.888888888888889,0 0 0 0
4eb38847-1fed-4ea5-a849-d4f8f41232ec_10001152face0_153_534_166_220_00011.png,3,3,0 0 0 0
4c83da57-de94-4706-bb57-3a44974b0bfe_2face0_377_545_176_19500001.png,3,3,0 0 0 0
f5099395-4368-452d-b02d-5669080c268d_2face0_218_196_609_771_00013.png,3,3,0 0 0 0
3160a44e-ab91-417c-a167-f06872ee9d73_302face0_450_677_211_23400001.png,3,3,0 0 0 0
277d35e8-2fc5-434c-a4fe-a9d75a7a297a_10001653face0_85_496_218_316_00007.png,3,3,0 0 0 0
f60f0a30-baa8-4073-8af7-b86b348537ff_302face0_676_566_315_405_00001.png,3,3,0 0 0 0
5cd5f364-1a3a-4cc3-9383-e86e88d75de6_302face0_440_211_350_456_00001.png,3,3,0 0 0 0
fa4f0d08-f9fd-4ce8-a707-77131b61082f_2face0_235_673_282_362_00001.png,3,3,0 0 0 0
932c0a27-d7a8-49c7-add3-8988258856fa_10002702face0_457_690_282_364_00001.png,3,3,0 0 0 0
cc50caf0-6993-48e8-bd86-32ff740f6167_2face0_264_228_373_479_00003.png,3,3,0 0 0 0
fac47a47-d874-4de6-af7e-1ce34e83e141_302face0_554_249_400_560_00001.png,3,3,0 0 0 0
6035346e-9cbf-438a-ab53-35a5ecf3be0a_2face0_406_438_392_521_00004.png,3,3,0 0 0 0
09022ef7-3b3e-4e75-ad65-2fda8f044515_2face0_560_164_429_564_00002.png,3,3,0 0 0 0
54c91192-64d5-460d-a648-072c3211c5cf_2face0_57_204_506_682_00010.png,3,3,0 0 0 0
c89a8d27-3602-4a3c-bdef-21f3488965a8_10001789face0_461_645_233_281_00006.png,3,3,0 0 0 0
96820806-d140-4356-9acc-cdd29d7bd75f_10000152face0_239_62_369_486_00011.png,3,3,0 0 0 0
28738c2b-13ba-4dc6-b128-3617f7369e36_2face0_322_542_351_432_00005.png,3,3,0 0 0 0
f7b67179-f0cc-4462-ae57-5b49fbeaaba0_602face0_523_380_254_340_00002.png,3,3,0 0 0 0
f2ffdfea-4722-4bd5-a050-7d136f4cd241_302face0_571_66_308_399_00008.png,3,3,0 0 0 0
ac6c653e-3228-4a56-9b8c-462a96801377_302face0_95_239_128_166_00002.png,3,3,0 0 0 0
d822b07b-b199-4f9d-ac49-9a05a54a37fd_302face0_370_673_280_373_00001.png,3,3,0 0 0 0
0992fd66-b69a-4dd8-9391-d94d27b0bb3c_1801face0_232_592_302_382_00001.png,3,3,0 0 0 0
ccd3d8c6-d276-4448-9119-88a9d4478c82_2face0_417_451_392_525_00003.png,3,2.9473684210526314,0 0 0 0
09395ec2-30ff-49b9-a127-abc4ceac0275_302face0_437_112_386_536_00007.png,3,3,0 0 0 0
9e88d657-d808-49b1-bca7-4868a5a2bf8e_10001573face0_514_613_182_234_00001.png,3,3,0 0 0 0
e36e7c1a-bc52-4411-8fd8-807dd5bc4c52_302face0_415_62_315_416_00004.png,3,3,0 0 0 0
408fbd36-4b5e-4cef-bf85-8c608cffff8f_10000043face0_359_57_401_534_00001.png,3,3,0 0 0 0
c8508edc-d336-4176-897b-27c493b73669_2face0_520_497_163_205_00004.png,3,3,0 0 0 0
f122c6a8-3027-4811-844d-ae8875a6ef42_2face0_395_780_270_325_00001.png,3,3,0 0 0 0
06b024b3-a62e-4ea1-bd9c-aaec4ed08751_902face0_455_418_287_379_00008.png,3,3,0 0 0 0
6177109c-7f79-43eb-9152-d5e066f40583_302face0_254_911_176_234_00008.png,3,3,0 0 0 0
fb4595a3-ac3e-49ee-930b-9e3d271a39c0_2face0_213_581_712_81500001.png,3,3,0 0 0 0
0008b29d-9a86-41ec-91bf-734e80d44577_2face0_504_559_344_466_00001.png,3,3,0 0 0 0
06cbe0f7-ddda-4223-be89-172345d1adf3_10000601face0_710_739_312_388_00005.png,3,3,0 0 0 0
746a640d-c1fa-4f31-9205-60140ddc26cd_1801face0_328_727_284_355_00002.png,3,3,0 0 0 0
d908bcde-1eae-497b-893a-ae0eb380e8ac_2face0_155_318_323_416_00001.png,3,3,0 0 0 0
3d58bb94-8817-45d1-94e4-2187bb9d253e_10000298face0_797_558_190_238_00006.png,3,3,0 0 0 0
dfb154ef-4054-4f58-83e1-c13ca8750554_2face0_582_112_243_345_00002.png,3,3,0 0 0 0
13a3be28-b6ab-4d27-a05d-1660b55e403b_302face0_349_552_393_530_00009.png,3,3,0 0 0 0
11475aa3-6e08-4cf7-a93b-0a0febd5661f_2face0_231_504_282_368_00001.png,3,3,0 0 0 0
af4c9a77-4600-4fe5-a0b4-69fd48abbcea_1202face0_516_441_194_262_00003.png,3,3,0 0 0 0
949d94e7-d251-4734-b271-5a37adb66c57_2082face0_402_549_357_436_00003.png,3,3,0 0 0 0
64a6dc80-7d40-4e32-aa45-5a6fa6703dc0_302face0_449_303_317_453_00004.png,3,3,0 0 0 0
e3a48faa-084e-48ab-aba5-8a30dc671d63_2face0_363_484_203_268_00001.png,3,3,0 0 0 0
84cfba91-8d09-4b0a-9736-a9db39e01881_602face0_133_354_242_297_00001.png,3,3,0 0 0 0
ea5fd176-1e36-49e2-8fb5-d61dea27fca7_10001651face0_388_686_239_308_00001.png,3,3,0 0 0 0
2fb4fe12-3006-4c67-a442-137074d512df_2face0_442_481_166_218_00003.png,3,3,0 0 0 0
85d3b53d-6af1-4c96-b618-14c613cf5d7d_302face0_132_364_373_39300005.png,3,3,0 0 0 0
9c4136bf-89c6-4f8d-8dad-4c8a2cfafba6_10001165face0_418_644_197_260_00004.png,3,3,0 0 0 0
fbb7e50f-98f9-4eae-aed6-854c47259de0_302face0_234_743_184_251_00001.png,3,3,0 0 0 0
ec8bd749-cd01-48ee-b0f4-8f82aaf03449_2face0_92_108_519_690_00001.png,3,3,0 0 0 0
0f0de61d-e7cf-45e6-af7e-7af0bf66e635_2face0_332_526_478_651_00001.png,3,3,0 0 0 0
fc9149c4-7bd5-483d-80f0-102c0c293659_6895face0_260_371_318_34100011.png,3,3,0 0 0 0
fe384ad4-833d-4207-8e6c-9e74b4bb734e_2face0_248_461_508_703_00007.png,3,3,0 0 0 0
1af976e6-1445-4cc1-aa1c-049abcd8920b_2face0_139_610_635_784_00011.png,3,3,0 0 0 0
81105373-e110-42e1-a62f-7ee5bddce8ae_302face0_202_675_558_58800002.png,3,3,0 0 0 0
25f7aec5-f563-42db-b4f2-5943e9268a77_302face0_703_269_230_299_00001.png,3,3,0 0 0 0
7113722c-27d5-4e5f-a2ac-7d658869e57d_2face0_396_731_317_421_00001.png,3,3,0 0 0 0
668ef08a-a941-4a6b-8257-177f0d6f352e_302face0_391_412_392_529_00001.png,3,3,0 0 0 0
12f6bffd-ba2c-4f6d-81de-cce13f3875f4_2face0_379_185_295_390_00001.png,3,3,0 0 0 0
d3397acd-046f-4318-b483-e6649fb63a26_2face0_587_237_254_329_00001.png,3,3,0 0 0 0
100aac85-72ad-4271-8b7a-6ffa2a2b51b8_902face0_139_317_380_540_00001.png,3,3,0 0 0 0
1d70dbcb-bd2a-4959-8990-632b557bee22_2face0_441_675_228_299_00001.png,3,3,0 0 0 0
d2b42974-89a2-43a6-8f98-d2faae4b9563_302face0_74_302_204_22600011.png,3,3,0 0 0 0
245f652d-2327-4de6-8f2f-df47d588c86b_2face0_393_403_291_364_00001.png,3,3,0 0 0 0
da13e13e-3330-48a7-bd6b-1487edf26ec7_2face0_443_321_357_458_00001.png,3,3,0 0 0 0
604dbc25-6b54-4a74-8cab-3ec9fd171fe8_302face0_410_645_153_16100003.png,3,3,0 0 0 0
142c8ba2-77a2-4b0a-ad63-0c79a0035136_2face0_216_350_515_643_00001.png,3,3,0 0 0 0
55be309c-2612-424c-94ea-a42d22337f18_2face0_313_58_684_943_00002.png,3,3,0 0 0 0
bea46e93-ba65-4c91-9db4-e259f8df263a_302face0_175_655_120_11900008.png,3,3,0 0 0 0
2c210ad2-8419-40c6-9e5e-6a3e8ad5277d_10000428face0_360_304_413_547_00001.png,3,3,0 0 0 0
65bfcc70-8110-4368-9c1e-38d965c6a7b7_10002067face0_380_327_147_205_00001.png,3,3,0 0 0 0
3c584892-7970-4542-9182-82a56298750b_2face0_288_390_396_564_00004.png,3,3,0 0 0 0
fb290646-bfb3-4a72-95b7-d8f07a647eb9_302face0_461_444_305_408_00001.png,3,3,0 0 0 0
6f902fef-27d4-4f5c-b1c2-cb1012077f38_302face0_361_60_404_560_00008.png,3,3,0 0 0 0
8f085807-0c6e-4d1a-b201-bc1d743ecd83_2face0_329_293_634_849_00002.png,3,3,0 0 0 0
cf00cccf-5890-4bef-9610-616de9968498_302face0_358_103_251_358_00003.png,3,3,0 0 0 0
7072a587-f186-4f75-9aa8-eac9a633cfa6_2face0_284_177_193_260_00011.png,3,3,0 0 0 0
46f83f2c-6df6-4631-b380-ee97c6d4e8ca_302face0_217_359_233_310_00004.png,3,3,0 0 0 0
cf935cb8-8cf4-4bd2-90d6-f5e9ff9e64e9_302face0_299_528_179_234_00002.png,3,3,0 0 0 0
1a7bb0b4-9ac4-4535-9aeb-f64b14d818a6_10001772face0_337_778_336_445_00001.png,3,3,0 0 0 0
d06a401b-b082-4acb-983f-38a04dbbb872_2face0_262_289_323_388_00002.png,3,3,0 0 0 0
a66c6587-c8a3-4e08-999a-1db9442bc37e_2face0_358_733_253_310_00001.png,3,3,0 0 0 0
78ed987d-8e81-4ac2-9c60-bdb0bf3c3884_3737face0_82_255_407_542_00003.png,3,3,0 0 0 0
21c847e2-034a-42c8-97a7-953a50492095_2face0_97_239_366_41000006.png,3,3,0 0 0 0
ea7ccf10-6464-4bca-809b-32ef323cbc9c_2face0_310_95_249_329_00001.png,3,3,0 0 0 0
e79aa6fe-ac61-445b-a190-170d7e3d6f88_902face0_605_324_256_344_00001.png,3,3,0 0 0 0
c370025e-d600-40cc-bcdf-933435812990_2face0_146_79_180_234_00003.png,3,3,0 0 0 0
eff6598e-9c32-4a1c-8092-721eb07760e3_302face0_292_218_603_775_00001.png,3,3,0 0 0 0
c370f119-e470-4f24-ae3d-c11c9bed06aa_302face0_290_661_236_284_00001.png,3,3,0 0 0 0
3537e827-bf05-4ddf-97ed-1b39359209de_302face0_370_730_182_240_00001.png,3,3,0 0 0 0
87bb4751-2e66-45a2-8b7e-a419d4cd0a6f_302face0_398_474_298_395_00001.png,3,3,0 0 0 0
8c9d6314-497a-4e0c-be18-4c70a695e9a8_2face0_318_399_336_410_00007.png,3,3,0 0 0 0
f9ba2e61-64d4-4f3d-81db-136127101a82_302face0_632_728_239_303_00001.png,3,3,0 0 0 0
b6db130f-80c0-47c4-aba2-e231fc8726b9_3601face0_432_111_371_525_00003.png,3,3,0 0 0 0
d3ee755e-8d0e-4906-b3d7-5e8ea2219964_2face0_93_85_372_536_00003.png,3,3,0 0 0 0
09634cde-24e0-4a38-8cc5-01229432cb3d_10003837face0_242_404_191_244_00001.png,3,3,0 0 0 0
b32db120-7f04-4d35-99d3-1c5e53c3dfe9_302face0_497_363_212_284_00009.png,3,3,0 0 0 0
5a77cbb3-9c00-4293-9b77-b5e07ae988e6_10000509face0_174_277_474_593_00001.png,3,3,0 0 0 0
ce9e9423-44c4-4fe1-8a89-0013146dfef1_2face0_384_327_428_536_00009.png,3,3,0 0 0 0
f629afc6-1f3a-4a38-b16a-38c2ac913b2e_2face0_463_312_348_456_00001.png,3,3,0 0 0 0
ff64423e-28fd-4488-ae95-2c272fadabf3_2face0_310_318_397_495_00009.png,3,3,0 0 0 0
ba91aabd-d171-4973-9627-65ba1f2c2ddf_2face0_291_638_466_593_00003.png,3,3,0 0 0 0
577376b6-ae64-4916-aa36-dbdcd4bae612_2face0_710_244_264_351_00011.png,3,3,0 0 0 0
8c626f04-d211-48db-9649-feac2c016ba0_2102face0_105_809_138_175_00008.png,3,3,0 0 0 0
e8689f8a-8953-4862-b29e-222a040e06f3_2102face0_305_68_194_22400001.png,3,3,0 0 0 0
695b3f02-8eba-4728-bdf5-9b7bb855a202_2face0_153_124_383_530_00007.png,3,3,0 0 0 0
7ee9dbd8-b642-4030-8bb8-0c4ecb15765a_10000301face0_372_729_197_260_00006.png,3,3,0 0 0 0
8d0dbfb3-e09e-44a2-be93-60ed65542759_902face0_679_369_308_407_00002.png,3,3,0 0 0 0
ca90a28a-b783-4966-a508-d51b3090819d_302face0_370_663_225_303_00008.png,3,3,0 0 0 0
6d924d0c-9709-47e5-b500-8d255fbc79f6_2face0_568_178_413_551_00002.png,3,3,0 0 0 0
ee6535a4-b1d0-4ef3-874c-17764797e8db_302face0_241_268_193_273_00001.png,3,3,0 0 0 0
6dc7779a-6fc6-4369-9097-8355b654d56d_2face0_426_377_242_333_00001.png,3,3,0 0 0 0
de47d752-fd9c-4c1f-ba60-ec74ecfd0251_902face0_226_107_425_623_00001.png,3,3,0 0 0 0
e54b9bc1-d417-4cfe-89c5-0f60be58b973_2face0_354_303_141_14800010.png,3,3,0 0 0 0
2bc084e9-a01b-4b2a-afab-83044172e239_2702face0_437_484_358_475_00008.png,3,3,0 0 0 0
eeaa8ca9-3475-4fe6-b98f-5d9312b771ec_302face0_80_401_406_558_00001.png,3,3,0 0 0 0
e3d34cf6-b758-4aa0-b9c8-da25a535c851_2face0_339_634_387_486_00004.png,3,3,0 0 0 0
44ff8362-c219-4d16-a73e-8df83eba1c45_302face0_389_486_244_318_00002.png,3,3,0 0 0 0
9a7ec9bc-2319-4fa0-a96d-4c9843419da9_302face0_556_65_363_39900001.png,3,3,0 0 0 0
36c547ab-0259-4440-aaa1-5b2b0d68252a_2face0_296_702_484_614_00001.png,3,3,0 0 0 0
a7ecea29-49d4-4299-b166-96bd4b256be3_2face0_146_224_732_956_00012.png,3,3,0 0 0 0
02f4a831-0e95-445a-b73f-5f6bb0f38b48_1202face0_409_182_130_166_00012.png,3,3,0 0 0 0
92d8201b-99ea-4147-bf6d-7180525a2810_2face0_268_136_341_471_00001.png,3,3,0 0 0 0
522d1a7e-713b-4dae-ada5-bb70bc1bf55d_1800face0_532_411_191_270_00007.png,3,3,0 0 0 0
14106d13-9172-4aab-ad93-2883095c3014_302face0_395_295_177_223_00001.png,3,3,0 0 0 0
f6ceaec8-d858-4aca-8500-3c970423ab9a_2face0_319_364_310_35200009.png,3,3,0 0 0 0
58aa6eaa-d3d8-4beb-8253-6e839a382d69_2face0_57_255_608_68600002.png,3,3,0 0 0 0
e2f0a683-adce-4aae-b24c-d40c12af0464_602face0_401_222_341_492_00001.png,3,3,0 0 0 0
ed18d4f1-eb52-4712-ba95-2f6edb19c176_2face0_141_482_468_638_00003.png,3,3,0 0 0 0
36cda6a7-7d67-4c60-9c1a-bc9347dd6297_2face0_528_382_317_419_00006.png,3,3,0 0 0 0
3825704b-a794-4163-819c-a17948f72ddb_2face0_568_569_235_312_00001.png,3,3,0 0 0 0
bf0b9e78-9532-44ca-875f-60b9cc91674b_1202face0_558_589_278_349_00004.png,3,3,0 0 0 0
f0689837-4cbc-40dd-ae94-55d99f70d7fa_2face0_268_309_603_815_00001.png,3,3,0 0 0 0
7995a18e-0038-40af-88f9-c5d728de99fc_2face0_118_207_513_680_00003.png,3,3,0 0 0 0
9d1243a9-9025-4f29-b682-7e270b4fda76_2face0_152_260_160_17000009.png,3,3,0 0 0 0
468522d5-e558-4099-9c69-e8543d9fbab6_2face0_109_635_267_353_00002.png,3,3,0 0 0 0
fa9afdf2-d4b8-46c4-9d61-5e40d6fe3bdc_10000001face0_314_188_260_334_00011.png,3,3,0 0 0 0
e33d58bf-757f-4366-95a6-d415d13e1013_302face0_506_387_337_419_00002.png,3,3,0 0 0 0
f4632aa7-eba8-412e-ad9e-6d1abc9c8ca3_302face0_392_309_281_366_00001.png,3,3,0 0 0 0
37a86f0c-7e9f-44a8-ab8e-9adb1d794346_2face0_739_52_196_262_00001.png,3,3,0 0 0 0
8b793dc8-377f-4df4-940d-bdfb148ad01f_302face0_426_94_266_366_00002.png,3,3,0 0 0 0
8eb37eac-a97d-47d1-9431-ed5bb1927f91_10000262face0_624_145_237_318_00012.png,3,3,0 0 0 0
2b82252e-1f01-406d-bc30-ca37cc65861a_2face1_682_183_334_453_00005.png,3,3,0 0 0 0
5120bfd2-95cc-48ab-b240-626eb1504d91_2face0_543_934_224_290_00006.png,3,3,0 0 0 0
886fdecd-2db2-4e2f-bc29-f30e29d37708_10002680face0_471_220_456_636_00003.png,3,3,0 0 0 0
1aa35bd0-9422-41fa-a42f-74dce1908366_602face0_608_644_154_197_00003.png,3,3,0 0 0 0
f1eac65b-2224-4c60-8477-c2b2408028b9_2face0_525_761_323_419_00001.png,3,3,0 0 0 0
abd15712-c34a-46f2-8370-3add432818a9_2face0_236_487_310_429_00009.png,3,3,0 0 0 0
117490f1-3a0b-499c-a914-850e5ac8b425_302face0_332_500_313_432_00001.png,3,3,0 0 0 0
2250aa08-02d8-46f0-99af-b4a9581f1456_302face0_400_117_340_458_00001.png,3,3,0 0 0 0
ac4d0779-bcd0-4322-8e0f-d07182538153_602face0_274_97_181_19700002.png,3,3,0 0 0 0
94f5a17b-ee00-4e67-b99b-36a8e05838a5_602face0_223_60_323_460_00002.png,3,3,0 0 0 0
f83c6407-7365-428e-96ab-5446b68d759d_10002543face0_61_182_858_1122_00001.png,3,3,0 0 0 0
b9fe7180-d026-4f83-a828-b80e2c3ba274_2face0_331_472_288_416_00011.png,3,3,0 0 0 0
34f015ed-fe90-4c15-801c-d776f5b443e3_602face0_193_459_165_216_00005.png,3,3,0 0 0 0
b475fe84-b010-4772-add4-18381ff3f711_302face0_238_369_343_440_00008.png,3,3,0 0 0 0
8004ab87-8eb4-4428-ad95-72e364200570_902face0_457_123_268_368_00001.png,3,3,0 0 0 0
b971ec5f-f63a-46e3-9d9c-af1cd5f318af_2face0_235_206_168_214_00005.png,3,3,0 0 0 0
99a2b3c2-bcc9-4102-ac68-06fb28d3c529_902face0_702_246_182_247_00008.png,3,3,0 0 0 0
e199b611-0c5d-4097-acfc-55888b947e33_2face0_150_360_237_290_00008.png,3,3,0 0 0 0
e8737faa-e0ef-4fbc-b2bd-01af85975ee7_2face0_284_343_639_823_00005.png,3,3,0 0 0 0
df188e28-a0c0-4dd1-bc0e-bc2448d3ab7b_2face0_285_472_156_194_00008.png,3,3,0 0 0 0
f7d77f0f-fbed-4ea4-8eed-549184fe461b_2face0_180_123_382_530_00007.png,3,3,0 0 0 0
9676c6e9-0513-41be-b9bd-090a134eaec4_2face0_268_520_266_347_00005.png,3,3,0 0 0 0
f37612f8-a08a-417a-aacb-179f803f573f_2face0_353_382_251_325_00001.png,3,3,0 0 0 0
e8b96006-a6e2-4183-9441-6f6600faa474_902face0_250_203_391_42500001.png,3,3,0 0 0 0
7e0992b5-42b5-4e86-9421-a502c51c6ece_2face0_673_600_175_247_00003.png,3,3,0 0 0 0
90d70ffb-c73f-4014-925e-81f8b078f3ba_302face0_255_700_292_399_00001.png,3,3,0 0 0 0
746ee5ed-486f-4591-8faa-06b58e93ab62_302face0_444_530_308_416_00007.png,3,3,0 0 0 0
e804cc78-eaef-4eee-afcc-42cd14332831_2face0_176_807_313_425_00001.png,3,3,0 0 0 0
b240bc00-8deb-4116-8040-8c3ef886953c_302face0_402_403_494_666_00001.png,3,3,0 0 0 0
8eac6e95-052d-4ce2-b6b1-94005277ddf4_2face0_246_549_369_503_00002.png,3,3,0 0 0 0
b26cdac8-923e-49ec-a8a0-0a39db0268e0_302face0_526_397_203_275_00005.png,3,3,0 0 0 0
5bd75ce5-873e-4c2e-8fb1-3dc81d72de10_2face0_731_799_224_307_00003.png,3,3,0 0 0 0
e07dd904-b6ac-4ec1-bc03-f5205b0883c8_602face0_62_480_281_377_00006.png,3,3,0 0 0 0
ca9b6662-c74f-48bc-ba4f-c4c7bbd12639_602face0_610_641_239_321_00001.png,3,3,0 0 0 0
b7492d7f-fc72-4c81-a706-fd67718e8907_302face0_256_486_301_373_00001.png,3,3,0 0 0 0
151797e6-f61b-4095-b382-f331853f218f_2face0_136_333_268_320_00005.png,3,3,0 0 0 0
7e3bf80c-4b21-4ba4-9886-932d2c729f66_2face0_227_492_358_486_00003.png,3,3,0 0 0 0
cd925b86-3068-45ce-b73d-4f96c9846e8b_10000893face0_137_598_446_590_00001.png,3,3,0 0 0 0
fd35a790-7de6-4fde-904d-b45ff8da7321_2face0_449_196_348_462_00011.png,3,3,0 0 0 0
573175d3-7e7b-4d3a-a5ac-75c355893584_302face0_108_222_537_664_00003.png,3,3,0 0 0 0
2e7af39c-d6bd-4675-9342-ebefb72a9fe2_2face0_442_308_151_186_00001.png,3,3,0 0 0 0
1412ca89-d7ac-474e-b2f0-c984f7cd7063_1800face0_250_584_200_270_00001.png,3,3,0 0 0 0
cb58a797-8b39-4776-a6fb-6a0dbc4fb158_10001587face0_181_413_242_299_00001.png,3,3,0 0 0 0
6af0aeb3-a23f-4076-897e-402022519fcc_1801face0_393_682_253_345_00001.png,3,3,0 0 0 0
c7b32205-3131-4330-a0eb-e513ffb0c38f_2face0_98_60_646_810_00011.png,3,3,0 0 0 0
465e99ac-b328-4c37-ad76-47df63b8eeea_302face0_513_646_243_290_00001.png,3,3,0 0 0 0
519700a5-0fef-4592-bb65-591b1d5c95ba_2face0_689_540_303_377_00012.png,3,3,0 0 0 0
04e936d7-6926-445a-ba92-d3ae0162fe2d_2face0_245_294_212_268_00001.png,3,3,0 0 0 0
6fbe133f-4892-4dd4-91c1-e1d39d0859c7_10000273face0_473_529_503_682_00010.png,3,3,0 0 0 0
7519a389-0891-49ff-b8f9-5f5f48ef6e0d_302face0_747_777_240_26100001.png,3,3,0 0 0 0
1ecdca8c-54e0-4c3d-b01f-41adc61fd7ad_302face0_458_73_271_371_00010.png,3,3,0 0 0 0
aa237455-d98e-49ca-ac2c-39fd364248d7_602face0_285_147_125_183_00009.png,3,3,0 0 0 0
ed60581e-ef87-4f49-82fa-e2542ea2bd12_10000301face0_484_663_172_223_00003.png,3,3,0 0 0 0
7da6e9f3-ee99-410c-b7d1-b5fc1d220880_1502face0_561_728_287_382_00001.png,3,3,0 0 0 0
cdce5651-ab32-4c4c-af1e-a01c80dd96d1_302face0_638_263_249_342_00001.png,3,3,0 0 0 0
d0df46ac-facc-4202-bc97-3ba7649b882c_602face0_182_203_352_473_00001.png,3,3,0 0 0 0
c017ec6e-57fb-4037-a240-53695bd6c3a2_10000001face0_166_728_331_395_00001.png,3,3,0 0 0 0
b9e73cf3-3bda-4a72-8b58-9bffe4f52e99_2face0_299_683_154_197_00001.png,3,3,0 0 0 0
19856358-d561-4e49-bf8c-8db0596103c4_302face0_403_50_415_580_00001.png,3,3,0 0 0 0
b5b62bdd-3e8f-4886-9ba6-7e9a9912c400_2face0_436_579_527_649_00001.png,3,3,0 0 0 0
8f984060-d217-4d88-afa0-b776d4f38092_2face0_349_610_470_584_00003.png,3,3,0 0 0 0
111e4e51-c678-499f-aa1e-354d7e07dd6a_1802face0_545_241_394_543_00002.png,3,3,0 0 0 0
9b046e83-dede-42e3-853d-1cc20c9d16ef_302face0_77_115_237_327_00010.png,3,3,0 0 0 0
a1dbd611-6bdb-430d-9293-d2a3ec20efa7_10000276face0_503_553_294_329_00010.png,3,3,0 0 0 0
2ae8e655-493b-4c11-bb69-bf2c453b5367_2face0_441_248_264_379_00001.png,3,3,0 0 0 0
eb84160c-6455-4cb6-89aa-9e2a2f750238_2face0_510_800_180_19300002.png,3,3,0 0 0 0
5f8b5d21-0743-4b6f-abd8-ad458a42b1e1_10000727face0_364_287_198_273_00001.png,3,3,0 0 0 0
ea9acd29-243a-4ef0-a241-b328a39a08bf_10000001face0_363_192_301_414_00010.png,3,3,0 0 0 0
a28a3925-7d9d-4d93-a4b9-7913c82ef867_2face0_401_489_327_423_00009.png,3,3,0 0 0 0
0beec009-7c2b-4df3-b1b6-2290ea099441_302face0_499_369_161_205_00001.png,3,3,0 0 0 0
885a9ad2-92a7-486a-96fc-cad5c127bc92_302face0_515_393_138_185_00001.png,3,2.9473684210526314,0 0 0 0
54c8b847-3027-4fd6-9ceb-caa9d89d47a1_302face0_728_415_133_14300008.png,3,2.9473684210526314,0 0 0 0
ecca25e9-eb09-4b59-8feb-5ef2f6d5624e_2face0_696_420_142_212_00011.png,3,3,0 0 0 0
80256f52-fb0c-4d4f-af13-88ff539feb2b_302face0_383_252_152_190_00003.png,3,3,0 0 0 0
00adf80d-030e-4ab5-a7d9-584619e7fc2e_1758face0_399_470_228_329_00003.png,3,3,0 0 0 0
70a2d590-6235-4929-a8c8-3a4b95d69aab_2face0_346_436_257_310_00006.png,3,3,0 0 0 0
6bd19324-57d5-4dcb-b47e-15f6b2fb376e_2face0_588_350_190_259_00006.png,3,3,0 0 0 0
0cc5a273-a5d3-4c4b-a56d-3a3b5f2d2463_2face0_221_351_163_209_00001.png,3,3,0 0 0 0
4d71d00b-132d-47c3-9c52-305b3245a661_2face0_113_175_560_714_00001.png,3,3,0 0 0 0
674451ef-c298-4a03-afe8-8efbcb3bf3aa_2face0_461_381_331_407_00003.png,3,3,0 0 0 0
86e4f9d2-f880-496e-b004-4a5d24737812_2face0_694_353_195_21000001.png,3,3,0 0 0 0
985c7136-d454-4645-b059-b4674bc44f02_1802face0_416_146_207_21800002.png,3,3,0 0 0 0
a482aaa1-3296-4833-a67f-dcecc723fff4_1801face0_223_402_161_216_00001.png,3,2.9473684210526314,0 0 0 0
3604fbee-e1f5-4c50-9206-cc4bc7c131ad_10000508face0_313_643_369_462_00003.png,3,3,0 0 0 0
903fc41a-b394-4068-bf2b-f8aff7102233_2face0_283_412_341_429_00001.png,3,3,0 0 0 0
52fd4334-98b6-45bd-9142-6a561df18c03_302face0_358_50_222_318_00008.png,3,3,0 0 0 0
1542d74d-d8a9-4981-aae1-123fc2dabc83_2face0_612_324_244_321_00004.png,3,3,0 0 0 0
3b6321a5-1fd9-49a8-9aba-e5ef451edda9_10000290face0_310_224_232_329_00001.png,3,3,0 0 0 0
be962290-1c24-4942-ab0c-acebddc215fb_2face0_250_248_651_847_00001.png,3,3,0 0 0 0
9a271b1f-a77c-4997-a04d-c2c282441618_602face0_457_414_233_307_00008.png,3,3,0 0 0 0
61fe23ab-3199-4ae3-9497-e21d605f9d68_602face0_129_165_212_260_00001.png,3,3,0 0 0 0
29ffd486-e572-4141-8bcd-a6e90e264d8c_2face0_199_846_348_440_00007.png,3,3,0 0 0 0
a262fcf0-5757-4f31-8891-2351fe4fe663_2face0_371_515_457_588_00005.png,3,3,0 0 0 0
bf2fe7ee-69dd-4541-8176-837b426d87e4_2face0_83_318_631_899_00001.png,3,3,0 0 0 0
18deae19-48b4-4aa4-a095-6c9f79253365_602face0_282_543_121_12200006.png,3,3,0 0 0 0
6917c88f-3529-4f9a-9f9b-7f55e92e2773_1799face0_522_1234_282_364_00001.png,3,3,0 0 0 0
76f5039f-2817-41f5-8afa-d414d8a21fad_1202face0_414_487_170_17400010.png,3,3,0 0 0 0
ef0b2efd-f041-48b1-9a5b-d4d70ec83544_2face0_88_201_515_641_00008.png,3,3,0 0 0 0
ddb00aaa-5e40-4e89-b62b-dce86f73626d_1802face0_465_703_291_358_00001.png,3,3,0 0 0 0
8f7acd7c-3690-4f9e-921c-99a90b86afdf_602face0_457_427_200_275_00002.png,3,3,0 0 0 0
c0723e30-e43c-4786-9836-e69fa77b8baf_602face0_432_238_274_377_00003.png,3,3,0 0 0 0
74ff1605-9fff-4ce1-88ce-a8d3fe474c82_2face0_330_272_610_856_00003.png,3,3,0 0 0 0
70951bcb-1c91-4fef-a26f-ec4cb38db25f_302face0_473_198_130_14400005.png,3,3,0 0 0 0
4905c67c-a342-4942-888b-a143c1399194_2face0_475_58_149_227_00001.png,3,3,0 0 0 0
fd3d4535-39b7-472c-9644-0d30461fa7fc_1802face0_400_673_336_419_00012.png,3,3,0 0 0 0
1753a81f-b20e-40f0-9efd-c671e8abf4c2_10002428face0_611_585_236_303_00009.png,3,3,0 0 0 0
b8fbd4c9-d869-4c99-87df-864d63534a71_10000820face0_616_577_351_36100011.png,3,3,0 0 0 0
859e3e9e-e9be-4f2a-90c2-6d2d765e7ddc_2face0_354_913_374_39700001.png,3,3,0 0 0 0
70cae0b4-76df-4133-ad46-cb0db1a103e1_302face0_303_376_267_353_00004.png,3,3,0 0 0 0
6a1d9bc1-88a6-4c70-a445-97011854350f_302face0_316_194_141_201_00004.png,3,3,0 0 0 0
8435608f-d4f0-4713-a242-1b962d51e8c5_302face0_598_783_247_340_00001.png,3,3,0 0 0 0
2b16c51d-a5a6-4b04-a76a-56201b12376e_302face0_209_240_142_192_00001.png,3,3,0 0 0 0
54b6aad8-c4f9-43fa-9fc8-461e500d31c4_302face0_576_349_158_205_00002.png,3,3,0 0 0 0
8ce2ba2e-72a9-4e71-afb0-bbbf7faa711c_2face0_494_207_428_538_00001.png,3,3,0 0 0 0
d5f4c37b-60f7-4e10-8051-ed4aeddcb7d6_2face0_430_586_357_444_00002.png,3,3,0 0 0 0
aa2f8c44-8a46-4700-a422-d2709aad3dbd_302face0_398_194_389_532_00001.png,3,3,0 0 0 0
93105f30-104e-4d9b-801d-a4db25250aaf_10000264face1_168_585_129_14300006.png,3,3,0 0 0 0
f06ae009-1609-4ad9-ab67-e1b780b4eee3_302face0_433_233_219_310_00004.png,3,3,0 0 0 0
14cb7980-83ff-49e3-81bd-e430302702f0_602face0_457_445_203_260_00005.png,3,3,0 0 0 0
fdf1b584-86ca-4840-b0f5-ce61aeb47b79_10001157face0_689_223_290_31500001.png,3,3,0 0 0 0
27fad0c6-0b4a-4bff-b059-edcd1bac635a_2face0_392_265_357_481_00001.png,3,3,0 0 0 0
2748f17d-2a06-4657-86e2-a01fe126bb9b_302face0_230_62_212_288_00001.png,3,3,0 0 0 0
8c15e4d1-2502-49c5-9472-2b73d159d13b_302face0_136_266_510_662_00005.png,3,3,0 0 0 0
f17d5d31-20bf-4309-afb6-60256f3bf47c_2face0_184_550_253_320_00004.png,3,3,0 0 0 0
2a10b8fc-f9e4-42de-98c9-6c43be5c4a0b_10000001face0_82_155_754_1065_00004.png,3,3,0 0 0 0
718458cd-7c4b-4e29-8c1d-a37788103d6f_602face0_349_54_372_493_00001.png,3,3,0 0 0 0
0b43a982-0754-4fe8-aa83-d87cbbd4a4d4_2face0_366_94_259_331_00005.png,3,3,0 0 0 0
970e1ad2-8afb-48dc-a942-51f09000469e_302face0_81_321_287_357_00001.png,3,3,0 0 0 0
7c2575e2-41e5-433d-a2e8-c5f4fb140bd4_2face0_267_196_489_55700005.png,3,3,0 0 0 0
0d2af211-af23-47c1-aa62-fbea865d5b2b_3242face0_280_257_169_236_00003.png,3,3,0 0 0 0
f1b8809b-721b-422e-bfd0-dae6915a89b9_10001791face0_478_736_257_334_00001.png,3,3,0 0 0 0
54179f39-1e31-4243-a4f8-82d1bb34c7ac_2face0_355_199_429_604_00006.png,3,3,0 0 0 0
2594139c-7354-4ec6-9e03-3256490efc5f_302face0_367_149_410_551_00003.png,3,3,0 0 0 0
a718dddb-f9c1-4590-9781-97e0c9bcdecf_302face0_486_392_187_242_00007.png,3,3,0 0 0 0
9045d0af-fbe9-448b-89f0-31db1476bed2_10001050face0_266_168_148_192_00001.png,3,3,0 0 0 0
0719ef18-c3d0-4e97-9428-b1fe274c6d1a_2face0_470_514_295_399_00009.png,3,3,0 0 0 0
43857a8a-88b6-4216-a47d-3a21886f0adc_2face0_355_200_403_560_00004.png,3,3,0 0 0 0
05250159-ba7a-473b-bde2-c4bd47158f6b_302face0_505_466_240_299_00001.png,3,3,0 0 0 0
82cb088c-7104-4021-b91a-103f2f153417_2face0_525_53_340_468_00011.png,3,3,0 0 0 0
d7345deb-82b2-4bc1-8480-b603e1b65712_2face0_182_256_413_527_00001.png,3,3,0 0 0 0
cd382138-e2d2-40f8-a245-db2a9753f3cd_10000274face0_447_588_239_327_00001.png,3,3,0 0 0 0
872d81c6-ee07-4c87-be0a-74f073e007fb_302face0_184_348_403_558_00007.png,3,3,0 0 0 0
11da9357-5c88-46fa-b3b1-355e286d1792_302face0_182_77_256_347_00001.png,3,3,0 0 0 0
96322b10-ad75-44d5-923c-cb03389befb9_2737face0_365_602_198_234_00010.png,3,3,0 0 0 0
fc1fe797-e749-49ba-bd9b-c399bd039968_302face0_346_606_280_355_00001.png,3,3,0 0 0 0
b8cb9a52-4c70-4a10-aabd-093aff2c7f9f_302face0_722_483_212_277_00001.png,3,3,0 0 0 0
aafabcf3-67c8-483c-99b6-79ca374fd38d_2face0_65_239_450_571_00009.png,3,3,0 0 0 0
42376847-77d9-4676-be77-565fafe2ed0c_2face0_97_60_316_37300012.png,3,3,0 0 0 0
ef13327b-8aac-468a-83c3-8baf010df8f5_2face0_345_482_439_577_00008.png,3,3,0 0 0 0
3d488239-d712-472b-81ec-f7e64ae383a0_2face0_196_335_733_930_00004.png,3,3,0 0 0 0
105049c7-8f21-4502-93b8-df06272fd2a1_2face0_240_797_523_651_00001.png,3,3,0 0 0 0
34de8e84-905d-4416-bce1-642fb4cb3308_302face0_548_471_205_292_00005.png,3,3,0 0 0 0
2fd890be-8093-4645-a11c-ce9b61864675_302face0_374_74_354_503_00007.png,3,3,0 0 0 0
82c0c954-4d72-4b75-8f55-0a8c83403642_302face0_120_172_315_421_00001.png,3,3,0 0 0 0
19adda87-aa51-40d2-b193-c947b595ca99_2face0_419_290_215_270_00007.png,3,3,0 0 0 0
2e5da63b-abc7-4cd4-8eee-6fa2963d9d32_303face0_438_562_207_264_00001.png,3,3,0 0 0 0
fb860248-0f83-4868-9a1f-fc19e4be7de9_10004319face0_275_891_275_364_00001.png,3,3,0 0 0 0
a863d06c-51d6-49a7-87a3-97a8eb7fe0fb_2face0_453_414_427_566_00001.png,3,3,0 0 0 0
79d26f08-a53b-45b6-8a71-ed333fa293ec_2face0_538_279_400_549_00009.png,3,3,0 0 0 0
6c985df0-5902-426a-97b1-69635a5732ae_2face0_165_404_410_521_00006.png,3,3,0 0 0 0
5b13b83e-8696-4508-bb89-de15932010b0_2face0_402_775_333_405_00001.png,3,3,0 0 0 0
171c0118-305a-4e17-b5a2-f11ae0f14607_2face0_346_363_250_334_00012.png,3,3,0 0 0 0
02e0dfef-baf0-41c5-919e-dbc3cbde6020_602face0_532_550_212_284_00005.png,3,3,0 0 0 0
f14c8e3e-4649-4c58-862e-edca7fee56c9_10000051face0_298_406_182_240_00003.png,3,3,0 0 0 0
15583e20-3ea7-4e3f-9775-a69ab433a671_602face0_406_274_270_347_00004.png,3,3,0 0 0 0
07c0fde0-61b0-46b4-8358-d834cee6e097_2074face0_497_1089_151_197_00004.png,3,3,0 0 0 0
97186efa-62b0-46e4-92e0-f0cc7f0ab452_2face0_325_397_365_445_00001.png,3,3,0 0 0 0
4abd62a7-1937-4f72-9c92-b3f6a5ed7276_902face0_131_263_459_571_00007.png,3,3,0 0 0 0
b9f59b7e-dfac-4efa-97f9-f5c020a0461b_302face0_309_405_399_534_00001.png,3,3,0 0 0 0
9bb756d9-4448-4d8a-9a13-c3bad5ea9be6_2face0_357_504_386_503_00005.png,3,3,0 0 0 0
a70168b7-545c-43ef-83b5-59a44bc3330d_302face0_622_319_372_466_00001.png,3,3,0 0 0 0
a47e4db4-52b0-443d-b9c9-57601ea45f65_2402face0_531_692_109_11800010.png,3,3,0 0 0 0
e2be3a9c-3c01-4aae-bf90-edfed89e5c26_2face0_282_496_347_431_00001.png,3,2.9473684210526314,0 0 0 0
7d531d51-49f6-4ef4-93b7-a8a7130ac674_602face0_857_493_162_212_00009.png,3,3,0 0 0 0
08a127c4-fdce-43ce-acf0-6b2ff6d391d0_3600face0_499_406_134_185_00002.png,3,3,0 0 0 0
72ed8826-b65a-4b82-a9c3-c59b5763c801_2face0_117_88_453_593_00004.png,3,3,0 0 0 0
bcce64eb-05e0-4457-a4b9-c07e2f52fb9a_2face0_235_101_259_316_00001.png,3,3,0 0 0 0
8998437e-c46d-4365-b5ab-51a09dc1e94c_302face0_134_88_532_730_00005.png,3,3,0 0 0 0
b3400300-eb84-4e01-898d-dca438184c14_2face0_353_806_310_412_00002.png,3,3,0 0 0 0
e1de28bb-30de-4055-a17f-4c48b5d24e94_2face0_462_531_233_297_00001.png,3,3,0 0 0 0
e7196221-1d94-400b-a0ff-405dfad563a8_10001058face0_536_320_387_484_00010.png,3,3,0 0 0 0
c4d15707-38f3-48c4-bca0-21ef272d0d50_2face0_146_498_788_1032_00003.png,3,3,0 0 0 0
e8a94321-60ae-4405-b44a-695de9651c14_2face0_96_94_623_797_00002.png,3,3,0 0 0 0
58b92070-4436-4525-b466-1ca4da0b8812_2face0_298_342_324_425_00012.png,3,3,0 0 0 0
c4f484e3-9353-45ac-8971-7ef7e33042ad_602face0_493_194_298_388_00011.png,3,3,0 0 0 0
d15de428-7345-40c3-980c-da8c0929a0e9_902face0_311_278_277_364_00005.png,3,3,0 0 0 0
c6f52cb4-a7dc-4051-a604-caa8fce5e6b2_2face0_366_340_200_21000001.png,3,3,0 0 0 0
dff16507-01a5-4f02-ac1c-3c4226d67280_302face0_388_122_536_701_00001.png,3,3,0 0 0 0
df61b82c-17ef-4a12-bb9b-05524d2af79a_902face0_506_141_197_275_00003.png,3,3,0 0 0 0
dfa670e1-8a7a-44d7-91fb-ee395c960c58_2face0_376_569_621_823_00001.png,3,3,0 0 0 0
9df7f1c8-53d1-4072-88be-a19ee79e87c2_2face0_89_243_189_240_00001.png,3,3,0 0 0 0
e075b5a1-7157-443a-af98-a90c1d8ea021_2face0_194_190_819_1060_00002.png,3,3,0 0 0 0
a0dc4d54-0453-4bdf-a7ca-c05abe196212_2face0_282_390_380_464_00012.png,3,3,0 0 0 0
8dfa5f46-2968-4c3a-88ad-2db0450090ec_302face0_213_474_244_299_00002.png,3,3,0 0 0 0
daa784b6-926a-4169-a746-a05d10b49bf1_302face0_346_826_264_342_00002.png,3,3,0 0 0 0
c6ae2fe9-68b0-4d75-8b11-d1c0e271ec3a_302face0_500_608_193_236_00007.png,3,3,0 0 0 0
b9527a37-6545-434a-b6c7-5edd6df8152c_2face0_398_701_456_569_00001.png,3,3,0 0 0 0
c1180072-2ae4-4821-b5c3-b798d6277f2b_2400face0_361_552_315_440_00007.png,3,3,0 0 0 0
db13da52-d3be-40ab-9c57-57c302df1e40_2face0_514_259_261_364_00001.png,3,3,0 0 0 0
30bc741f-431b-4e0d-970f-eb2538e6ddc8_1502face0_530_543_177_229_00005.png,3,3,0 0 0 0
ed65bd9b-cb18-4230-a536-b43e2de89531_2face0_113_121_485_701_00002.png,3,3,0 0 0 0
2690a8b6-820c-418c-b2d2-68a7e31900dd_10000488face0_555_449_449_586_00001.png,3,3,0 0 0 0
443a61da-a47c-482f-bbdb-586ddde9ccd4_3453face0_618_442_329_414_00002.png,3,3,0 0 0 0
7199ed1a-027d-4cf8-870d-289fdd0a9b8f_1802face0_398_776_246_307_00005.png,3,3,0 0 0 0
7b035c67-87ad-40e1-9037-c8a0613468d0_602face0_327_126_438_577_00011.png,3,3,0 0 0 0
fd3e2bb2-ad64-48cd-bd2e-cd8f08214050_10001883face0_357_529_327_425_00001.png,3,3,0 0 0 0
3e0a3ce2-eaac-4c68-b068-9d5efdc76658_10000269face0_293_229_169_216_00012.png,3,3,0 0 0 0
5c11a385-117a-4b00-839f-9a4caab64e43_2face0_351_114_373_497_00009.png,3,3,0 0 0 0
025e334b-c25a-43e8-a88e-d0b42dd8cb09_302face0_411_260_394_527_00011.png,3,3,0 0 0 0
f6244be6-92a5-4f80-beb2-de18267a601c_902face0_441_132_316_401_00001.png,3,3,0 0 0 0
9ed398bc-9e6e-4c6a-a112-8d29e47b2805_10000880face0_379_534_330_423_00001.png,3,3,0 0 0 0
8a7c1f44-7b5c-4c08-a0fb-1d061dd275d6_302face0_744_513_184_246_00006.png,3,3,0 0 0 0
0c7f751d-13c4-47b2-927e-16728c54308d_302face0_471_115_386_512_00002.png,3,3,0 0 0 0
4da3a5e2-a597-4f2a-b3bb-69071e0b2891_2face0_419_544_486_52900002.png,3,3,0 0 0 0
cefedf53-cfe3-46c0-be33-5a6ee76726ee_302face0_230_221_130_190_00010.png,3,3,0 0 0 0
61d8baa5-043f-4a51-8ef7-b82e8f7a0452_302face0_227_395_230_320_00005.png,3,3,0 0 0 0
efd94569-9b5c-4ec3-a9bf-b63ca49b19bf_602face0_529_197_237_329_00003.png,3,3,0 0 0 0
3ee02955-dbbc-4f6b-9cc4-5c35eb09d1bd_2face0_237_463_688_897_00006.png,3,3,0 0 0 0
050a0918-31b9-4c27-850b-f552875bbd98_2face0_191_269_259_366_00008.png,3,3,0 0 0 0
87042aeb-b3d8-47ed-8540-e68a34845d88_2face0_166_180_715_962_00003.png,3,3,0 0 0 0
86141439-961c-4399-b8a0-dd95f2b9492b_10001179face0_368_510_156_194_00007.png,3,3,0 0 0 0
75429acd-512b-4ec1-861e-7b1f5420d97e_602face0_550_58_264_370_00011.png,3,3,0 0 0 0
f25672d4-4b36-4e22-8303-8ed1a8501746_902face0_213_472_169_214_00005.png,3,3,0 0 0 0
89b9ff11-d2fa-42af-a7b8-3ae6b929d734_10000001face0_367_288_389_519_00011.png,3,3,0 0 0 0
2b8df85e-1cb9-45f1-9e21-8fefe2ff2e3b_2face0_191_208_261_370_00007.png,3,3,0 0 0 0
e5be544b-ae4d-4fc8-97d6-bf0b9ae421db_902face0_210_338_309_33800005.png,3,3,0 0 0 0
aa9cb98e-ae1e-4c77-b993-804654c35ad6_2face0_592_106_242_340_00001.png,3,3,0 0 0 0
51a50167-9fb4-4aa9-ac70-e02067f80f94_2face0_179_369_268_373_00006.png,3,3,0 0 0 0
fcd0291a-eab1-4eca-b2af-0f61b51b76ea_2face0_457_359_298_392_00011.png,3,3,0 0 0 0
7d1978ef-2844-4ae2-825f-1c31ed088eae_602face0_194_55_239_303_00009.png,3,3,0 0 0 0
457ae03a-20f3-4bb4-a0d1-43af358c98bb_2face0_239_106_422_518_00004.png,3,3,0 0 0 0
f4310cbb-6532-48d3-a1d9-6ff9c6b52e14_602face0_339_244_211_281_00001.png,3,3,0 0 0 0
94fcf9e2-8abc-4da2-939c-c312b3e3ead6_602face0_521_425_358_475_00002.png,3,3,0 0 0 0
736def22-59a6-4955-bd77-d08eda1cfc6f_602face0_529_422_257_316_00011.png,3,3,0 0 0 0
0ad1db59-6bc3-451c-9fee-eeac1eb92859_2face0_362_360_502_640_00001.png,3,3,0 0 0 0
4fc50781-03b3-4b30-b8d2-e4b8cf55895d_10000265face0_56_405_434_545_00005.png,3,3,0 0 0 0
5692d474-b629-454a-9e32-a26f0d85f24a_2face0_202_199_420_532_00001.png,3,3,0 0 0 0
8d4d80f0-03d7-4b7c-847a-5241c483db3b_2face0_259_369_251_338_00001.png,3,3,0 0 0 0
a4f8cdfc-3a25-4443-a839-0d807e3c80c1_302face0_373_92_450_593_00009.png,3,3,0 0 0 0
85dae184-35a7-4f56-81c6-215d0d8a0596_302face0_286_283_292_366_00003.png,3,3,0 0 0 0
86d410ac-1224-4d39-9917-b8973c2edabd_10001504face0_485_842_253_325_00001.png,3,3,0 0 0 0
ebf19d2e-0c1a-43d8-8cc4-cce628c0e342_2face0_483_374_208_275_00004.png,3,3,0 0 0 0
be4c9375-df45-4474-a475-633079643a12_302face0_445_140_337_431_00003.png,3,3,0 0 0 0
a9b98587-956d-493a-a7d4-8d4265e26e7a_2face0_722_101_224_297_00005.png,3,3,0 0 0 0
cf9cba27-fbc7-4507-8c7b-f32b213f767e_907face0_172_218_309_418_00003.png,3,3,0 0 0 0
9718b1b2-34fe-471f-989c-a6dc5750586f_2face0_285_99_351_444_00004.png,3,3,0 0 0 0
49b30295-33de-4a85-bcb8-168bdc1b49fc_2face0_672_335_340_460_00004.png,3,3,0 0 0 0
0fb085db-1ca4-4f54-a06f-e176d30ecb69_302face0_519_452_443_575_00001.png,3,3,0 0 0 0
04577901-fc98-477b-b1bb-a7a1d2adcaf9_2face0_341_359_422_553_00003.png,3,3,0 0 0 0
866d4251-308c-4470-9050-f4df1e8a2fbb_2face0_375_752_236_24000006.png,3,3,0 0 0 0
951934ac-fcf9-4b4d-9ebd-0a9e600142d6_302face0_494_514_177_209_00008.png,3,3,0 0 0 0
6c90116a-7d56-4408-a203-47253ebcd9c7_302face0_337_247_246_333_00005.png,3,3,0 0 0 0
5aea6ae7-9226-400f-8354-b8a3774e155c_10000179face0_433_380_275_373_00002.png,3,3,0 0 0 0
bba74f87-4f85-4f31-99bd-1dd06609673a_10000289face0_586_399_217_292_00001.png,3,3,0 0 0 0
5a80cbe5-80f5-4b96-84c9-eb53574dcec5_2face0_505_568_237_318_00002.png,3,3,0 0 0 0
1c390307-5cff-487a-a0f5-569fe1ca1cd2_10000000face0_407_363_295_370_00001.png,3.05,3.05,0 0 0 0
7319e58c-7dc2-4f02-8f95-ebcf4d5c6ee5_1872face0_317_212_130_175_00002.png,3.05,3.05,0 0 0 0
ef714b94-15e7-4fca-a054-6cb56e8fd3f5_3002face0_503_500_203_275_00004.png,3.05,3.05,0 0 0 0
8a3b3e9e-7a31-48a5-bf19-c3b572fc6b3e_1801face0_368_581_379_484_00001.png,3.05,3.05,0 0 0 0
e09b5e6a-c1f7-4040-8331-960aa9d463cd_302face0_443_293_322_418_00001.png,3.05,3.05,0 0 0 0
24252876-9de7-40b6-8129-18e1572f8a80_2face0_597_124_203_277_00008.png,3.05,3.05,0 0 0 0
280b31de-c73f-414e-bb79-03c0fef441a8_2face0_267_645_194_234_00002.png,3.05,3.05,0 0 0 0
64e72820-edab-4193-a3ec-21125d72d125_2face0_352_320_302_394_00004.png,3.05,3.05,0 0 0 0
a7ac6960-9f28-490a-82b9-7861fa650881_1802face0_297_334_191_257_00001.png,3.05,3.05,0 0 0 0
b381e482-da7c-42b1-9fd4-fdb1f13756b1_302face0_344_565_390_486_00009.png,3.05,3.05,0 0 0 0
6103f7bc-2964-481b-aec8-fd624e3e1d73_302face0_371_450_348_449_00008.png,3.05,3.05,0 0 0 0
37eebf89-c4f3-48cd-97b5-8a2596eb5e42_2face0_399_518_250_338_00001.png,3.05,3.05,0 0 0 0
1ad294d8-458e-4c89-ae2a-ae8a73323ff0_302face0_442_904_186_242_00013.png,3.05,3.05,0 0 0 0
a4311cfd-a91e-46fb-b5e9-64e36206517f_302face0_522_640_283_29300011.png,3.05,3.05,0 0 0 0
12483fdf-684f-4caa-8a1a-7c216d69c7be_2face0_320_364_499_614_00003.png,3.05,3.05,0 0 0 0
bbc661a5-36ed-4c3e-ad29-a91af5e9cab3_2face0_280_233_597_806_00001.png,3.05,3.05,0 0 0 0
91a73b91-1e1e-4f25-ab5e-fc4dd948fb0d_2face0_408_671_243_303_00001.png,3.05,3.05,0 0 0 0
ca8aacaf-0fac-4c72-b597-b96f180c0e15_602face0_385_569_127_170_00010.png,3.05,3.05,0 0 0 0
811f9e53-4333-4599-814d-9edc6c49a1af_602face0_481_639_240_316_00002.png,3.05,3.05,0 0 0 0
afa9b025-be72-442f-bf21-023235738e9a_10000118face0_192_158_243_344_00001.png,3.05,3.05,0 0 0 0
22847485-0499-4425-a884-ca6a6f114b80_2face0_165_310_445_597_00006.png,3.05,3.05,0 0 0 0
7168a90d-532a-43ef-ae80-a628abd01f28_2face0_281_320_173_214_00005.png,3.05,3.05,0 0 0 0
6378a6dc-bc6b-41f5-9333-7421c5c465b9_2face0_255_245_403_562_00001.png,3.05,3.05,0 0 0 0
5afe21b5-2bd0-409c-bdd4-533f0fca62a3_2face0_313_328_345_444_00001.png,3.05,3.05,0 0 0 0
6acecde2-0c84-49d0-80d6-2ebabdd5f9c4_302face0_147_375_162_220_00001.png,3.05,3.05,0 0 0 0
dd73b10e-b6bb-46fa-9b66-d09ea0ef6c4f_2face0_431_303_525_656_00005.png,3.05,3.05,0 0 0 0
8d56e97b-606a-43c8-a74d-7f59c7301143_2face0_300_371_162_220_00002.png,3.05,3.05,0 0 0 0
f54841cc-cef1-4f4f-b028-8a72f6767e88_2face0_252_588_259_307_00009.png,3.05,3.05,0 0 0 0
7fdb0c82-5a6e-49df-8a1d-6bf288e32572_2face0_573_742_162_220_00008.png,3.05,3.05,0 0 0 0
30dc2a03-c3c1-4393-93b0-9dc10e3d82b0_10000246face0_139_280_179_244_00012.png,3.05,3.05,0 0 0 0
88d94c9b-b134-4504-834b-8e46e3d99ca4_302face0_524_185_273_370_00001.png,3.05,3.05,0 0 0 0
eaaffd81-7029-4bcd-9e36-ad64ca945f53_2face0_423_352_200_253_00007.png,3.05,3.05,0 0 0 0
2f153335-67a7-4b65-823f-244c7a2f0559_10000590face0_538_523_263_321_00011.png,3.05,3.05,0 0 0 0
78d818a0-7124-45a9-93f1-3af3abf5b6b3_2face0_95_444_260_316_00002.png,3.05,3.05,0 0 0 0
e5712fe9-743a-4187-b394-70ed229f0355_10000841face0_212_616_651_895_00011.png,3.05,3.05,0 0 0 0
1db07161-8f63-4df3-ac74-45424a2ab2dd_10002040face0_591_602_133_181_00005.png,3.05,3.05,0 0 0 0
7223fe2c-d52e-483f-8343-666742c65890_2face0_468_287_186_249_00001.png,3.05,3.05,0 0 0 0
84a17d51-c49c-426d-8b0a-dce30554ad27_10000000face0_289_387_407_495_00002.png,3.05,3.05,0 0 0 0
6def9265-4828-40aa-8a43-a6d16fd10d33_2face0_218_241_375_495_00001.png,3.05,3.05,0 0 0 0
fce69d76-211e-4013-bb92-ae2c57731b02_2904face0_318_138_292_395_00001.png,3.05,3.05,0 0 0 0
7d62b9c2-6fbc-4191-973a-a8add5351db0_2face0_656_244_144_15600008.png,3.05,3.05,0 0 0 0
10eb005a-ad42-4d04-9362-88b87a8e31ec_2face0_520_695_207_275_00002.png,3.05,3.05,0 0 0 0
62294ed5-da8a-4e4f-b89c-3fee785ad27a_302face0_559_513_289_355_00005.png,3.05,3.05,0 0 0 0
a6e4558f-1a81-4fc1-8dc0-b2022c70dab0_2face0_473_441_242_27400002.png,3.05,3.05,0 0 0 0
24e67562-f712-405f-8aa5-09dce2c1e00a_2face0_82_600_260_334_00001.png,3.05,3.05,0 0 0 0
20c6a46f-c8e8-4bb1-b4b3-8cf194e7d964_2face0_440_241_243_321_00001.png,3.05,3.05,0 0 0 0
b866301a-ca0a-48a2-bfe5-1dc7d9a0786b_2face0_261_137_215_292_00005.png,3.05,3.05,0 0 0 0
9e54fcf9-c5ca-4598-b650-1783a36a8b93_10000298face0_179_158_302_401_00001.png,3.05,3.05,0 0 0 0
088ce1cd-72c0-4fdc-a0f6-97690366abf9_2face0_203_113_315_405_00004.png,3.05,3.05,0 0 0 0
82b8a63d-087d-453f-b0ea-6da18757d3e4_10000294face0_411_479_236_297_00001.png,3.05,3.1052631578947367,0 0 0 0
f1925618-d884-4d26-b2ca-2b2fec842086_2face0_277_474_323_390_00009.png,3.05,3.05,0 0 0 0
966ef967-2e68-480d-9d4d-75dd7c2666ff_10000178face0_499_262_140_183_00005.png,3.05,3.05,0 0 0 0
9120638e-5d1a-4f19-98a0-13f767baabe2_902face0_229_226_289_392_00001.png,3.05,3.05,0 0 0 0
708daed1-ab54-4563-aea9-f31c834a6264_2face0_184_492_690_925_00005.png,3.05,3.05,0 0 0 0
ff51938a-301c-4f54-a855-7d32472533f7_2face0_333_574_361_455_00002.png,3.05,3.05,0 0 0 0
aa7c7628-7cc6-4e0e-a0c5-ed890e1fa03f_1788face0_453_732_228_296_00008.png,3.05,3.05,0 0 0 0
6c969b2b-6927-4aae-8f9e-9b45639f5ff4_302face0_384_307_200_283_00008.png,3.05,3.05,0 0 0 0
2b91a0a0-9c29-4e4b-abef-cb402cd40705_302face0_474_261_239_340_00001.png,3.05,3.05,0 0 0 0
627a3f57-b99a-42d8-8633-791a627c09e6_10000266face0_427_712_208_268_00004.png,3.05,3.05,0 0 0 0
b30a702b-8980-41a1-a8ac-faa672c7fc9c_2face0_442_232_232_305_00004.png,3.05,3.05,0 0 0 0
ad0a5c10-bb19-4917-87d6-60ad94f8d6f1_5face0_554_318_251_327_00006.png,3.05,3.05,0 0 0 0
c0cfdde9-f6b4-44cd-8d36-3c9510b14755_2face0_233_582_573_58500008.png,3.05,3.05,0 0 0 0
3c656193-aa5a-4f50-b44a-b8e549f51855_602face0_510_656_224_23000002.png,3.05,3.05,0 0 0 0
223767f9-5329-4b21-919e-213078894977_2face0_441_622_182_240_00001.png,3.05,3.05,0 0 0 0
04422a88-c409-45d6-8cd1-ddc53730fd60_2face0_515_384_354_432_00002.png,3.05,3.05,0 0 0 0
cdd8821e-49c5-4a91-ba9b-98f743213ac9_2face0_280_423_547_680_00001.png,3.05,3.05,0 0 0 0
10f9a424-ef24-419e-9819-fadd4889e4fb_302face0_658_578_312_392_00002.png,3.05,3.05,0 0 0 0
e99955e6-be87-4e32-a46a-011e6d3c19dc_1847face0_350_122_442_601_00007.png,3.05,3.05,0 0 0 0
b2eac97a-d4cd-47ed-8488-057a1b80c66b_2face0_54_381_568_717_00004.png,3.05,3.05,0 0 0 0
0bf07980-121c-41f3-8db5-f96f3f19c181_2face0_213_355_610_778_00009.png,3.05,3.05,0 0 0 0
41a070f8-2c0a-44d0-a85d-920ee31c78f0_2face0_217_93_683_873_00001.png,3.05,3.05,0 0 0 0
7dcb81f5-6152-4a1f-a521-a6855e2547e7_2face0_177_283_606_843_00001.png,3.05,3.05,0 0 0 0
ddb1fdcf-ca2b-4043-945d-221a6a5ec929_302face0_249_531_196_246_00005.png,3.05,3.05,0 0 0 0
5e471330-c3aa-421e-87f9-aaf8bc61d5e2_2face0_325_504_256_314_00003.png,3.05,3.05,0 0 0 0
8154b3dc-deb0-4266-bc04-2bdf3ab11984_2face0_143_414_387_518_00002.png,3.05,3.05,0 0 0 0
a7b73c32-5db3-4d29-b41f-f22816b0671e_2face0_270_164_292_401_00012.png,3.05,3.05,0 0 0 0
35777a91-87cb-4861-8ac7-eddd7401947e_1202face0_276_512_157_17100007.png,3.05,3.1052631578947367,0 0 0 0
b82ff653-eb6d-42b8-87c7-1d0d753e0d8f_302face0_266_329_205_275_00001.png,3.05,3.05,0 0 0 0
7262b163-1d9f-40ee-949c-0fe3c49f7bc9_2face0_501_588_145_201_00008.png,3.05,3.05,0 0 0 0
f36f6402-a46f-4f0d-bd38-83cd9e359285_602face0_512_452_400_530_00001.png,3.05,3.05,0 0 0 0
f0ca5a30-ebb7-40da-a096-528790474308_2face0_528_301_175_253_00007.png,3.05,3.05,0 0 0 0
a7a2e390-5dd5-42e7-ba89-9213aa25d879_2face0_282_74_414_525_00001.png,3.05,3.05,0 0 0 0
399ccdba-a8b2-4595-93b9-80570d3b1dba_302face0_631_178_392_525_00001.png,3.05,3.05,0 0 0 0
63fbe1b0-8507-4ed6-8744-1154eee21bca_10000112face0_291_137_424_586_00005.png,3.05,3.05,0 0 0 0
1828af57-b905-419d-ac5c-c33bd16eabc6_302face0_504_431_257_342_00004.png,3.05,3.05,0 0 0 0
dcca643c-be48-4018-93d0-441494672839_302face0_369_67_196_257_00001.png,3.05,3.05,0 0 0 0
6f4f498d-9976-4022-a479-1fddf4c4459d_2face0_463_691_278_366_00006.png,3.05,3.05,0 0 0 0
04b7698b-a2d3-484b-994f-40732823011e_1202face0_477_716_204_251_00005.png,3.05,3.05,0 0 0 0
05122789-77e5-4f87-ad0c-0e11b198a7b3_2face0_316_544_278_370_00001.png,3.05,3.05,0 0 0 0
32f6aa8c-0a9d-4711-8be1-d63758cf0fcf_2face0_154_370_442_547_00001.png,3.05,3.05,0 0 0 0
a20bb36d-7db1-46a7-9548-88708b4ee05c_602face0_213_413_219_297_00002.png,3.05,3.05,0 0 0 0
d503b28c-640a-46c4-ab88-65e2d3a62821_2face0_374_269_231_26300011.png,3.05,3.05,0 0 0 0
8bcbde3e-f6ab-4608-86ad-c6db76acaa18_2face0_169_64_197_255_00011.png,3.05,3.05,0 0 0 0
a7ffc66b-aed4-41f9-b0f1-d054fb4a715e_2face0_303_887_287_371_00001.png,3.05,3.05,0 0 0 0
7e9ea9ee-a2ac-447d-b51a-904f1bd33255_2face0_115_192_653_828_00009.png,3.05,3.05,0 0 0 0
3fb9cad4-de85-486b-a876-7f469d1ae20e_10000512face0_370_256_180_249_00009.png,3.05,3.05,0 0 0 0
66d2bed6-d573-46af-8471-7e2459802dcd_602face0_395_759_322_403_00006.png,3.05,3.05,0 0 0 0
f22281fd-8e6b-45e8-81eb-c434e7ed18a5_2face0_195_128_336_421_00002.png,3.05,3.05,0 0 0 0
7cda9f9f-56cf-4ddb-8aa4-8962cf528578_10000120face0_100_128_569_804_00002.png,3.05,3.05,0 0 0 0
e62ed05e-1b24-4789-a2f4-abb5ce1ebf1d_2face0_146_85_454_599_00001.png,3.05,3.05,0 0 0 0
d67ff9c4-9191-474f-93aa-8f14356238b9_2face0_438_310_278_358_00001.png,3.05,3.05,0 0 0 0
c3dd911c-0a7b-42a1-82e0-f053a8c98b0a_2face0_298_372_571_749_00004.png,3.05,3.05,0 0 0 0
d98176c5-66d0-4044-a5ad-15f19463dd14_302face0_168_212_225_310_00008.png,3.05,3.05,0 0 0 0
acaaeaf5-6c7c-4880-a5ac-726f05833b81_302face0_509_414_373_473_00001.png,3.05,3.05,0 0 0 0
fabc3358-6309-4cf2-a4c6-70ff1eb4599f_2face0_170_189_491_669_00001.png,3.05,3.05,0 0 0 0
db7d63ee-ebd1-4ca6-8b55-43cd9a944e97_902face0_397_795_320_419_00009.png,3.05,3.05,0 0 0 0
ec72e7d5-a80f-4adf-a55e-8291cd932f1f_2face0_540_538_417_516_00001.png,3.05,3.05,0 0 0 0
5d33db77-f128-4d34-9b1b-e39dae6728a1_2face0_397_525_373_469_00001.png,3.05,3.05,0 0 0 0
1a965f3d-c643-4aa1-a235-5039ce0d7757_10000547face0_379_869_182_247_00009.png,3.05,3.05,0 0 0 0
304057e7-96d9-418c-af2e-d1ebe35a668c_10004491face0_352_762_301_366_00001.png,3.05,3.05,0 0 0 0
70744dc4-948f-494b-a917-20ff0d0df071_2face0_200_69_421_577_00001.png,3.05,3.05,0 0 0 0
020398f7-b4f0-417f-9268-69c401607ea0_2face0_251_222_532_719_00005.png,3.05,3.05,0 0 0 0
ac0c3bcb-b080-4a87-9996-4fd13f027f03_10000261face0_723_245_160_15800008.png,3.05,3.05,0 0 0 0
84e8be5e-deed-4e8a-98e2-8e9796c9c03d_2face0_298_765_250_333_00001.png,3.05,3.05,0 0 0 0
fa6aafc6-70e0-4c33-b8dd-37ff255f4146_2face0_145_207_686_908_00001.png,3.05,3.05,0 0 0 0
20462219-9707-4b34-a5a0-d2c5694f343f_2face0_485_681_169_220_00004.png,3.05,3.05,0 0 0 0
d7731d61-2803-4982-9d7e-8f04e48f35b0_602face0_201_80_723_974_00002.png,3.05,3.05,0 0 0 0
42f042dc-075c-4859-99f7-ccf249af67c2_2face0_367_236_355_453_00005.png,3.05,3.05,0 0 0 0
08a350b9-db67-4b66-abc4-e17db55a10a7_10000036face0_422_259_461_616_00009.png,3.05,3.05,0 0 0 0
b77b0c90-b509-4f46-a7c7-e853bd6222c9_2face0_333_449_362_486_00001.png,3.05,3.05,0 0 0 0
c4dce9ae-c0db-429e-a1d8-4e378e3aa8d7_902face0_604_534_343_436_00008.png,3.05,3.05,0 0 0 0
8b9b2662-92ea-4da2-b74a-f54dab84d4ec_2face0_222_269_802_1093_00011.png,3.05,3.05,0 0 0 0
b8103e76-85a6-486c-98c0-4be3aa87fe9d_302face0_400_236_121_14100007.png,3.05,3.05,0 0 0 0
0c58a3e6-4c4d-465c-a177-058aac10047d_302face0_199_526_203_259_00001.png,3.05,3.05,0 0 0 0
9a362ac3-e5f7-414d-bde0-6152a6656f7b_2101face0_732_748_161_210_00001.png,3.05,3.05,0 0 0 0
be7c67c4-7512-452f-b808-83df10cca6a0_2face0_434_365_193_246_00002.png,3.05,3.05,0 0 0 0
d4579a6c-38d5-4850-b65e-95ab424fb93a_302face0_524_285_254_338_00001.png,3.05,3.05,0 0 0 0
e1cd0e4d-bc61-4227-8557-51ac2028ca0c_2face0_53_489_621_788_00002.png,3.05,3.05,0 0 0 0
ff304cb0-259c-4813-81f9-4a8e53e93681_602face0_546_745_175_222_00009.png,3.05,3.05,0 0 0 0
982df3e6-8cde-494e-8062-a999d0e2a6a4_307face0_204_146_228_327_00002.png,3.05,3.05,0 0 0 0
a91232bf-f209-4d92-bd42-2d6bbb5578b6_602face0_389_57_250_349_00001.png,3.05,3.05,0 0 0 0
a33e4bd3-da2a-4a91-9e88-b42290ca4d49_2face0_309_550_319_399_00011.png,3.05,3.05,0 0 0 0
b3035938-3ae4-40c0-bc55-c94fe8dc1f2c_2face0_259_605_358_473_00003.png,3.05,3.05,0 0 0 0
c048caf3-1705-4af5-b289-3821c81b475b_2face0_100_95_529_710_00002.png,3.05,3.05,0 0 0 0
4e9f2f6f-d10f-4081-989c-923b4665db39_2face0_177_388_277_370_00001.png,3.05,3.05,0 0 0 0
94b3f4bf-1126-4bc9-8822-833674b06479_10000590face0_409_400_457_545_00003.png,3.05,3.05,0 0 0 0
7e1411fb-7faa-4fb6-9210-142100448537_2149face0_127_95_343_497_00009.png,3.05,3.05,0 0 0 0
386a5202-c0f8-43ae-b9d7-4160c900944e_902face0_488_297_141_216_00001.png,3.05,3.05,0 0 0 0
30a923f6-3acb-4ebf-9ccb-f0fe7c1541ed_302face0_257_180_420_543_00001.png,3.05,3.05,0 0 0 0
3fb5a4b6-cc1a-4937-b17c-ce5e36d25713_302face0_218_262_278_388_00007.png,3.05,3.05,0 0 0 0
c002cdfc-bb19-47ae-a34d-f16a0d502dde_902face0_93_95_212_301_00007.png,3.05,3.1666666666666665,0 0 0 0
5aba5119-5ea2-4704-8d65-cd99465bf0c2_302face0_659_383_292_30900007.png,3.05,3.05,0 0 0 0
4bf8b119-d525-4c2e-b785-06c30775352c_10000629face0_284_362_674_949_00001.png,3.05,3.05,0 0 0 0
2ab93472-039a-4617-883f-e225af992d51_302face0_394_347_364_477_00001.png,3.05,3.05,0 0 0 0
49775736-3f5c-468f-8a0f-4fec444f3a0d_302face0_571_831_275_355_00001.png,3.05,3.05,0 0 0 0
22cbafda-671c-4832-9937-837df7b43471_602face0_149_355_261_342_00007.png,3.05,3.05,0 0 0 0
76b30bd4-871f-41b6-ac49-f10cb4ef9922_2face0_301_288_309_438_00004.png,3.05,3.05,0 0 0 0
fca5bf7f-9668-48de-ad5c-5dc3d993429a_2face0_487_65_345_464_00007.png,3.05,3.05,0 0 0 0
ef8c6392-0414-4f48-b1c4-45990947cb1e_602face0_333_205_224_292_00001.png,3.05,3.05,0 0 0 0
0ddea453-8361-4972-9134-54547372b8ae_2face0_618_581_140_186_00001.png,3.05,3.05,0 0 0 0
20e797aa-d831-4da5-baf5-80173f95ef85_2face0_502_288_369_516_00003.png,3.05,3.05,0 0 0 0
5f3c53cb-bada-47d5-8017-c678318e11bb_2face0_474_716_340_412_00002.png,3.05,3.05,0 0 0 0
7cfb5ec7-a9b2-4004-9d81-514cda7ced8f_10000601face0_134_86_348_449_00003.png,3.05,3.05,0 0 0 0
06d793ad-77fc-4e84-a418-e21e41b1c065_10000037face0_435_268_351_484_00001.png,3.05,3.05,0 0 0 0
1035ac68-33cf-4955-a59c-caddb3c98198_2face0_317_327_324_432_00011.png,3.05,3.05,0 0 0 0
84822d82-4718-4cc9-9c97-8e7b8a9a1baa_302face0_631_134_344_453_00012.png,3.05,3.05,0 0 0 0
38959807-98f9-4412-8b58-9e0a6b71d275_10000141face0_541_622_373_501_00001.png,3.05,3.05,0 0 0 0
82aef484-3069-42af-ab13-32ba86d2de9e_2face0_230_259_242_26200001.png,3.05,3.05,0 0 0 0
d612ba03-aba8-4d39-b472-4aa3041e7e18_2face0_414_397_176_240_00002.png,3.05,3.05,0 0 0 0
9d9f8c59-ecca-4048-aa33-486eeb714d2e_2face0_414_687_214_264_00002.png,3.05,3.05,0 0 0 0
b0316c73-67b4-4154-9fb8-d3ddb1c268cf_1856face0_185_155_251_325_00003.png,3.05,3.05,0 0 0 0
19326479-d7f8-4923-aa19-0f6c4de7fd08_2face0_470_311_208_270_00002.png,3.05,3.05,0 0 0 0
72ce640a-4a4e-4dd3-a897-21cf5fa79f26_2face0_422_117_215_297_00005.png,3.05,3.05,0 0 0 0
03d8f707-385b-4f53-8cc5-bb34e40e2bd4_302face0_195_721_194_264_00002.png,3.05,3.05,0 0 0 0
80f283ab-4a07-4380-ad0f-f85f0ca657f0_2face0_93_204_595_852_00006.png,3.05,3.05,0 0 0 0
78403426-d9ff-4da0-978b-48ef5945bacf_2face0_394_581_273_364_00001.png,3.05,3.05,0 0 0 0
5f27eb2f-6bce-48e9-b1fa-f7b7849dc213_302face0_288_248_159_205_00001.png,3.05,3.05,0 0 0 0
2101f728-9086-4555-a347-c87c6bd242b7_1800face0_189_796_270_347_00001.png,3.05,3.05,0 0 0 0
a3f567c4-dad0-40cc-8313-963836690fd5_10001592face0_386_286_366_495_00001.png,3.05,3.05,0 0 0 0
4c333a62-c0f1-4fd4-b760-4c935a2320bd_10000485face0_578_200_254_349_00007.png,3.05,3.05,0 0 0 0
1272da27-a032-4553-a31b-c98133933fd7_2face0_175_196_247_318_00001.png,3.05,3.05,0 0 0 0
6963cd58-a5f6-498c-9d3f-15133bf12228_302face0_67_71_435_567_00006.png,3.05,3.05,0 0 0 0
991f8d1a-52d0-4507-8479-6920f1437b22_302face0_571_202_235_325_00006.png,3.05,3.05,0 0 0 0
20d657f9-ffef-456c-8f5c-3f716a73caca_302face0_456_230_177_236_00001.png,3.05,3.05,0 0 0 0
c4e1665f-4af9-468f-8111-0be29b2c1a5e_302face0_534_339_154_212_00006.png,3.05,3.05,0 0 0 0
ad606850-20c5-4554-a094-888d97322fd2_302face0_446_647_170_225_00001.png,3.05,3.05,0 0 0 0
99c3bc21-0e52-4fad-a22b-37fe558957e0_1802face0_369_143_518_706_00004.png,3.05,3.05,0 0 0 0
4d14de93-1c0f-46dc-9bcf-0978aca8e79b_302face0_279_256_450_582_00001.png,3.05,3.05,0 0 0 0
2afdbfd1-f08a-483e-8225-ebfa508789d8_2face0_265_327_302_382_00001.png,3.05,3.05,0 0 0 0
b0c66eb8-ec54-4dd1-a648-f0f802b6c4c9_2face0_708_248_240_316_00001.png,3.05,3.05,0 0 0 0
cc02732b-f229-4636-94a5-cea92cf93642_302face0_424_467_183_253_00002.png,3.05,3.05,0 0 0 0
020774d9-02ec-4939-875a-01777bcffc27_902face0_325_476_196_264_00010.png,3.05,3.05,0 0 0 0
ac395d20-3c23-43cd-972b-8fa5bc36e200_302face0_596_651_281_357_00008.png,3.05,3.05,0 0 0 0
ecb535e4-c085-4f50-aee1-ca013d4fb01f_2face0_521_143_270_371_00002.png,3.05,3.05,0 0 0 0
6d5452ca-4004-4b37-96dd-7e62afdd4607_602face0_84_245_496_682_00005.png,3.05,3.05,0 0 0 0
17236170-22dc-4ca6-8cde-11df5d285546_2face0_205_419_203_253_00004.png,3.05,3.05,0 0 0 0
cacb6cc3-2021-440e-bab7-a08ea6c5c09a_302face0_344_379_285_366_00001.png,3.05,3.05,0 0 0 0
70d6f698-1141-42b0-b4c2-509d59500bc7_10000143face0_491_153_130_183_00007.png,3.05,3.05,0 0 0 0
3569ad9c-1681-4044-b6ca-07a3118b65a7_2face0_535_700_135_185_00005.png,3.05,3.05,0 0 0 0
eab2192a-7227-47a9-aaf3-236af0c7c5d7_302face0_645_272_214_284_00002.png,3.05,3.05,0 0 0 0
c9cc1a63-3439-439b-aad2-778dc5a2881e_2face0_503_382_338_419_00001.png,3.05,3.05,0 0 0 0
02c4e326-3a7c-4c11-85e6-4ac212219f76_2face0_448_126_445_562_00001.png,3.05,3.05,0 0 0 0
d1ec029d-7a7c-4cd0-affe-da11ef4a4ede_10000225face0_210_288_221_286_00009.png,3.05,3.05,0 0 0 0
ec5d8748-4727-455b-88ab-7582505f6ce3_902face0_231_340_232_297_00001.png,3.05,3.05,0 0 0 0
de4aacd3-80b3-4803-8513-ff0e0b189e92_2face0_618_150_375_493_00001.png,3.05,3.05,0 0 0 0
93b803e7-3286-4c7e-8cb3-53a65a20c445_302face0_720_625_137_168_00002.png,3.05,3.05,0 0 0 0
b32d4d89-692f-4f2f-8015-c16cf97a25fe_302face0_365_469_480_625_00003.png,3.05,3.05,0 0 0 0
c232681e-258c-49a4-a15d-8955e64028b2_2face0_266_117_338_427_00004.png,3.05,3.05,0 0 0 0
f4872f02-0520-42f3-a5de-77b5d145fb07_302face0_610_1034_131_175_00008.png,3.05,3.05,0 0 0 0
a8763a6a-4e39-4421-a476-98c1cae5621d_2face0_276_236_385_493_00008.png,3.05,3.05,0 0 0 0
3bdf7c0d-3585-452f-a182-3b77e16a5748_2face0_453_184_475_671_00001.png,3.05,3.05,0 0 0 0
04b25faf-7b99-4b00-8f86-83878bc09b11_302face0_247_120_156_201_00001.png,3.05,3.05,0 0 0 0
de4e33ff-905a-4c84-8fbc-c99cb7979df7_2face0_455_443_432_566_00003.png,3.05,3.05,0 0 0 0
0217578d-9455-4faa-946a-e79338be07a5_2face0_679_505_207_260_00001.png,3.05,3.05,0 0 0 0
ec97199c-55e6-4ddb-991b-a70d376b8404_302face0_179_334_226_316_00003.png,3.05,3.05,0 0 0 0
dc80ab8a-d13a-41ca-a16a-e442b7ebf565_602face0_484_625_145_201_00003.png,3.05,3.05,0 0 0 0
45a77905-09e9-4302-a307-d86b1984999d_302face0_381_118_161_210_00002.png,3.05,3.05,0 0 0 0
443880bd-7e31-4731-a5c9-d8fa5cfed43f_2face0_390_220_298_423_00011.png,3.05,3.05,0 0 0 0
b402b777-7c97-4475-9870-f40b9cb93bd5_602face0_252_563_239_312_00001.png,3.05,3.05,0 0 0 0
6fa41515-6bc5-4fb3-abb4-fad5be02a8e5_2face0_244_86_624_871_00001.png,3.05,3.05,0 0 0 0
a7b23b04-62ea-4edd-9401-9953fd801d34_10001963face0_171_363_681_921_00001.png,3.05,3.05,0 0 0 0
0bba2a1f-19c1-4f86-9d1b-123e5e0d2c9d_2face0_92_151_530_743_00001.png,3.05,3.05,0 0 0 0
62374e62-9384-4ac8-946e-d0693d18f5c5_2face0_97_199_781_999_00005.png,3.05,3.05,0 0 0 0
d4334c6f-c86d-4f3b-a69d-c74d563399e9_10002150face0_393_349_197_244_00001.png,3.05,3.05,0 0 0 0
50db9243-5612-4e35-9fe0-6c197686ea40_2face0_605_222_230_316_00008.png,3.05,3.05,0 0 0 0
990e1514-4c1f-41ee-927e-281549ec14d9_302face0_170_322_372_464_00001.png,3.05,3.05,0 0 0 0
a9a01bce-3db2-443a-a358-c3daaac65b96_302face0_87_158_201_290_00005.png,3.05,3.05,0 0 0 0
3ea3806f-2a13-4d23-a92c-f23bdde274f8_2face0_394_597_460_540_00001.png,3.05,3.05,0 0 0 0
63ebb4e4-76cb-4434-bcd4-f3a60fcafa50_2face0_312_273_527_669_00001.png,3.05,3.05,0 0 0 0
e0c37dfd-4130-4104-87e9-8dc694844d74_1801face0_425_377_282_388_00001.png,3.05,3.05,0 0 0 0
fe4a28ef-c680-44f2-8d24-d7596e3314dc_2face0_402_744_247_299_00004.png,3.05,3.05,0 0 0 0
ca1f438e-238d-4125-9d42-36142e8cdb7d_2face0_334_160_439_593_00001.png,3.05,3.05,0 0 0 0
cdf7255a-19f3-4346-ab91-de6a01a29b8b_10000001face0_123_74_805_1069_00001.png,3.05,3.05,0 0 0 0
d2aa7567-0b5d-4f8f-9c21-6c439fc1c92d_602face0_318_520_242_333_00001.png,3.05,3.05,0 0 0 0
28b1c606-de25-4b6b-b518-22ce9b0777c6_302face0_478_332_208_271_00001.png,3.05,3.05,0 0 0 0
cab32b67-c700-4150-9af0-b82b648a579c_302face0_619_506_133_177_00007.png,3.05,3.05,0 0 0 0
466a6a60-5970-4b41-8879-d934af7ee7dc_2face0_500_873_179_225_00001.png,3.05,3.05,0 0 0 0
c1680b2d-d05a-4b93-ae16-52c39262d873_10000273face0_283_128_408_562_00007.png,3.05,3.05,0 0 0 0
6329822a-4a77-4253-aa5f-f7aed78658c0_302face0_638_459_249_344_00006.png,3.05,3.05,0 0 0 0
d2fe9f8e-7138-4cd9-92c0-b69daa473bed_10000001face0_695_348_291_418_00002.png,3.05,3.05,0 0 0 0
cf49bb3d-a263-4da1-accf-9a59d1478251_2face0_368_499_551_701_00001.png,3.05,3.05,0 0 0 0
ba4b08f8-4329-4122-b263-3ce83e7e66b4_2face0_489_200_232_301_00004.png,3.05,3.05,0 0 0 0
2b9e7c8b-c943-4032-abb6-73871375226a_1801face0_455_561_303_419_00001.png,3.05,3.05,0 0 0 0
c0121571-5695-47e3-aef8-f772cc293eb6_2102face0_360_552_194_229_00002.png,3.05,3.05,0 0 0 0
78f080bb-e6ce-4925-b349-201a4905fdf7_2face0_366_368_344_466_00012.png,3.05,3.05,0 0 0 0
d633b899-810e-412d-a449-7dc1a5c47586_10000448face0_433_248_159_209_00001.png,3.05,3.05,0 0 0 0
8825fbb3-b3ce-4a25-9aed-c8a8d289005c_2face0_528_200_343_460_00003.png,3.05,3.05,0 0 0 0
91e7c722-e8d6-4d85-a43e-0c9ddf424cd0_2face0_297_213_246_303_00001.png,3.05,3.05,0 0 0 0
844cceb8-20f8-4d2b-a847-ada69dc46272_2face0_800_353_225_283_00009.png,3.05,3.05,0 0 0 0
0ac93566-bd9f-4350-bb1b-c99bd373ce58_2face0_135_218_250_333_00001.png,3.05,3.05,0 0 0 0
7f46e666-5ea4-42e6-b14b-bed1a27dd3fa_2face0_150_150_799_1026_00002.png,3.05,3.05,0 0 0 0
b0030f7e-cec4-486b-a368-dd9fe09a2f0f_2face0_404_367_403_527_00005.png,3.05,3.05,0 0 0 0
fbd8a7c0-41ad-4986-8e96-a5e7f734e474_2face0_201_185_413_584_00003.png,3.05,3.05,0 0 0 0
9d595791-711d-49d2-927b-2b585daffce6_2face0_267_346_301_405_00007.png,3.05,3.05,0 0 0 0
0132f825-6c03-4129-b484-1e9f6c9eca96_2face0_614_156_358_479_00002.png,3.05,3.05,0 0 0 0
51709b89-9ec9-43a9-af6e-edec197cfad0_2face0_296_453_273_353_00004.png,3.05,3.05,0 0 0 0
1a450a6e-86a3-484d-a53f-b4a8f5e200c6_302face0_267_724_295_401_00008.png,3.05,3.05,0 0 0 0
0c51ad27-f66e-47f4-8d53-d481e1e8746a_10000300face0_583_569_144_196_00001.png,3.05,3.05,0 0 0 0
7d72e528-0e40-478f-b109-8b376c34d078_1801face0_501_835_261_342_00001.png,3.05,3.05,0 0 0 0
ba854f2a-5bfb-4727-bdf1-4ef34f566dcb_602face0_297_157_165_247_00009.png,3.05,3.05,0 0 0 0
4c2ad92a-f3c1-4278-90b8-a96267a520d4_2face0_531_418_274_371_00003.png,3.05,3.05,0 0 0 0
8d44abd3-2143-47a0-a6ed-4d4f48b17f62_2face0_261_504_411_514_00001.png,3.05,3.05,0 0 0 0
e8d10138-cd23-4e42-aaef-195e077b8a3b_2face0_145_191_632_875_00007.png,3.05,3.05,0 0 0 0
212e5452-0db5-463b-bf66-b0ff5794cf33_2face0_740_315_268_368_00004.png,3.05,3.05,0 0 0 0
26af5405-8daf-4463-8fd4-cc932db5948b_2face0_89_122_484_630_00005.png,3.05,3.05,0 0 0 0
24d90ce6-45a8-429a-928e-a2ada655740b_902face0_498_124_240_299_00006.png,3.05,3.05,0 0 0 0
2caa1f7f-a0c1-4bd0-9ce9-6cd5cefebee8_2face0_69_171_698_941_00001.png,3.05,3.05,0 0 0 0
26940c17-7efa-47ab-b446-63fbb95c222f_302face0_628_305_184_242_00001.png,3.05,3.05,0 0 0 0
645b6c71-6e5e-4d8f-9eea-50a991153393_602face0_470_362_424_538_00001.png,3.05,3.05,0 0 0 0
e0f35503-741b-4dea-916a-f2fde8f72c68_2face0_503_279_242_305_00011.png,3.05,3.05,0 0 0 0
6d6765c1-fdbb-4a5f-9307-5249ce2c1616_2face0_495_353_267_353_00001.png,3.05,3.05,0 0 0 0
1b78f54e-6f12-41d6-a31d-d962ae0552bc_2face0_59_426_902_95600008.png,3.05,3.05,0 0 0 0
c818d584-497a-475c-a856-209ae630fd20_602face0_406_316_341_442_00002.png,3.05,3.05,0 0 0 0
8538fc4f-8051-4a0d-a4fc-31f4f981492e_602face0_313_110_180_236_00003.png,3.05,3.1052631578947367,0 0 0 0
4c6e87eb-eb3a-4bf3-8597-ea7d23582acf_1202face0_560_242_364_486_00005.png,3.05,3.05,0 0 0 0
3b98c0ff-abc2-4550-8484-a78ae1b52c89_10003522face0_359_652_246_301_00001.png,3.05,3.05,0 0 0 0
27715b9a-8581-468e-a123-2c7a7d9c3161_2face1_92_611_281_347_00007.png,3.05,3.05,0 0 0 0
0d3d4c84-19ac-49a8-954f-5791db9458ee_2face0_549_378_210_279_00001.png,3.05,3.05,0 0 0 0
27392c3d-f46f-432d-9b08-aba9a3d69b5e_10000599face0_80_363_467_606_00009.png,3.05,3.05,0 0 0 0
255802c4-f236-47a7-9e0d-2393953d0a54_2face0_168_256_345_455_00001.png,3.05,3.05,0 0 0 0
fbdb91bc-2f37-4992-ab35-4d2b72de1e22_2face0_211_256_211_264_00001.png,3.05,3.05,0 0 0 0
de2619ee-2f1f-4680-aa0f-e11302bf52ec_302face0_121_170_492_695_00006.png,3.05,3.05,0 0 0 0
a0a9ab98-fc81-40d2-a5c0-c4db4f5446fd_302face0_376_220_355_468_00005.png,3.05,3.05,0 0 0 0
41441757-15a3-4ae7-a68d-701479aa5b83_2face0_183_518_375_473_00001.png,3.05,3.05,0 0 0 0
c12deadb-6d9b-45e6-ac8d-96388cae7f8e_302face0_491_160_266_371_00004.png,3.05,3.1666666666666665,0 0 0 0
0cbf277e-e016-4e21-99fc-f4c0e760241b_2face0_269_602_527_680_00001.png,3.05,3.05,0 0 0 0
fc0af031-3cdc-4761-9992-bf1f97a11a77_302face0_205_233_534_725_00011.png,3.05,3.05,0 0 0 0
7400bcf4-e2b5-4b74-8594-7e47ae6a164d_302face0_164_651_401_538_00002.png,3.05,3.05,0 0 0 0
fbed5695-7a65-434f-aa46-5dad8ccea661_302face0_175_235_417_523_00004.png,3.05,3.05,0 0 0 0
edfcf67b-cb35-4ed4-a423-26fae547c570_2face0_451_403_400_503_00003.png,3.05,3.05,0 0 0 0
20407803-c78e-43a4-a4b0-9b3e0c3a66f8_302face0_547_145_294_423_00001.png,3.05,3.05,0 0 0 0
9c71f159-a686-4d18-b35b-c41764528e47_302face0_595_482_140_181_00001.png,3.05,3.05,0 0 0 0
5a71d02c-2858-4898-bf34-189a2afeda6d_2face0_371_613_324_442_00006.png,3.05,3.05,0 0 0 0
7a9241a4-ef51-4170-b53e-37ca3558a1a8_10000598face0_217_520_219_284_00004.png,3.05,3.05,0 0 0 0
47804e4c-031d-405c-9b4e-1eb169288943_2face0_269_373_510_680_00010.png,3.05,3.05,0 0 0 0
341767e4-1e52-4a0a-8366-e7f78c20f7a5_602face0_352_52_253_323_00010.png,3.05,3.05,0 0 0 0
e0b5b69f-f0a4-4247-aa3e-f38d26a44c70_302face0_205_77_316_416_00005.png,3.05,3.05,0 0 0 0
c4a4635b-97d1-415b-b868-5aed86a29d95_3000face0_576_800_324_438_00004.png,3.05,3.05,0 0 0 0
3d3b65f8-1fb4-4d61-b899-226ae0c78d34_10000301face0_334_98_239_333_00003.png,3.05,3.05,0 0 0 0
e9382000-7179-4c84-8a56-678b4e991829_2402face0_216_164_540_725_00001.png,3.05,3.05,0 0 0 0
2df4f7ed-42aa-4532-a669-d5c8efb62d53_302face0_295_213_326_447_00001.png,3.05,3.05,0 0 0 0
4362d1b7-518e-46d4-ae43-6ff9d2326fb8_302face0_561_549_158_220_00001.png,3.05,3.05,0 0 0 0
0d48011a-13de-48e1-9e7e-01cffddfdbc9_2face0_288_208_599_762_00001.png,3.05,3.05,0 0 0 0
44ce4f5e-281f-442c-bd0a-8f9596800c73_2face0_250_50_435_617_00001.png,3.05,3.05,0 0 0 0
70941881-84f5-404e-a45e-86b0858203d4_2face0_281_169_742_913_00001.png,3.05,3.05,0 0 0 0
ba059b99-9421-476f-b936-04c8607d26ce_2face0_484_418_152_194_00001.png,3.05,3.05,0 0 0 0
691b06ad-2f02-4cff-bf4c-ab5a60397a82_902face0_91_231_368_486_00012.png,3.05,3.05,0 0 0 0
31ab0167-fdec-4cf7-9acf-999ac612f4fe_302face0_184_247_256_321_00001.png,3.05,3.05,0 0 0 0
53a83373-a075-4435-9ec3-973d95084a71_10000001face0_306_161_248_27000002.png,3.05,3.05,0 0 0 0
a3954ef5-5d53-4c06-871f-3d875206986b_2face0_506_242_194_244_00001.png,3.1,3.1,0 0 0 0
270c00ab-5389-453e-9f60-9537239e0b4c_902face0_201_531_151_201_00006.png,3.1,3.1,0 0 0 0
5743679d-01bc-4cdf-9223-ce049b8ce09b_302face0_437_428_208_299_00002.png,3.1,3.1,0 0 0 0
aeeeb2a1-84b1-4e1b-b113-b2e1f7fe4642_1707face0_446_372_352_455_00006.png,3.1,3.1,0 0 0 0
d3af43a3-810a-4155-8f65-abe04c5a7fa3_2face0_451_523_305_394_00001.png,3.1,3.1,0 0 0 0
4214b529-fbb8-4f82-a1fe-976c720e31a8_2face0_530_586_166_210_00012.png,3.1,3.1,0 0 0 0
00fd243c-3858-44b8-9dfd-361037293d87_1800face0_305_277_137_181_00007.png,3.1,3.1,0 0 0 0
62c58a0c-d8c1-4233-b96e-833e47db5f53_2face1_93_301_337_449_00001.png,3.1,3.1,0 0 0 0
fc5d6568-de1c-4dd2-b1a6-617761452025_2face0_543_234_130_172_00002.png,3.1,3.1,0 0 0 0
6c118410-d0dd-40bd-9a27-f8e42fe8ec33_2face0_269_373_271_370_00001.png,3.1,3.1,0 0 0 0
905760b1-081e-44ee-a82b-c200a36d23d5_2face0_313_405_312_399_00001.png,3.1,3.1,0 0 0 0
87580b0c-d2b5-463f-ace9-c4929c9f5ea0_602face0_523_435_156_207_00001.png,3.1,3.1,0 0 0 0
a28e1be5-ed10-4d88-934a-0967b7b1a32d_302face0_395_321_222_271_00001.png,3.1,3.1,0 0 0 0
6797946c-5f88-47dd-9857-11d97d1a4731_902face0_370_295_177_262_00005.png,3.1,3.1,0 0 0 0
dec382a2-6720-4a52-898d-8997528b8be3_2face0_338_488_246_336_00001.png,3.1,3.1,0 0 0 0
272af18c-01b4-468a-b0e0-9359c6c66e45_302face0_217_433_273_353_00001.png,3.1,3.1,0 0 0 0
32ae2042-fd55-43a5-80bf-d32bd48871bd_2face0_374_703_261_379_00001.png,3.1,3.1,0 0 0 0
0e9620fd-623d-4ebc-8c70-d5e26427e4b6_2face0_288_142_393_529_00005.png,3.1,3.1,0 0 0 0
cef54d85-539a-43ff-aeda-3856ab193b67_2face0_359_570_352_444_00001.png,3.1,3.1,0 0 0 0
707c7948-a787-41f9-8ef7-8424dc22fbc3_1682face0_212_205_348_456_00011.png,3.1,3.1,0 0 0 0
7305e299-bc3e-4214-af6e-5179363e33db_302face0_80_338_134_170_00005.png,3.1,3.1,0 0 0 0
d643c4f2-fb9e-42fc-ace3-f7d622f86be0_2face0_217_564_299_381_00005.png,3.1,3.1,0 0 0 0
481e313c-4c8d-4b3c-8fea-eea79403badc_2face0_462_570_263_345_00001.png,3.1,3.1,0 0 0 0
545ea81c-ce89-4b7f-8442-2d7c41b9a656_302face0_488_481_294_362_00001.png,3.1,3.1,0 0 0 0
daf14bb5-61ed-4fda-a8b9-ce1b224370e6_602face0_475_647_172_218_00001.png,3.1,3.1,0 0 0 0
26f3ba25-9ae4-48d0-aa6b-11e2401c90a1_302face0_541_388_468_612_00001.png,3.1,3.1,0 0 0 0
e0fda945-6fe7-41e4-b29b-f114b849123d_2face0_441_480_169_222_00001.png,3.1,3.1,0 0 0 0
3ed00c2d-b0b9-4bc9-831f-c9a04f203f11_2face0_421_718_134_170_00002.png,3.1,3.1,0 0 0 0
c037a591-c88a-458b-ba3f-e5c1fc5f5553_2face0_114_351_836_98400001.png,3.1,3.1,0 0 0 0
bba6af38-dd5a-4e95-bd60-5d83e1c56b81_302face0_365_608_215_271_00007.png,3.1,3.1,0 0 0 0
f64011f7-0868-41d3-87cf-c7d778d3208a_2face0_381_601_229_301_00001.png,3.1,3.1578947368421053,0 0 0 0
670fc288-6624-41b9-b2c5-df5a371d1e5d_2face0_352_265_533_728_00001.png,3.1,3.1,0 0 0 0
b30c2ea1-5019-4d09-aa9c-cdbb475b1881_302face0_196_190_249_325_00001.png,3.1,3.1,0 0 0 0
8f90088d-c690-4253-9430-b59a3a36ed44_2face0_248_201_510_653_00003.png,3.1,3.1,0 0 0 0
2831e9ed-30d0-4edc-98d7-317eb766d2df_302face0_463_473_201_253_00001.png,3.1,3.1,0 0 0 0
e0a9185f-a6d5-4e46-916f-aa1cbba3002b_602face0_595_250_212_271_00008.png,3.1,3.1,0 0 0 0
703f4244-18b5-42bd-a03e-be76d649a547_302face0_383_164_138_194_00008.png,3.1,3.1,0 0 0 0
01581903-acd5-4219-9eb4-539a1d47ecff_302face0_64_258_407_569_00006.png,3.1,3.2222222222222223,0 0 0 0
39e13f79-c7b1-4f44-9c0e-677b8f2a4e51_302face0_433_400_200_270_00001.png,3.1,3.1,0 0 0 0
85ffd01f-5281-4a87-9a9c-a437ab6746e2_2face0_116_313_583_754_00001.png,3.1,3.1,0 0 0 0
1547f22d-55b6-49e1-80b4-3adad2f0d031_10000584face0_376_635_299_405_00001.png,3.1,3.1,0 0 0 0
58f47fe5-e6cb-4518-960c-43c3d33567b6_2face0_294_296_482_629_00012.png,3.1,3.1,0 0 0 0
950694be-2b97-4a1e-a905-5a3aeff9f57e_3599face0_506_702_217_296_00001.png,3.1,3.1,0 0 0 0
8a63deaf-4787-46b6-8069-cd91f9647894_302face0_157_199_291_388_00001.png,3.1,3.1,0 0 0 0
eced3b22-f1e7-4447-9243-bbe90a49dbef_902face0_378_246_358_447_00002.png,3.1,3.1,0 0 0 0
e84229d9-b41b-410f-8c8f-72d96e8294ef_10002659face0_310_534_295_390_00001.png,3.1,3.1,0 0 0 0
3ee3a721-d7d1-471b-8f97-dac4a54e6d78_302face0_406_388_226_297_00001.png,3.1,3.1,0 0 0 0
4792a056-ef8e-497e-96ff-beb71ef95d9e_1856face0_340_364_145_205_00001.png,3.1,3.1,0 0 0 0
d59caf65-295d-458c-8069-2caee21efef4_302face0_365_493_303_375_00009.png,3.1,3.1,0 0 0 0
47eb5ec0-44cc-4784-981b-7a52bfbc5f35_302face0_66_326_214_288_00005.png,3.1,3.1,0 0 0 0
3d4cfded-9551-4254-87be-2b829f752e4f_2face0_306_704_180_234_00002.png,3.1,3.1,0 0 0 0
c0b39e6d-d3d1-4d93-b70a-aaeabfc39295_10002747face0_361_490_420_506_00003.png,3.1,3.1,0 0 0 0
905af0cf-a6ea-4db1-b843-f66b83ecdab2_302face0_711_533_137_175_00002.png,3.1,3.1,0 0 0 0
b61dcb8d-eeff-4c29-94f4-a20abc5ffdf2_10001168face0_327_166_210_292_00006.png,3.1,3.1,0 0 0 0
4c2393df-9415-40e7-a030-8a2322b6654a_2face0_514_74_501_690_00002.png,3.1,3.1,0 0 0 0
c766d61a-9a59-46d8-a736-14c2f22a9619_3594face0_720_893_219_312_00008.png,3.1,3.1,0 0 0 0
76b02e81-ca62-4e89-ad03-8c319bd77c01_302face0_326_478_399_525_00001.png,3.1,3.1,0 0 0 0
bb7ec2c1-19c2-4f4c-9063-6aa4c139e7e8_10000001face0_344_708_256_347_00001.png,3.1,3.1,0 0 0 0
b76b1961-c81b-4c50-9275-8afe97a586e9_2face0_364_222_289_364_00001.png,3.1,3.1,0 0 0 0
b210bcb7-01c3-45e6-946b-fafc9ebf3cb0_2face0_363_548_198_275_00003.png,3.1,3.1,0 0 0 0
04b7bfe3-529e-40e1-932d-df39313cd34d_2face0_452_471_197_257_00001.png,3.1,3.1,0 0 0 0
db7ca004-bdd4-4705-a1f4-09fe96501f8f_2face0_577_636_232_310_00001.png,3.1,3.1,0 0 0 0
d194ffb8-59ca-4861-bf56-0ed4293384e5_2face0_297_297_499_645_00007.png,3.1,3.1,0 0 0 0
97de5930-43d0-41ed-882b-8558360d1daa_302face0_216_409_194_268_00007.png,3.1,3.1,0 0 0 0
92d28ba0-c83d-4c8e-8cc1-b371d90f320f_2face0_462_428_380_514_00004.png,3.1,3.1,0 0 0 0
1c9819a9-27f7-488c-931a-2c4b3888d30c_302face0_354_385_301_405_00001.png,3.1,3.1,0 0 0 0
ddfaf869-c050-450a-af6e-594e8bd37f15_602face0_592_369_383_534_00003.png,3.1,3.1,0 0 0 0
f4a924e1-4ea0-4649-975a-59dbbfbbf205_1801face0_683_527_204_257_00006.png,3.1,3.1,0 0 0 0
fac41feb-0c4a-4ab2-827a-27d5400c1c2d_2face0_419_801_257_320_00001.png,3.1,3.1,0 0 0 0
4dc03e29-48bf-4cf6-84af-7a063bd609b5_302face0_68_56_239_329_00006.png,3.1,3.1,0 0 0 0
82a995af-75f5-4094-9500-007beec93650_1801face0_183_599_352_455_00007.png,3.1,3.1,0 0 0 0
d7fe47fe-96d4-4f07-83c0-b6b772c839e7_2face0_105_463_397_43500001.png,3.1,3.1,0 0 0 0
dd2a745a-7777-4714-9f11-4b92d14cf556_602face0_493_160_246_373_00001.png,3.1,3.1,0 0 0 0
6ad8a5bb-d39d-4b95-8b6d-f55d09c1c162_10000065face0_262_336_365_469_00001.png,3.1,3.1,0 0 0 0
6e4f274d-f966-4af6-bbce-be8133051a1a_2face0_84_301_480_593_00001.png,3.1,3.1,0 0 0 0
a6f20208-0289-49d3-a8ce-832ae16418e7_2face0_278_629_244_316_00002.png,3.1,3.1,0 0 0 0
b1780e8f-8792-4add-924b-f96aee1d6bad_2face0_289_332_464_619_00005.png,3.1,3.1,0 0 0 0
11904617-928b-49f6-a454-8585ac527b62_3001face0_387_653_222_294_00001.png,3.1,3.1,0 0 0 0
932815f5-32a5-432d-9c84-886ddc11b591_602face0_444_92_200_299_00001.png,3.1,3.1,0 0 0 0
78e40da9-211b-4512-a60e-2240c12ae32b_302face0_629_167_308_442_00001.png,3.1,3.1,0 0 0 0
07b015ec-2810-42ad-a030-c23db8890ed6_2face0_109_267_662_801_00001.png,3.1,3.1,0 0 0 0
00bafb5c-929e-4afc-b84a-59574aa66225_2face0_93_172_203_253_00009.png,3.1,3.1,0 0 0 0
2b157e4a-e99a-4cbb-9748-537091a3f8de_1747face0_194_434_180_220_00003.png,3.1,3.1,0 0 0 0
71d0001b-2c39-4ae1-88fa-eec84e25eaf9_302face0_338_671_194_264_00004.png,3.1,3.1,0 0 0 0
b1fd4c08-9578-4c1d-be2f-42af910fbc16_10000241face0_350_356_666_847_00001.png,3.1,3.1,0 0 0 0
3e0ffeb8-57ea-4f9e-8676-c16e8af57d65_2face0_238_250_501_749_00001.png,3.1,3.1,0 0 0 0
d4fdc1f4-bb0a-4619-b325-8cd43d7f01e4_602face0_465_540_136_14300002.png,3.1,3.1,0 0 0 0
2f759ee2-c4e0-4b6a-8afb-378b96d00bd8_2face0_288_229_383_501_00001.png,3.1,3.1,0 0 0 0
b1becd53-68d1-499c-8eaa-55b50403ccdc_2face0_399_443_308_377_00006.png,3.1,3.1,0 0 0 0
a2d65a24-a1ee-4f70-b388-4e9d63eaf72e_602face0_242_341_196_242_00012.png,3.1,3.1,0 0 0 0
9a836a62-6bdd-4fd0-8e55-a088cc07c473_2face0_561_656_284_364_00012.png,3.1,3.1,0 0 0 0
7edd917f-4231-44e1-85b2-fb2a6d7f158e_2face0_440_141_329_469_00002.png,3.1,3.1,0 0 0 0
cf64ece1-0298-4ec1-bc2f-a0265cc612f4_10001800face0_388_717_284_351_00001.png,3.1,3.1,0 0 0 0
81496a6f-5003-43b5-a15f-a5d00f9ebec9_10000577face0_472_630_228_307_00005.png,3.1,3.1,0 0 0 0
107df6ed-eddd-4b8c-9fe2-59da80067e71_2face0_298_65_410_560_00001.png,3.1,3.1,0 0 0 0
b0f26f63-1e0a-43db-a39d-05e65bf0dab9_302face0_327_168_273_386_00005.png,3.1,3.1,0 0 0 0
d0286c9b-f5c0-412b-938c-4f6eaac6afdf_2face0_383_472_537_743_00001.png,3.1,3.1,0 0 0 0
04b851a0-5545-483d-ae6a-fa5c092ab073_302face0_415_465_379_510_00001.png,3.1,3.1,0 0 0 0
ab659e89-0ffd-4bc3-bba8-ea8e5ec4b439_2face0_205_133_320_416_00009.png,3.1,3.1,0 0 0 0
35dc01ed-e0d4-4218-88e1-7c82053fd419_10001727face0_291_681_294_364_00001.png,3.1,3.1,0 0 0 0
301ae070-6a80-4506-8452-04c468f67aae_2157face0_377_133_477_634_00001.png,3.1,3.1,0 0 0 0
531ed9dd-5377-4c68-b64e-7ff2f8ce91c2_302face0_454_236_246_338_00001.png,3.1,3.1,0 0 0 0
fb2e3ca5-17d4-4b90-a182-cf44ac75c475_2face0_57_357_343_462_00002.png,3.1,3.1,0 0 0 0
6c4f875e-fc72-4863-a4c4-465617635897_602face0_802_353_179_227_00003.png,3.1,3.1,0 0 0 0
e38dcbee-2957-4b79-aa08-9b0fe6a74fdf_10000299face0_158_279_200_284_00001.png,3.1,3.1,0 0 0 0
01e63a76-ab41-4df7-8257-e012252dab7d_2face0_257_190_169_218_00001.png,3.1,3.1,0 0 0 0
f500cb33-93af-4c5f-8217-e920631e785a_302face0_330_366_313_427_00004.png,3.1,3.1,0 0 0 0
4622caad-4797-4565-8dc3-8ac9fa6fbf4d_2face0_200_159_481_632_00012.png,3.1,3.1,0 0 0 0
8609b952-adb3-4832-aaa0-d239b4d342e5_302face0_369_487_330_438_00001.png,3.1,3.1,0 0 0 0
df4f7038-14be-49f8-b453-c5dcdb733618_2face0_469_685_280_360_00004.png,3.1,3.1,0 0 0 0
beb7ad61-bc6f-4c66-a118-9029ed6fcfbb_2face0_539_112_337_445_00003.png,3.1,3.1,0 0 0 0
b1c0d323-da33-4f90-8735-157055f2c65d_2face0_211_550_461_603_00011.png,3.1,3.1,0 0 0 0
c9cc9876-ca3e-459c-b9c4-c73af0a9cabd_2402face0_231_51_197_246_00001.png,3.1,3.1,0 0 0 0
7513cf0f-920c-4ee3-a072-21816333e62a_302face0_260_325_400_506_00002.png,3.1,3.1,0 0 0 0
0eb76523-cdb2-42c1-853a-64c3d9aeaa65_602face0_438_430_376_469_00008.png,3.1,3.1,0 0 0 0
d6a8f321-e71d-4035-8577-763b7c4f1b0d_302face0_215_53_676_963_00001.png,3.1,3.1,0 0 0 0
f086aa0b-2c09-4bc4-b79a-74def22d24e5_302face0_339_387_291_382_00001.png,3.1,3.1,0 0 0 0
a9244d55-d329-4cbf-9211-b37f5ddb1e3b_2face0_324_527_401_534_00001.png,3.1,3.1,0 0 0 0
8d2c7f73-7427-4763-9cc1-7f99d4db034d_302face0_444_403_285_370_00002.png,3.1,3.1,0 0 0 0
ab688f8c-ba71-4802-acab-b6003a485609_2face0_366_304_263_349_00001.png,3.1,3.1,0 0 0 0
f3c0432f-f424-4e55-b2c5-88f2e912a619_302face0_337_179_158_220_00001.png,3.1,3.1,0 0 0 0
b6339181-7dc7-4e04-80fc-b30a9a5b2ef4_2face0_281_309_379_490_00001.png,3.1,3.1,0 0 0 0
252e4f5b-5648-4430-afbd-1f89a3b92af1_2face0_652_279_211_266_00008.png,3.1,3.1,0 0 0 0
3a51d7d5-6cd3-465a-926c-cfcc03827eaa_302face0_100_405_459_601_00006.png,3.1,3.1,0 0 0 0
14ec4a20-f1f3-4008-9eb0-ca55f927859c_10000396face0_247_257_344_453_00006.png,3.1,3.1,0 0 0 0
637942c8-1b0f-449b-938e-c82c55c21604_602face0_357_156_165_20100001.png,3.1,3.1,0 0 0 0
5c7992b2-8979-44c4-bcb2-cb275bad6af9_2457face0_65_369_289_418_00006.png,3.1,3.1,0 0 0 0
6665a385-137e-4805-998d-b8a268fc288a_2face0_361_540_259_312_00008.png,3.1,3.1,0 0 0 0
b3645602-c371-4fcc-b24f-1f18f4cee0a7_2face0_388_380_522_653_00001.png,3.1,3.1,0 0 0 0
527f7ac6-ea3e-4741-bfa2-c8cc2717dd2e_10000521face0_241_178_145_190_00004.png,3.1,3.1,0 0 0 0
4c6f60ea-2d68-4324-a16e-4d4bde1ee2bd_2face0_66_439_225_297_00009.png,3.1,3.1,0 0 0 0
cb0a75ad-c797-4ac2-82a2-f7aa0de4c053_602face0_418_571_191_253_00001.png,3.1,3.1,0 0 0 0
f52ff58e-6fe2-4a08-9e36-661396b50b38_2face0_270_632_288_371_00005.png,3.1,3.1,0 0 0 0
b3e7a6eb-fd36-4f25-b4da-ca9256851bcf_2face0_207_426_218_275_00002.png,3.1,3.1578947368421053,0 0 0 0
5dc2ac73-7037-491d-bcaa-0e804001610b_302face0_745_589_215_283_00005.png,3.1,3.1,0 0 0 0
26f33be2-3299-4e46-9069-574dbc317d11_602face0_483_659_403_519_00003.png,3.1,3.1,0 0 0 0
bfc9da29-025e-438b-836e-7c7813b7afd0_2face0_506_376_128_175_00001.png,3.1,3.1,0 0 0 0
55d71735-50f2-43db-995b-ad7851779ac8_602face0_391_388_186_253_00005.png,3.1,3.1,0 0 0 0
bf307124-913b-4256-9cc1-bd63b90d3d5a_2face0_212_75_316_408_00004.png,3.1,3.1,0 0 0 0
bdedc775-0782-4ad7-af84-4c542a06a6ee_2face0_221_441_407_486_00002.png,3.1,3.1,0 0 0 0
5d7f0588-84e2-456c-9166-31051fba0094_302face0_369_296_278_360_00001.png,3.1,3.1,0 0 0 0
0b3f1a3c-47ef-44a4-aafd-ba9d10f4e2fd_2face0_334_468_310_392_00005.png,3.1,3.1578947368421053,0 0 0 0
c0b3f73b-f371-4b3b-b6db-3562c1db7100_302face0_291_558_254_323_00001.png,3.1,3.1,0 0 0 0
8244acd2-422a-48a7-a631-b2be81af9ff3_2face0_55_147_350_453_00005.png,3.1,3.1,0 0 0 0
8c0efb4b-1ef8-43a8-bece-0d75b5c2faad_2face0_478_354_183_238_00001.png,3.1,3.1,0 0 0 0
b4c051af-1743-49f2-84d9-8363debd2a71_2face0_394_605_358_436_00001.png,3.1,3.1,0 0 0 0
eb69357b-ec12-4b7a-98ab-aba207160a8f_2face0_130_224_740_949_00001.png,3.1,3.1,0 0 0 0
807bef73-fd79-49d1-92bc-fb78dab2246c_2face0_212_72_333_37800001.png,3.1,3.1,0 0 0 0
4a7309fb-f230-40c9-9978-599ad43cdad1_2face0_510_61_509_653_00002.png,3.1,3.1,0 0 0 0
760ad3e1-45d8-4e0c-9ecf-6c4404f1324e_2face0_391_599_270_351_00002.png,3.1,3.1,0 0 0 0
82bac082-58c6-4b85-b7a0-5e64268b23b0_602face0_56_202_282_31700001.png,3.1,3.1,0 0 0 0
77317aa3-2621-48ae-b452-ff76689683c0_2face0_221_588_197_242_00001.png,3.1,3.1,0 0 0 0
5138857b-68f0-41e3-b809-4e7fa34bcc2d_302face0_379_325_449_575_00001.png,3.1,3.1,0 0 0 0
d2989a79-d03d-42d2-871f-f90e7f483844_2face0_261_595_162_214_00012.png,3.1,3.1,0 0 0 0
c8f7df4b-1f49-4d06-b736-ac251f365f1b_10002795face0_473_706_264_336_00001.png,3.1,3.1,0 0 0 0
aa5641ed-bfd8-4666-9781-55f49928f787_302face0_226_543_189_279_00011.png,3.1,3.1,0 0 0 0
c88f31a7-65a5-4bd2-8a8b-05bd589fa315_302face0_278_600_154_192_00003.png,3.1,3.1,0 0 0 0
da6fd18b-21d1-4a11-9caf-1a670b0a4cf1_302face0_540_473_285_379_00001.png,3.1,3.1,0 0 0 0
3007c04e-2af5-4a7a-917a-6281847de9be_302face0_445_453_386_503_00003.png,3.1,3.1,0 0 0 0
b1e43b77-e37d-4b41-b7b5-2c510a877724_2face0_361_614_575_754_00004.png,3.1,3.1,0 0 0 0
12d58645-48e2-4e64-ae03-394478a84240_302face0_425_252_176_249_00001.png,3.1,3.1,0 0 0 0
22a72fc4-65b9-4375-bad7-0d36bad40e44_2face0_204_245_218_303_00012.png,3.1,3.1,0 0 0 0
b28f994a-d107-449d-a4e9-2d428395f850_3713face0_303_610_443_564_00001.png,3.1,3.1,0 0 0 0
7c837b81-984d-484a-8495-a08e8a32961f_2face0_165_583_593_765_00001.png,3.1,3.1,0 0 0 0
b90d10eb-6d20-4565-898c-82423500527a_302face0_396_442_236_308_00001.png,3.1,3.1,0 0 0 0
99c731c2-e98d-422e-b059-ba571b83d271_2face0_408_407_263_347_00010.png,3.1,3.1,0 0 0 0
1ef4b2fb-fc07-476c-881c-3c5936ff5be1_2face0_320_242_406_538_00008.png,3.1,3.1,0 0 0 0
cfbfbedf-1ed5-4068-a6ed-bb6e2de1fd28_1784face0_428_620_204_266_00001.png,3.1,3.1,0 0 0 0
d476cebc-94d9-410f-bf25-80fc3140c7f1_2face0_409_328_403_525_00001.png,3.1,3.1,0 0 0 0
5e310905-b807-47c4-b38b-b55b06b8a06d_2face0_461_363_488_599_00010.png,3.1,3.1,0 0 0 0
d04305cd-e6a4-4b0d-9654-bace1fffb503_2face0_119_803_284_349_00009.png,3.1,3.1,0 0 0 0
ab0fd95a-a279-46b4-a128-137f658a7a7c_10000001face0_394_713_343_442_00001.png,3.1,3.1,0 0 0 0
6ce756ea-72b5-4c73-870c-eb0c0b8b3898_602face0_279_53_207_273_00002.png,3.1,3.1,0 0 0 0
05adad94-1cb4-48c4-8562-045512928328_2face0_368_348_161_233_00003.png,3.1,3.1,0 0 0 0
ba1efc8e-b1e8-4d4d-b5e8-35b5dd80088b_2face0_346_122_289_407_00004.png,3.1,3.1,0 0 0 0
225fa094-650e-4692-95c6-34cc70e2686b_302face0_259_739_282_381_00009.png,3.1,3.1,0 0 0 0
548eaad9-8ee7-439b-be75-d03e334e0bf2_902face0_406_213_610_795_00002.png,3.1,3.1,0 0 0 0
eb75bc84-aead-4398-b5bc-2425e7fd9aba_302face0_694_978_175_216_00001.png,3.1,3.1,0 0 0 0
1486b746-bf7c-4f74-a1b0-43d3530c643d_2face0_282_135_604_797_00006.png,3.1,3.1,0 0 0 0
016d8108-fa98-46b0-8c15-05d722a902ba_602face0_388_312_168_214_00004.png,3.1,3.1,0 0 0 0
5ec12382-f8eb-47bd-abaa-5ec22ed3aef1_302face0_553_161_217_288_00006.png,3.1,3.1,0 0 0 0
68f8142f-cf13-4ee0-b755-e7b0c56275c5_1980face0_626_227_334_456_00011.png,3.1,3.1,0 0 0 0
f5bc9a74-0d64-48c8-8d12-10f3972df27c_302face0_307_112_236_299_00001.png,3.1,3.1,0 0 0 0
ddc02d93-f05d-47ac-a3cb-d9cd90641a79_2face0_652_358_184_242_00004.png,3.1,3.1,0 0 0 0
55113e46-76a1-47b9-a39b-6766b19a0d98_302face0_364_147_251_336_00001.png,3.1,3.1,0 0 0 0
67016377-b934-4681-a82d-a347d693e5ed_302face0_329_338_253_347_00004.png,3.1,3.1,0 0 0 0
fe11432c-f98d-4d57-bfac-12ce20711962_2face0_455_170_403_501_00010.png,3.1,3.1,0 0 0 0
899bcd46-7410-41e8-b55e-3a46435607af_302face0_456_320_210_288_00001.png,3.1,3.1,0 0 0 0
ba03a384-0b70-4756-9098-64b8c83ec114_10001150face0_332_750_386_521_00011.png,3.1,3.1,0 0 0 0
156b27ae-22dc-4737-92e7-cb5168da0256_1947face0_192_113_193_275_00008.png,3.1,3.1,0 0 0 0
fee74768-9beb-44a5-ae0d-7c5df324da74_2face0_463_505_189_255_00001.png,3.1,3.1,0 0 0 0
52ef6f64-979e-4bad-849b-0814058683f2_302face0_254_546_461_595_00003.png,3.1,3.1,0 0 0 0
d06f6d69-87b9-4c35-a950-07b810bc9f96_302face0_218_603_516_662_00002.png,3.1,3.1,0 0 0 0
5d37facb-5e5b-4d4d-b287-708929003436_10000595face0_167_192_312_375_00001.png,3.1,3.1,0 0 0 0
aa9b2e36-9f93-4797-af23-96b3b20b1a4e_302face0_711_571_179_251_00004.png,3.1,3.1,0 0 0 0
9dbe0099-7f37-4631-b382-d5eb6b7eea21_302face0_217_123_162_229_00001.png,3.1,3.1,0 0 0 0
2ca0ef40-a92a-48cb-9596-45602ddda352_2face0_549_223_305_434_00008.png,3.1,3.1,0 0 0 0
d739dd61-eb24-4bbd-b32f-f8cefd704b01_302face0_51_247_396_553_00002.png,3.1,3.1,0 0 0 0
81c4a11e-f435-4201-bbb1-a3eff1fbaca2_302face0_392_284_242_327_00004.png,3.1,3.1,0 0 0 0
4af660f8-46dd-4439-8712-59ef95fbf73e_10000297face0_423_262_329_473_00004.png,3.1,3.1,0 0 0 0
287f8c08-8fcc-407c-ae69-1b66866281a1_2face0_518_77_385_514_00009.png,3.1,3.1,0 0 0 0
2d653239-5137-4782-a203-4111fd606838_10000087face0_217_422_190_227_00008.png,3.1,3.1,0 0 0 0
8b56a35e-ef94-4887-bfc9-04b68944665d_1801face0_552_390_163_229_00003.png,3.1,3.1,0 0 0 0
c2e6bbff-c753-4d62-ae93-86ece06003a8_302face0_332_293_217_297_00002.png,3.1,3.1,0 0 0 0
ed17ade2-24c9-4bf5-aa0a-e958f15d23b7_10000900face0_390_803_344_431_00007.png,3.1,3.1,0 0 0 0
ea25cf30-2d3e-4137-a39a-2d8a77e966e3_2face0_273_720_326_408_00001.png,3.1,3.1,0 0 0 0
112179cd-4cc2-48cb-beed-c0c5777b3bbf_2face1_351_445_177_249_00001.png,3.1,3.1,0 0 0 0
ac59cbfa-d750-4032-9d64-543c4f867b0e_2face0_137_350_684_863_00003.png,3.1,3.1,0 0 0 0
4d4fe768-42b1-4132-92d6-d721197e58ba_10000892face0_423_599_411_543_00001.png,3.1,3.1,0 0 0 0
3a78165c-2da4-4373-b84f-298f11696d5c_2face0_429_665_251_340_00001.png,3.1,3.1,0 0 0 0
68dcd07e-f831-437a-84e1-bb2c3943c21c_1801face0_288_301_282_345_00002.png,3.1,3.1,0 0 0 0
fc06ec24-9d04-40de-afe1-cd26aab1f4fd_2face0_699_218_142_14800001.png,3.1,3.1,0 0 0 0
9fba39d8-54a8-4b44-96cd-ac087b7e4966_602face0_557_651_187_253_00001.png,3.1,3.1,0 0 0 0
22847654-f6cd-44f4-936f-92267cbfea70_10002096face0_401_761_173_225_00011.png,3.1,3.1,0 0 0 0
d8c8e748-c99f-4a4e-9596-849446d81ee6_2face0_415_645_201_266_00001.png,3.1,3.1,0 0 0 0
cd17d0ae-3bc5-49ed-9b4d-b34000c729fa_302face0_129_522_399_481_00001.png,3.1,3.1,0 0 0 0
6d43ce70-0ccb-4b06-a17e-a1251b5e6835_2face0_165_575_305_375_00011.png,3.1,3.1,0 0 0 0
23ff466c-308d-4288-a921-5fa02b03361d_2face0_507_732_243_342_00005.png,3.1,3.1,0 0 0 0
fdf87cc5-4137-419d-a987-197af0bd47e9_2face0_443_271_519_699_00006.png,3.1,3.1,0 0 0 0
5a0980bf-4777-4614-ac78-8c51f013a434_10002634face0_370_502_301_401_00001.png,3.1,3.1,0 0 0 0
fd5bb3b8-affb-4f13-90ae-d6060b2b6c10_302face0_322_425_198_271_00002.png,3.1,3.1,0 0 0 0
f5b60b67-32cd-49dc-83e0-ac42adf417aa_2face0_178_356_259_325_00010.png,3.1,3.1,0 0 0 0
4bedf9ae-b667-4029-b865-1f53e6228d8a_302face0_479_441_179_249_00001.png,3.15,3.15,0 0 0 0
f0272298-0373-40da-8421-2c353edcba99_3541face0_202_560_186_233_00004.png,3.15,3.15,0 0 0 0
31702acb-4a41-4ab2-a7b8-dc9a08fbe9ef_302face0_745_491_235_297_00007.png,3.15,3.15,0 0 0 0
5f61dd71-c07f-4432-89c1-d659d50493ad_2face0_343_648_201_240_00002.png,3.15,3.15,0 0 0 0
2066566f-8f42-4a65-bef5-a1695589d0fc_2401face0_478_481_166_218_00005.png,3.15,3.15,0 0 0 0
d5b0b8b4-250a-4b6f-a90e-0110b5f2bb32_302face0_468_743_128_177_00012.png,3.15,3.15,0 0 0 0
6de2a4f4-625c-4e59-8cd3-b99d50426ab3_3face0_270_464_452_592_00001.png,3.15,3.15,0 0 0 0
2e647177-725e-4a90-bbbc-72f09d9094ca_2face0_336_240_218_279_00004.png,3.15,3.15,0 0 0 0
7967d692-cb55-49b8-a6cc-588562f66796_2face0_62_665_163_201_00011.png,3.15,3.15,0 0 0 0
096b8da6-068f-40ce-95b0-bfed1518b83e_10001789face0_413_557_152_207_00002.png,3.15,3.15,0 0 0 0
4f72e024-d928-48de-b72f-e06b449f2d6d_1856face0_328_338_310_395_00006.png,3.15,3.15,0 0 0 0
7413fd40-68df-4fa3-a776-4562be64b99f_302face0_187_530_154_197_00003.png,3.15,3.15,0 0 0 0
48ae1db2-47ff-4e57-8f34-f569a3351e83_902face0_298_183_141_192_00008.png,3.15,3.15,0 0 0 0
614478fa-63f2-4807-94fe-bdb5e18f049b_10001639face0_401_633_273_358_00001.png,3.15,3.15,0 0 0 0
00291e00-0dd2-41db-8aad-8d8a3fa3b7be_2face0_497_104_317_434_00008.png,3.15,3.15,0 0 0 0
12a24156-0947-4d9d-a0da-94ec0bf3425c_602face0_506_1061_166_218_00008.png,3.15,3.15,0 0 0 0
9ce7fbb8-c29d-4091-b823-7bbc46f9889a_302face0_389_364_284_382_00001.png,3.15,3.15,0 0 0 0
1255b58e-58ca-469f-b62e-7ff4d9529e56_2face0_197_130_603_847_00001.png,3.15,3.15,0 0 0 0
5d713e07-dfbd-4a9b-bfb3-ff389adad0c5_2face0_217_194_614_797_00001.png,3.15,3.15,0 0 0 0
586ac1fc-f251-4164-805a-27ca213ff2cb_2face0_571_230_312_431_00010.png,3.15,3.15,0 0 0 0
41f7cfeb-172e-4ad1-a85c-08b4b8ec5561_2101face0_544_524_260_342_00009.png,3.15,3.15,0 0 0 0
06db33ce-6391-43eb-8d52-cbf2421eb187_302face0_308_238_434_612_00001.png,3.15,3.15,0 0 0 0
f84863c5-f8ad-4fcb-b154-8b1c23d8bf2f_2face0_103_219_389_488_00002.png,3.15,3.15,0 0 0 0
f9dc23c0-cfd2-4160-a47e-99b36e8ff5d0_2face0_607_524_275_345_00011.png,3.15,3.15,0 0 0 0
4434edde-d834-4460-889d-953f46864e29_302face0_704_453_319_419_00002.png,3.15,3.15,0 0 0 0
5b12fb71-21e1-40f1-9d88-2066d3dd0fb7_2face0_310_414_562_740_00005.png,3.15,3.15,0 0 0 0
f31cfd14-ba9b-42c4-8fc5-a468e952b4f7_1801face0_493_554_237_334_00003.png,3.15,3.15,0 0 0 0
9188991e-50d8-4f3e-b760-90f7c780d6b7_10002354face0_211_103_330_455_00009.png,3.15,3.15,0 0 0 0
b07015e2-f502-4f72-bef5-6141227c2151_302face0_182_319_366_449_00006.png,3.15,3.15,0 0 0 0
15fb8ba8-4406-47fb-876f-bc8767aee44e_2face0_514_151_215_286_00007.png,3.15,3.15,0 0 0 0
7f5fe111-b3cd-4513-9964-898eb8c00684_302face0_500_267_254_347_00005.png,3.15,3.15,0 0 0 0
f55c5ce1-b914-4f51-9c14-be922b853c2f_302face0_458_420_200_259_00004.png,3.15,3.15,0 0 0 0
2cb5aacd-88ff-4a90-9fd1-d09b3a6e7546_2face0_268_241_323_416_00007.png,3.15,3.15,0 0 0 0
69e69764-e1b4-4d87-b1be-a7a1f838a005_1502face0_446_253_244_325_00007.png,3.15,3.15,0 0 0 0
1005fc33-1c94-43d0-9ff6-87049d8cb32d_10000172face0_453_457_170_218_00001.png,3.15,3.15,0 0 0 0
4550f854-d2ec-4944-8b12-1fc9a35c5e8a_302face0_476_123_411_542_00001.png,3.15,3.15,0 0 0 0
4c4b6ee4-cc11-40b2-b1a8-609671255b5b_2face0_300_245_275_355_00011.png,3.15,3.15,0 0 0 0
c8a4c52e-3c6b-4384-8e9c-0ce38a8e23da_2face0_440_482_158_201_00003.png,3.15,3.15,0 0 0 0
f30251da-fab8-4236-bd40-5b836c2cb911_10000001face0_394_770_184_240_00001.png,3.15,3.15,0 0 0 0
fee99c62-a775-4498-bc57-bb5888504e49_302face0_79_683_138_175_00009.png,3.15,3.15,0 0 0 0
06ba3b94-4163-4e2e-bb79-e559baf6239f_10000182face0_284_365_557_734_00001.png,3.15,3.15,0 0 0 0
1bfad3cd-9abf-4b98-97a4-fe1f76352c6c_2face0_87_59_228_321_00001.png,3.15,3.15,0 0 0 0
2b4cb33c-e2e3-48bd-ada4-147c221501d5_2face0_211_427_410_521_00010.png,3.15,3.15,0 0 0 0
84054a44-9fad-4f28-890d-924bf2160c1d_2face0_331_63_448_590_00006.png,3.15,3.15,0 0 0 0
f652caec-526e-476e-824b-abbfbb9b9ef3_302face0_52_317_268_340_00005.png,3.15,3.15,0 0 0 0
84924b06-710e-40d7-a3b6-a6fea888e3fd_1801face0_268_915_183_247_00002.png,3.15,3.15,0 0 0 0
6aac7192-0e9f-42a8-a19a-f5553dbe3365_902face0_56_757_313_390_00002.png,3.15,3.15,0 0 0 0
584e8d89-5620-46e5-98de-270d2750d7b3_2face0_473_684_239_312_00004.png,3.15,3.15,0 0 0 0
c1885cf3-d56a-4146-833e-5fb534ed3aa8_2face0_251_583_308_407_00001.png,3.15,3.15,0 0 0 0
ad640fec-1f02-46af-8f08-667ee5da1e39_2face0_290_426_313_390_00008.png,3.15,3.15,0 0 0 0
1b38e360-5b68-46ed-a7f6-c02ea62bcd45_10001849face0_438_770_169_209_00004.png,3.15,3.15,0 0 0 0
295ed643-2c23-4c69-a45e-f2ecc8eae953_2face0_300_72_428_579_00001.png,3.15,3.15,0 0 0 0
84bbdb50-c435-4fa7-9535-812447f97dc6_302face0_517_691_239_323_00006.png,3.15,3.15,0 0 0 0
83d6ad39-82e4-4fc9-9cc0-097f270a4359_602face0_317_703_204_247_00001.png,3.15,3.15,0 0 0 0
a0d8dd17-f073-4aff-8176-23fd999363ae_2face0_737_505_147_192_00002.png,3.15,3.15,0 0 0 0
aaae8681-2764-4d18-bda6-49ba05a91405_302face0_420_87_468_682_00001.png,3.15,3.15,0 0 0 0
10a98d5a-fb6f-4355-b2a7-7a9c0548adc9_2face0_392_341_158_207_00008.png,3.15,3.15,0 0 0 0
816f8337-79a8-486a-a046-004ab94fdeaf_4000face0_199_75_341_442_00001.png,3.15,3.15,0 0 0 0
d2f636d0-df15-4d4c-8025-1799abc5b922_2face0_311_329_292_390_00001.png,3.15,3.15,0 0 0 0
92d29286-51a5-422e-b2ce-b5ae0ee1e358_2face0_213_441_201_255_00001.png,3.15,3.15,0 0 0 0
fb9db6ab-c69f-4f07-a6c1-d5ef5468de11_10000079face0_237_561_217_279_00001.png,3.15,3.15,0 0 0 0
01114525-2c14-4631-be79-1ac1f5b67c0a_902face0_386_215_250_349_00001.png,3.15,3.15,0 0 0 0
76e8c063-7a91-475c-b6bc-797da7d148c2_302face0_141_432_310_403_00004.png,3.15,3.15,0 0 0 0
1be0f4e8-6e81-463d-a168-51cef4a4b7ae_2face0_224_492_203_260_00005.png,3.15,3.210526315789474,0 0 0 0
bf4bb3cb-6922-4638-8eac-00d46303450e_2face0_231_723_166_209_00006.png,3.15,3.15,0 0 0 0
bf2548cf-7c1f-4d33-9d7b-5a85908aa8c1_302face0_403_328_251_329_00012.png,3.15,3.15,0 0 0 0
86a2593f-8c19-4a4c-99d9-f2d6e7c3be8b_2face0_267_275_418_534_00005.png,3.15,3.15,0 0 0 0
612c0764-0d49-4af9-8e0b-ba9af293bd23_302face0_476_658_200_270_00001.png,3.15,3.15,0 0 0 0
8069658e-bd55-4564-bccb-3aff52c188c1_2face0_506_415_416_43900011.png,3.15,3.210526315789474,0 0 0 0
c1cee625-4435-43a0-ba24-a217e9ba6d71_2face0_685_418_232_303_00002.png,3.15,3.15,0 0 0 0
6ecacc33-0d86-4298-b628-8078ff8d6894_302face0_314_607_275_349_00001.png,3.15,3.15,0 0 0 0
12f4e2cb-dc82-4a04-93f6-85a3d29fe0c9_602face0_572_251_148_201_00001.png,3.15,3.15,0 0 0 0
24f9ced8-ff42-4813-ab66-b6fc576e6297_1802face0_668_391_324_436_00011.png,3.15,3.15,0 0 0 0
fc381aa7-a55e-432d-b29c-e1ac27c96ddd_10000298face0_278_135_379_523_00002.png,3.15,3.15,0 0 0 0
0dc52237-7fd3-4a6c-b7a0-3237fcd75362_302face0_270_395_137_186_00006.png,3.15,3.15,0 0 0 0
a849f23d-1b5f-457a-92ee-2cde8cb64d4e_2face0_269_80_474_627_00005.png,3.15,3.15,0 0 0 0
d8fef6a0-d904-4f00-845a-9f186a90938c_302face0_416_142_204_275_00002.png,3.15,3.15,0 0 0 0
87d04190-e5fc-4997-a4d2-789b15db4c1a_10000296face0_415_356_173_247_00001.png,3.15,3.15,0 0 0 0
7f57db30-a77b-4d7b-a294-2453b394fd09_2face0_296_302_488_671_00001.png,3.15,3.15,0 0 0 0
14e23e42-059a-413b-a80e-5223d97e2c0f_2face0_177_239_211_283_00009.png,3.15,3.15,0 0 0 0
a958a43a-08d4-40eb-a656-676252a06a7a_2face0_443_210_203_275_00008.png,3.15,3.15,0 0 0 0
8522f155-a916-47fe-864a-6c21839f66eb_2face0_453_385_295_403_00005.png,3.15,3.15,0 0 0 0
85943acd-9a50-4c56-97d6-bfeeb05eeab6_2face0_110_457_439_584_00006.png,3.15,3.15,0 0 0 0
39898a51-f0ad-47ed-b0af-b661a39a45c0_2face0_224_168_411_530_00001.png,3.15,3.15,0 0 0 0
78302d4f-5395-48a8-99e0-f61d05c4d07d_2face0_161_239_523_721_00010.png,3.15,3.15,0 0 0 0
8cb53053-54be-41d6-9d36-1c3a6246ffe8_2face0_374_592_316_412_00001.png,3.15,3.15,0 0 0 0
127297d2-910c-43c1-9132-247c7b655e43_2701face0_607_279_169_222_00005.png,3.15,3.15,0 0 0 0
31d5a5c2-3300-4bcb-86ea-d347b76dd991_302face0_381_366_425_577_00004.png,3.15,3.15,0 0 0 0
bca93440-10a8-4b46-b822-adcd3aac2fd1_302face0_491_211_372_529_00005.png,3.15,3.15,0 0 0 0
90aacfc5-705a-4b80-950e-d8376051e226_10000289face0_291_401_144_194_00001.png,3.15,3.15,0 0 0 0
e9054043-4ee0-41fb-a569-83f79871a590_10003310face0_449_544_273_347_00001.png,3.15,3.15,0 0 0 0
bb28031e-10cc-4f69-a6b0-86a1a566db12_3600face0_215_87_165_240_00009.png,3.15,3.15,0 0 0 0
c4597635-6e26-475c-a19d-c601f15a983b_2face0_200_116_561_747_00008.png,3.15,3.15,0 0 0 0
41cb30a8-4995-4c2d-88f9-03bceb14aa96_2face0_399_476_207_273_00012.png,3.15,3.15,0 0 0 0
8836ddde-58a8-417b-a8f2-94f9b2b913b9_2face0_398_662_439_534_00002.png,3.15,3.15,0 0 0 0
302f6f55-1012-41a2-a3eb-ed5489a1d0cd_10001433face0_527_475_196_251_00001.png,3.15,3.15,0 0 0 0
61970edb-f032-4b98-a545-ebe168b6f7b1_2face0_370_307_267_358_00001.png,3.15,3.15,0 0 0 0
bfb98ab9-cb25-4d31-b433-2f4f780b6b42_602face0_345_169_142_210_00004.png,3.15,3.15,0 0 0 0
358be5bd-02e3-4e0a-b6f4-564061bec847_2face0_372_171_292_408_00006.png,3.15,3.15,0 0 0 0
84e889b5-083c-40fb-ae32-34d2f0c70b4b_10000022face0_439_328_358_488_00007.png,3.15,3.15,0 0 0 0
6e604e70-b5e6-4d3a-9060-4b1e007ab91e_602face0_643_85_243_318_00001.png,3.15,3.15,0 0 0 0
c0f5569c-d73a-4794-bb3c-3aec5b036b95_2face0_622_181_168_18400003.png,3.15,3.15,0 0 0 0
3a92a9dc-c621-42dd-80de-a4e12a0f3e0c_302face0_355_603_257_344_00001.png,3.15,3.15,0 0 0 0
6f69f679-5418-4682-9b5e-322fdde98df6_3601face0_114_487_197_260_00002.png,3.15,3.15,0 0 0 0
3615ac34-2566-4bd5-94f6-2dc18ba332d6_302face0_581_440_210_275_00011.png,3.15,3.15,0 0 0 0
6e2a58ee-8714-481a-8177-3607d19bcd61_302face0_428_573_246_320_00001.png,3.15,3.15,0 0 0 0
bba577db-7710-4c38-99d7-f7aa47fc5a74_2face0_302_76_368_488_00009.png,3.15,3.15,0 0 0 0
675bc6bf-e3d3-47a4-8057-55933d80baa1_2face0_160_363_173_246_00006.png,3.15,3.15,0 0 0 0
2a70a555-b55f-47a0-a1be-103ebe196d6d_302face0_330_300_326_386_00001.png,3.15,3.15,0 0 0 0
89b1414a-017a-4405-a964-38a982b29735_2face0_408_915_513_656_00001.png,3.15,3.15,0 0 0 0
291338d1-3596-4812-9222-86270ce18ff5_302face0_429_560_242_331_00003.png,3.15,3.15,0 0 0 0
52e13913-e559-4b13-ab34-d91cfea92990_602face0_341_247_203_275_00008.png,3.15,3.15,0 0 0 0
9a92bebc-0227-4724-b4f6-ab32f13441e6_302face0_591_544_196_20900001.png,3.15,3.15,0 0 0 0
168eabae-d909-4009-8e3b-ba11a3951fcb_2face0_280_309_536_712_00001.png,3.15,3.15,0 0 0 0
ab25737d-e73a-4824-be67-81b5929a7859_10000210face0_551_713_203_266_00001.png,3.15,3.15,0 0 0 0
042a23aa-ce9c-43de-a2c5-c3ed530854ae_2face0_65_544_273_366_00001.png,3.15,3.15,0 0 0 0
3de8c1f0-41ff-46f6-a05e-f6037ef682df_2face0_434_797_219_288_00002.png,3.15,3.15,0 0 0 0
7fd4a267-1532-497f-bcb9-8c8ba1f43376_302face0_727_537_210_262_00003.png,3.15,3.15,0 0 0 0
f4b1cae6-0077-4cea-9100-8749493afe49_2face0_618_129_259_355_00011.png,3.15,3.15,0 0 0 0
c24816cd-87a8-4937-bf1c-13d514134079_2face0_117_201_613_836_00005.png,3.15,3.15,0 0 0 0
d709d4bd-44b3-4c39-8781-eb2ce477f4f2_302face0_455_152_303_405_00001.png,3.15,3.15,0 0 0 0
34090d46-03ed-490a-9904-2ef571602a3f_2face0_144_332_289_373_00010.png,3.15,3.15,0 0 0 0
c6529d1d-9926-44d8-b62a-3e726f4d1777_302face0_510_294_189_244_00009.png,3.15,3.15,0 0 0 0
cc748612-09e2-4e3c-8a09-64c8d5171a37_2face0_494_475_461_582_00001.png,3.15,3.15,0 0 0 0
c425d685-cae2-4b11-96da-7aaa6383ae0b_2face0_179_637_301_386_00011.png,3.15,3.15,0 0 0 0
6c1ed664-4783-4f0f-bc35-d8a2d2674216_2face0_496_431_386_473_00003.png,3.15,3.15,0 0 0 0
bfc9f4ff-f9a0-47e5-b8ff-1ae01f8f332a_2face0_108_516_251_338_00006.png,3.15,3.15,0 0 0 0
18b57574-46ed-4e78-abcb-a851ee785735_302face0_272_534_179_236_00007.png,3.15,3.15,0 0 0 0
b2e41e40-a3e4-47ac-8cde-b5c6a72ac3d5_902face0_116_297_487_632_00001.png,3.15,3.15,0 0 0 0
d62990d0-5765-4fac-b4fb-f28bcb103133_302face0_637_270_270_375_00001.png,3.15,3.15,0 0 0 0
94887c7d-a034-4a70-a3ee-4cb8acf96bff_302face0_464_508_134_188_00006.png,3.15,3.15,0 0 0 0
92bb8dbe-1ebf-46c0-990c-4aacda8c9158_2face0_425_452_224_321_00005.png,3.15,3.15,0 0 0 0
f7c55d31-6a13-42fa-b56a-f315868f910d_10000411face0_224_328_250_336_00003.png,3.15,3.15,0 0 0 0
6795afc5-934e-4895-af8a-51cdd474d754_2face0_117_417_324_432_00003.png,3.15,3.15,0 0 0 0
814bb401-f4f5-4e6b-be6e-53eb5c9a17d9_2face0_437_502_306_379_00002.png,3.15,3.15,0 0 0 0
3e29c72d-f2d6-4f53-bf1e-7e797a1922d7_302face0_369_111_280_362_00010.png,3.15,3.15,0 0 0 0
40df3d0f-638e-4ddb-a3a1-a0393191de6f_2face0_469_256_368_493_00001.png,3.15,3.15,0 0 0 0
0d24de4c-6eb5-4a9c-a034-3f95e6ce2c4b_2face0_94_331_510_688_00001.png,3.15,3.15,0 0 0 0
2d908387-e1f7-4cc0-afd8-f081c3f06816_1801face0_439_164_309_394_00001.png,3.15,3.15,0 0 0 0
ca50c27c-08b1-401c-99d3-1977a0751b49_1202face0_664_305_226_334_00005.png,3.15,3.15,0 0 0 0
ae047768-d1f0-43f9-bc58-86d4d2474def_302face0_328_98_163_212_00007.png,3.15,3.15,0 0 0 0
dfd2654d-5634-4bc2-aa86-6155cc4e5bf7_10000363face0_401_743_317_408_00001.png,3.15,3.15,0 0 0 0
a8afab53-4338-4780-ae49-3d69c4b32c91_302face0_521_53_271_321_00007.png,3.15,3.15,0 0 0 0
2577118c-648c-45a6-8e53-c7dbdf5a4399_302face0_199_654_190_240_00006.png,3.15,3.15,0 0 0 0
de366bb1-0124-4050-bb87-1edb07fb8bdc_10001799face0_502_691_204_270_00001.png,3.15,3.15,0 0 0 0
69711100-9423-44db-83d9-ad9c39799d9e_2face0_238_145_211_279_00001.png,3.15,3.15,0 0 0 0
c28e01fe-5686-4ccc-88b8-3e11b831d9c1_2face0_212_541_295_401_00002.png,3.15,3.15,0 0 0 0
e19d8fd8-0be2-4b0b-9516-9bf92c914b66_302face0_459_229_197_255_00001.png,3.15,3.15,0 0 0 0
54e9a55b-ca97-488b-9813-7e77e4e98552_2face0_164_330_299_373_00002.png,3.15,3.15,0 0 0 0
23ed80ed-24c4-43a3-b97c-c097632ff9cb_302face0_611_601_218_301_00001.png,3.15,3.15,0 0 0 0
baf0d60b-a770-4c25-87ab-d62fab458f1a_2face0_223_120_287_399_00001.png,3.15,3.15,0 0 0 0
256ea43c-6bff-4abf-9e7e-d83e094c1fb4_10000910face0_204_443_197_260_00001.png,3.15,3.15,0 0 0 0
efe46e86-49c9-4e04-9122-f8f7c9146933_2face0_99_414_770_1028_00005.png,3.15,3.15,0 0 0 0
15965527-1a01-49a7-9e31-b78a4027d80b_2face0_335_540_389_490_00001.png,3.15,3.15,0 0 0 0
a96d90b9-a7a5-4653-9ef7-6d2d0af6280b_10000625face0_231_500_162_210_00002.png,3.15,3.15,0 0 0 0
c741106a-ac28-45ea-8603-97ab61757f24_2face0_249_263_502_730_00002.png,3.15,3.15,0 0 0 0
13b38b5c-e2ad-4584-bc32-d297a261ffa6_2face0_333_316_445_608_00002.png,3.15,3.15,0 0 0 0
617b5dfc-10df-4afc-9115-c8af79246e41_302face0_662_559_154_205_00002.png,3.15,3.15,0 0 0 0
abd61ede-f64c-4729-843d-36dad7ec804b_2face0_341_667_429_514_00001.png,3.15,3.15,0 0 0 0
b7234c4a-41a1-40cc-9fbe-fb297b5be1d4_2face0_368_318_453_588_00001.png,3.15,3.15,0 0 0 0
d9ceb3d8-c8e8-4f15-b983-8a2a999f089b_2face0_412_484_268_371_00001.png,3.15,3.15,0 0 0 0
9475abf7-84ad-4483-a38a-77b7a63977aa_2face0_174_547_638_810_00003.png,3.15,3.15,0 0 0 0
1737c0b6-21f4-4208-b027-32acf0868f9a_2face0_260_203_198_286_00005.png,3.15,3.15,0 0 0 0
a8d580d5-80bd-4919-bc7b-cd42d218c054_10000430face0_470_198_368_475_00001.png,3.15,3.15,0 0 0 0
902d2e81-e5a3-4a26-b849-3625abb9e17e_2face0_352_180_358_493_00004.png,3.15,3.15,0 0 0 0
549ce749-84ca-4122-b749-7f94c48a38dd_2face0_669_226_322_407_00001.png,3.15,3.15,0 0 0 0
ac095155-c8b2-46a1-ba6c-7a59f5b60259_302face0_282_769_368_466_00010.png,3.15,3.15,0 0 0 0
af74f135-a464-4663-8aef-22889cb6eb06_2face0_371_378_415_532_00001.png,3.15,3.15,0 0 0 0
85b25dbc-7369-49da-ab1d-04e3bca15d1e_2face0_212_138_624_791_00001.png,3.15,3.15,0 0 0 0
70de8690-e2bf-48e8-a6a1-622a4a941de4_1801face0_540_1005_145_186_00001.png,3.15,3.15,0 0 0 0
1f21c893-8425-4575-b6fb-efa88fe5abf2_2face0_306_368_239_321_00001.png,3.15,3.15,0 0 0 0
ac191e36-ea3c-435f-8f6d-f02d50d6e103_2face0_160_613_561_57200001.png,3.15,3.15,0 0 0 0
3caa3bb4-700f-4dbc-a240-791712f6386d_302face0_372_226_404_545_00009.png,3.15,3.15,0 0 0 0
54d109b9-5cf0-4c62-812b-d71d8948e598_302face0_575_449_257_347_00002.png,3.15,3.15,0 0 0 0
746ec810-0f7c-4f15-8874-ce690c21f8ea_302face0_135_519_468_627_00001.png,3.15,3.15,0 0 0 0
204dfe89-a223-48bf-8259-b4342f0d711c_1801face0_220_672_159_214_00003.png,3.15,3.15,0 0 0 0
1cddaedb-5cf1-4a58-b93c-cb48f1329d74_2face0_270_187_322_445_00001.png,3.15,3.15,0 0 0 0
fb259734-e541-4214-84fc-a46da8523f04_302face0_335_607_145_186_00006.png,3.15,3.15,0 0 0 0
abc58ec7-3959-48db-ad97-d6f3243a9241_2face0_252_598_196_257_00007.png,3.15,3.15,0 0 0 0
096162ad-044e-402e-a430-4b380122a324_2face0_363_486_355_440_00001.png,3.15,3.15,0 0 0 0
1de86176-9787-4f89-b0d7-f07b687766ac_302face0_410_335_319_438_00001.png,3.15,3.15,0 0 0 0
fecbc0e0-fcf1-4208-a1b2-fe7839bf7e67_2face0_325_204_564_695_00006.png,3.15,3.15,0 0 0 0
4d98346a-f7e3-4798-b5d3-90ebf3445331_1798face0_467_886_228_281_00005.png,3.15,3.15,0 0 0 0
035092dc-5c4e-49a5-912a-204ebf0d8bb7_302face0_411_91_191_275_00002.png,3.15,3.15,0 0 0 0
4859480c-9df2-4579-a996-5518881e4932_2face0_445_585_218_296_00001.png,3.15,3.15,0 0 0 0
99c61217-5973-4c94-84d8-19da19887c6c_302face0_393_835_298_362_00004.png,3.15,3.15,0 0 0 0
c1c2a6a3-2dac-4f39-8015-a22ef49e9bbd_2face0_329_454_295_394_00001.png,3.15,3.15,0 0 0 0
dc3b268a-dabd-466d-a673-4cfcdb85cd06_2face0_218_295_568_749_00001.png,3.2,3.2,0 0 0 0
c5090b42-51e3-4204-9589-3f648f899981_302face0_444_732_173_233_00005.png,3.2,3.2,0 0 0 0
6530f3d4-7013-4f1f-b383-90b365825b63_2face0_461_508_253_333_00002.png,3.2,3.2,0 0 0 0
cdcddcac-3a46-431a-98aa-50fd59c2870f_302face0_492_90_317_447_00005.png,3.2,3.2,0 0 0 0
e12f0713-9c57-468c-bda9-3fa748b5c181_2face0_372_424_369_468_00001.png,3.2,3.2,0 0 0 0
067d10b6-84dc-47d5-8899-a50c43daff4f_2face0_153_757_642_882_00001.png,3.2,3.2,0 0 0 0
8634d2e5-599e-4fb0-80e6-704235ed6035_2face0_470_357_200_260_00003.png,3.2,3.2,0 0 0 0
a022b908-2448-404f-9e39-a57967ffb5e6_2face0_280_582_324_386_00001.png,3.2,3.2,0 0 0 0
3844c984-3edc-4dbe-b1b8-1164d8251fc8_2face0_67_102_522_649_00001.png,3.2,3.2,0 0 0 0
487841f8-4c3f-4805-83f5-6a045b13d398_302face0_522_210_336_464_00007.png,3.2,3.2,0 0 0 0
70a7f718-1d2f-4cde-a823-f108737bc912_2face0_836_530_142_181_00006.png,3.2,3.2,0 0 0 0
7cea6e4d-a4df-4780-91da-916d5e090fc1_2face0_375_344_347_442_00001.png,3.2,3.2,0 0 0 0
13968a98-894b-4236-8a58-a5d7739b852f_302face0_488_426_251_323_00005.png,3.2,3.2,0 0 0 0
466541c8-1737-4d23-b3a8-1b0479150d06_2face0_679_507_197_253_00002.png,3.2,3.2,0 0 0 0
99825ddb-e9c4-420b-94c2-0cd8a59fedfd_2face0_464_489_131_179_00001.png,3.2,3.2,0 0 0 0
4f00420f-dc0f-4352-819e-cefe66882d3d_2face0_150_58_546_708_00002.png,3.2,3.2,0 0 0 0
ce56d085-6f51-4c10-ac04-c1409e42222b_10000152face0_328_573_540_658_00004.png,3.2,3.2,0 0 0 0
f0d039fa-a79f-48f7-a895-b6eb3172c0a8_2face0_289_467_489_643_00002.png,3.2,3.2,0 0 0 0
1cc0ac88-5e9a-4641-a7f0-ad7f390e70d3_1791face0_301_784_215_297_00001.png,3.2,3.2,0 0 0 0
fae7cc90-cd60-41a2-9395-a14a6e495b87_2399face0_438_652_282_382_00001.png,3.2,3.2,0 0 0 0
add1b41d-c382-49ed-90dd-49ace67bd9ee_2face0_535_619_239_312_00002.png,3.2,3.2,0 0 0 0
6156f05e-3366-48b0-b625-f55286d02907_2face0_318_413_243_338_00002.png,3.2,3.2,0 0 0 0
2a27da9c-2e37-4c6d-8f47-6e07b93791f5_2face0_357_134_236_307_00003.png,3.2,3.2,0 0 0 0
95b82330-0e03-45c4-bc0d-0352be4acd98_302face0_361_337_432_566_00002.png,3.2,3.2,0 0 0 0
d2cc99d0-96ab-42f5-a0ac-91beb02efd56_302face0_73_558_277_358_00006.png,3.2,3.2,0 0 0 0
4013b06a-6fc0-496f-9a55-92f1c3453bc7_2156face0_345_416_348_468_00001.png,3.2,3.2,0 0 0 0
55f598b3-1c9f-4f8b-911d-4a5735168bf9_2face0_207_98_351_488_00004.png,3.2,3.2,0 0 0 0
9f72994b-ac14-4fb2-8d49-1cc45df79f56_902face0_489_368_214_294_00009.png,3.2,3.2,0 0 0 0
2e78cc2f-9259-408b-81b8-0b715226c1c5_2face0_382_399_253_336_00007.png,3.2,3.2,0 0 0 0
5b68ad72-3465-442b-9077-e155b88d0846_2face0_328_236_378_534_00001.png,3.2,3.2,0 0 0 0
c70bb3e7-ee27-4c0d-9c69-5d0c20949534_2face0_255_187_343_469_00008.png,3.2,3.2,0 0 0 0
1ba60ff5-3cc6-4799-b6ec-45601e30f64e_2face0_216_575_221_308_00001.png,3.2,3.2,0 0 0 0
306a625a-192b-4ac5-82e2-66ab47d38eb2_10001190face0_334_254_182_247_00004.png,3.2,3.2,0 0 0 0
2eb32349-d480-4dbf-8a46-ce0c9b8eac39_302face0_280_666_240_305_00011.png,3.2,3.2,0 0 0 0
d2652cfd-eadd-4fc3-8ee1-8e10572b9cce_10000622face0_428_387_250_329_00005.png,3.2,3.2,0 0 0 0
47fe2b98-7b84-4235-8cd9-37fa354e57a1_2face0_293_317_460_610_00001.png,3.2,3.2,0 0 0 0
d2c89383-89fe-429c-a5af-75e01fc91a2a_2face0_341_559_348_458_00001.png,3.2,3.2,0 0 0 0
5f11f57c-922b-45c4-bbd2-10b934f772f6_2face0_536_603_306_397_00001.png,3.2,3.2,0 0 0 0
836b2744-b9aa-44f4-a6ab-f72d463e7858_2face0_219_139_715_919_00001.png,3.2,3.2,0 0 0 0
2870db48-90e3-4c92-ab93-b0e776186c06_2face0_141_335_196_255_00001.png,3.2,3.2,0 0 0 0
702c58f5-218c-4483-b9fa-677cff1944a4_302face0_419_577_180_247_00002.png,3.2,3.2,0 0 0 0
90d52f28-3704-4f79-8085-d229101ae934_2face0_257_127_127_175_00002.png,3.2,3.2,0 0 0 0
dac4b5fc-2dc6-4c42-800d-3405c3dd8fea_2face0_397_100_254_347_00006.png,3.2,3.2,0 0 0 0
f97601a4-1f3d-456d-a0be-a56d13c1dada_602face0_119_390_177_233_00006.png,3.2,3.2,0 0 0 0
3a28ab5f-0941-48c1-87e2-4aa7befcd67c_10000301face0_97_380_345_453_00006.png,3.2,3.2,0 0 0 0
84f048c9-1013-46c6-a55b-b73cd2716cec_2face0_288_491_168_218_00001.png,3.2,3.2,0 0 0 0
f034b6aa-9240-4199-bc8b-973a595f68cd_602face0_177_410_235_320_00002.png,3.2,3.2,0 0 0 0
41281511-2c42-4d27-885d-cec1e000531a_2face0_600_443_204_286_00001.png,3.2,3.2,0 0 0 0
0e82782d-e938-46d2-8a84-c90200ba47a1_2face0_122_303_260_371_00005.png,3.2,3.2,0 0 0 0
13498658-f50f-41e4-a2c7-97c02e6ea4ca_302face0_214_268_375_486_00005.png,3.2,3.2,0 0 0 0
f4a94542-d232-4b2e-aa9d-5c8946293f8d_2face0_374_468_194_255_00001.png,3.2,3.2,0 0 0 0
4e5882f9-e1dc-4f80-9e0f-28513655699e_2face0_387_735_267_357_00003.png,3.2,3.2,0 0 0 0
f5ef21ed-0983-4f27-b108-7c68c8b586d0_1502face0_240_391_116_11900001.png,3.2,3.2,0 0 0 0
3280a311-33a5-4ee2-aa69-9a8925105671_2face0_374_380_343_444_00004.png,3.2,3.2,0 0 0 0
283d2984-5ca0-492e-934e-f87c8687d14f_302face0_815_1001_210_259_00005.png,3.2,3.2,0 0 0 0
f2414cba-b172-4bc9-bde1-25d290db64a3_302face0_306_266_179_244_00007.png,3.2,3.2,0 0 0 0
4ee3b565-9a2a-4281-afeb-8abe0181dacc_2face0_484_568_210_266_00001.png,3.2,3.2,0 0 0 0
14f79ab8-7b67-4d7f-9633-3f1220981305_10001100face0_384_675_230_310_00001.png,3.2,3.2,0 0 0 0
aca8ac4f-d0da-4062-a187-04d1c619a4e8_2face0_345_451_327_408_00008.png,3.2,3.2,0 0 0 0
29d09a4d-c70e-42c0-bf15-293339bb434c_302face0_517_361_194_229_00006.png,3.2,3.2,0 0 0 0
b4b40224-f9ad-4cd5-961e-7b6ab4b20229_302face0_292_139_352_490_00001.png,3.2,3.2,0 0 0 0
7c3e653d-32c2-4df0-81e2-66b2228873ff_302face0_369_472_158_222_00001.png,3.2,3.2,0 0 0 0
8d861860-a560-4f6d-98b7-e6a686b968f0_2face0_110_384_667_71800001.png,3.2,3.2,0 0 0 0
a0070c6d-4735-4ab4-bb1c-dd314ae4ff9d_2face0_94_117_350_484_00003.png,3.2,3.2,0 0 0 0
e208040c-2116-4c63-9ec0-74a802a31c69_2074face0_319_670_298_384_00001.png,3.2,3.2,0 0 0 0
f170caae-3d4a-444e-9daf-0e86b8bb1321_2face0_331_533_355_442_00001.png,3.2,3.2,0 0 0 0
c2fe031b-1f34-47bf-8405-9dd5df8c1552_1202face0_333_89_221_307_00010.png,3.2,3.2,0 0 0 0
2ba5e96e-23b0-4f84-a3ad-325c859fc461_302face0_656_367_289_381_00002.png,3.2,3.2,0 0 0 0
879bede0-674c-4739-881e-6447ff8829b0_302face0_365_529_176_229_00001.png,3.2,3.2,0 0 0 0
63765739-83a9-45de-a68c-5ec59be1c3b3_2face0_297_453_495_617_00001.png,3.2,3.2,0 0 0 0
9dc308b7-86f6-4804-97ae-7383bc0333c6_2face0_73_146_268_360_00003.png,3.2,3.2,0 0 0 0
57d63709-e6c4-402d-bf47-c1ae5514a2a9_2face0_154_461_267_368_00001.png,3.2,3.2,0 0 0 0
601461a2-8b77-4686-91c4-23209a176515_10000001face0_411_656_201_260_00002.png,3.2,3.2,0 0 0 0
8d1f31c4-9a03-4bd9-8e5c-99c634814e5a_2face0_396_312_420_547_00004.png,3.2,3.2,0 0 0 0
7f9324e7-169e-4953-a507-cfe0bca6c077_1790face0_404_511_205_266_00001.png,3.2,3.2,0 0 0 0
64b3b907-598c-4012-b387-4ae96615bde6_2face0_569_451_237_327_00003.png,3.2,3.2,0 0 0 0
5941e70f-079d-4ab7-9fe8-082abf5119dd_302face0_521_352_239_320_00003.png,3.2,3.2,0 0 0 0
ee4180d7-3e43-4024-ba3f-75e765f6f189_902face0_452_517_270_379_00001.png,3.2,3.2,0 0 0 0
23dc1f01-35d6-4d49-8bfd-44402d45cc69_2face0_507_626_226_292_00001.png,3.2,3.2,0 0 0 0
c7482db2-897d-4f35-896d-e871711cc31d_10002146face0_711_537_212_270_00008.png,3.2,3.2,0 0 0 0
96888e5b-8cc7-4948-97d4-ef73acf27bc4_302face0_202_637_289_390_00003.png,3.2,3.2,0 0 0 0
b0ecccd9-9451-4931-8fdf-e82ccc17a679_302face0_439_216_251_333_00001.png,3.2,3.2,0 0 0 0
9b5fe568-0aba-4b29-b45c-f9e046d8efa5_2face0_235_406_190_273_00001.png,3.2,3.2,0 0 0 0
876916fc-7e41-42e9-b6af-15175c512342_1801face0_191_519_485_649_00001.png,3.2,3.2,0 0 0 0
1092d0f3-77ff-4e9e-8fed-7978dbd050a3_602face0_189_610_183_234_00010.png,3.2,3.2,0 0 0 0
bb836d8c-6180-4d3b-b48e-9dc210e0767c_302face1_122_132_277_375_00001.png,3.2,3.2,0 0 0 0
a9188cd2-ed16-4d82-927e-807f8af59465_2face0_357_81_385_540_00009.png,3.2,3.2,0 0 0 0
72453d46-4cd1-47b1-b8f7-7d5b2764b0c0_2face0_523_90_421_545_00003.png,3.2,3.2,0 0 0 0
c0b4d448-19e8-427d-9ebf-518a0362dd08_2face0_522_445_386_525_00001.png,3.2,3.2,0 0 0 0
4065a307-a7c9-4521-a6a8-1ebcdfdfee37_2face0_483_344_323_431_00001.png,3.2,3.2,0 0 0 0
1a918700-31af-4ecc-8aee-96a419585edd_2face0_272_602_235_308_00001.png,3.2,3.2,0 0 0 0
6672d599-3a87-470c-910e-b273e00e3acf_10001937face0_374_708_260_327_00005.png,3.2,3.2,0 0 0 0
d40f5860-4936-4716-84b4-40e9d6db1565_303face0_124_160_735_962_00001.png,3.2,3.2,0 0 0 0
9ade5ff6-462b-4009-8bd2-f081de2d98fc_602face0_298_388_208_288_00001.png,3.2,3.2,0 0 0 0
21d49ab5-86ef-4cac-9f8e-732d78eef8a0_2face0_207_513_149_183_00003.png,3.2,3.2,0 0 0 0
908571d4-05d0-4a92-9f1a-369af7944089_902face0_234_150_156_209_00004.png,3.2,3.2,0 0 0 0
91978822-1124-4f1a-9a9b-81a2863ab3d6_2face0_204_387_249_321_00006.png,3.2,3.2,0 0 0 0
040573ea-b58a-43c6-9e90-419c0a26a2b0_2face0_100_157_463_617_00003.png,3.2,3.2,0 0 0 0
b0672eca-9e43-4404-8c0f-6d3987cf0193_302face0_255_53_463_638_00009.png,3.2,3.2,0 0 0 0
6b139602-af0d-41cc-bc93-7d39fec7fd6c_602face0_180_122_674_908_00005.png,3.2,3.2,0 0 0 0
a6a8de02-d843-49ff-802a-e21049f74e5b_2face0_141_199_442_46200001.png,3.2,3.2,0 0 0 0
17375ac4-17e5-4edd-ae14-08ff67a7033a_2face0_510_423_229_301_00008.png,3.2,3.2,0 0 0 0
b95b8fe6-467c-40d5-9152-dd8fc03d5945_2102face0_337_346_284_382_00001.png,3.2,3.2,0 0 0 0
bb846cc3-1825-4aa1-b973-592b2da8cd5a_2face0_146_570_845_1073_00001.png,3.2,3.2,0 0 0 0
44ebda0e-be7e-46b8-8e1a-4429e1cf7b71_2face0_338_681_194_233_00003.png,3.2,3.2,0 0 0 0
5e79e7ab-51b6-456c-af40-1d91ff6ab5a5_2face0_284_256_130_177_00001.png,3.2,3.2,0 0 0 0
c1f674c3-d795-4f87-b0b1-0150eeb3b3d2_2face0_491_573_243_334_00001.png,3.2,3.2,0 0 0 0
df551705-2991-4cf0-a43a-5eb4cfba7675_2face0_101_394_456_580_00002.png,3.2,3.2,0 0 0 0
66fe109f-275e-40b6-93a5-b560f1efcdc7_10001431face0_382_614_284_394_00005.png,3.2,3.2,0 0 0 0
b53b6a3a-5708-40ef-b6ed-0af8b6acd230_602face0_387_454_156_218_00001.png,3.2,3.2,0 0 0 0
112ff671-d596-4784-a6f9-3ac14725245f_10004694face0_570_757_156_199_00001.png,3.2,3.2,0 0 0 0
afa828b0-ecd7-4461-8458-71b6e9387f06_2face0_380_722_310_403_00003.png,3.2,3.2,0 0 0 0
923d0e68-4211-4fac-adaf-cf69fd3843c1_602face0_380_587_305_401_00004.png,3.2,3.2,0 0 0 0
a3cb7bd9-d552-46a2-8512-80443d8e0145_302face0_289_383_194_273_00001.png,3.2,3.2,0 0 0 0
80fffd01-5048-40df-b2d4-19a24b9745a0_1801face0_490_718_149_203_00010.png,3.2,3.2,0 0 0 0
d15692ab-4cbf-424d-87d1-94d22e60215d_2face0_209_655_546_669_00001.png,3.2,3.2,0 0 0 0
13904a1b-f3c3-4309-87e7-3979a9bfd062_302face0_70_713_196_257_00004.png,3.2,3.2,0 0 0 0
e295993f-81c7-4a3e-96d3-31f8fcf46c08_302face0_559_218_299_401_00004.png,3.2,3.2,0 0 0 0
f02fd66a-dd83-498c-a2ac-2783b07826db_2face0_340_371_351_484_00001.png,3.2,3.2,0 0 0 0
e5d37589-3b59-4195-b7dc-ad6c42a63fdd_10002914face0_259_415_319_414_00001.png,3.2,3.2,0 0 0 0
eebad1e4-359c-4318-b739-c02ddf64fff5_2face0_317_436_637_786_00009.png,3.2,3.2,0 0 0 0
95ffc530-0839-40e8-8776-bcbaef25937c_1802face0_380_602_154_201_00001.png,3.2,3.2,0 0 0 0
5b155edf-ea5e-4704-8cf0-212de37d08d0_2face0_202_448_378_503_00003.png,3.2,3.2,0 0 0 0
bac2acdb-afc7-4dc2-8d79-28b9dc456b0d_302face0_398_559_149_197_00001.png,3.2,3.263157894736842,0 0 0 0
94178232-a869-4d47-a446-ebc53fd88e6d_2face0_296_70_337_427_00007.png,3.2,3.2,0 0 0 0
20b3adb3-7f30-4098-b182-f1f91b8a445b_302face0_179_341_271_342_00002.png,3.2,3.2,0 0 0 0
93fe9e26-9b9c-4153-bc98-01a9defc29a2_1801face0_465_595_306_386_00008.png,3.2,3.2,0 0 0 0
582028c5-807a-4554-ba1f-1ff399064de2_302face0_361_196_217_296_00008.png,3.2,3.2,0 0 0 0
767097ff-1152-4b7b-94dc-48eacf82c40c_302face0_188_534_225_286_00006.png,3.2,3.2,0 0 0 0
67c22c65-9d59-4468-b20a-73d46b046158_302face0_671_437_208_266_00001.png,3.2,3.2,0 0 0 0
c54a01ae-e3ed-41cb-a2ef-21bb50765db8_2face0_687_407_208_281_00005.png,3.2,3.2,0 0 0 0
491d2572-bd4d-409f-b53d-8baf236658f2_2face0_431_248_310_434_00007.png,3.2,3.2,0 0 0 0
869832f2-d54b-419f-86d1-d6e548be3b57_2face0_615_180_203_286_00010.png,3.2,3.2,0 0 0 0
e570292e-9d58-405a-8fd8-34a66af79079_2face0_753_283_247_316_00005.png,3.2,3.2,0 0 0 0
a837d4ef-1fc4-4a9b-8639-6ee5ffa51276_302face0_607_75_282_382_00006.png,3.2,3.2,0 0 0 0
fc077264-7f03-4684-a3f2-949d49d366f1_2face0_299_487_721_1067_00003.png,3.2,3.2,0 0 0 0
494cc792-c9e7-4e1e-a229-98dcfa038c16_302face0_105_327_251_360_00001.png,3.2,3.2,0 0 0 0
64a46999-d1ef-4456-879b-ab54af42a30a_302face0_464_663_130_166_00001.png,3.2,3.2,0 0 0 0
b6c1c9e2-5e09-40cc-9dae-d2b3ca37b8fb_2face0_501_343_379_481_00001.png,3.2,3.2,0 0 0 0
f92d7711-32ab-4a1b-827f-83c514fb44e1_10000273face0_363_183_189_255_00006.png,3.2,3.2,0 0 0 0
f7b8d7ee-15de-40d4-8b45-9f37cf17e5f5_302face0_489_314_415_532_00009.png,3.2,3.2,0 0 0 0
2995966a-9097-4088-bb30-4b364af11678_10000001face0_352_103_418_567_00006.png,3.2,3.2,0 0 0 0
17d0edbd-79a8-4a84-8dcf-c4aaca1f5945_302face0_406_396_218_281_00001.png,3.2,3.2,0 0 0 0
93fbffe5-6cf8-4d9d-bf88-ed0f6ddd514b_302face0_286_635_331_449_00001.png,3.2,3.2,0 0 0 0
6dee320c-4c0b-4c22-95ac-f821988be042_302face0_397_309_295_381_00001.png,3.2,3.2,0 0 0 0
d2c271ae-f656-4113-bb61-fa587cd7925e_2face0_508_283_392_482_00009.png,3.2,3.2,0 0 0 0
cecc9eb3-13e0-44bf-8454-119dff56bb7d_2face0_367_292_449_562_00006.png,3.2,3.2,0 0 0 0
bd941a64-69c2-4b79-a1f4-f92c4bd94977_10000349face0_233_84_590_793_00001.png,3.2,3.2,0 0 0 0
e472c24c-f211-4e9e-a91f-e1fd89b915b9_2face0_460_560_148_197_00006.png,3.2,3.2,0 0 0 0
82004026-5311-4379-99cf-ed82edeeab91_2face0_445_295_244_338_00002.png,3.2,3.2,0 0 0 0
8e23be9a-067c-4e6b-a1d7-7055a1668b68_302face0_460_612_140_170_00002.png,3.2,3.2,0 0 0 0
f4532057-df82-4b64-a988-0a055ffdddf7_10000549face0_62_398_186_238_00001.png,3.2,3.2,0 0 0 0
102ddd90-03c0-4a46-acb8-e433b85005ff_10001603face0_320_760_217_286_00005.png,3.25,3.25,0 0 0 0
a98a44d6-d901-489d-becc-7d4517b3a7ca_10000379face0_53_496_260_310_00005.png,3.25,3.25,0 0 0 0
b9960dd5-73ed-4d40-8f02-1c7805971192_302face0_365_661_274_368_00005.png,3.25,3.25,0 0 0 0
9316363e-cd53-4495-aa00-a63754bae258_302face0_526_426_253_334_00012.png,3.25,3.25,0 0 0 0
5a5d0d56-9780-4702-885e-29df43b9cf7a_10000001face0_137_395_169_218_00008.png,3.25,3.25,0 0 0 0
594ac2c4-35b5-4517-a6ad-ac27de1de13d_2face0_454_179_310_462_00008.png,3.25,3.25,0 0 0 0
16e76ca5-463a-40bd-b8bc-7597906dd02e_1802face0_84_698_240_303_00006.png,3.25,3.25,0 0 0 0
aa71301a-20cb-4e1a-98e0-ec443cde503c_2face0_258_521_459_580_00006.png,3.25,3.25,0 0 0 0
d4577f11-56c0-4c8e-93f5-ba3d50a6a23f_2face0_255_207_294_362_00001.png,3.25,3.25,0 0 0 0
443f793a-8981-4f5f-a4be-c538ffb03663_2face0_147_303_673_845_00006.png,3.25,3.25,0 0 0 0
fab7fa67-20b3-4012-aca2-6588277c43b4_10000900face0_204_275_197_270_00002.png,3.25,3.25,0 0 0 0
951b92f7-8982-494b-8075-ef760f636711_302face0_162_170_651_889_00004.png,3.25,3.25,0 0 0 0
b22caed6-5b33-4ecd-a110-ce46df4d9ab1_2face0_241_494_470_621_00007.png,3.25,3.25,0 0 0 0
0149bf6a-da02-403e-899d-d7f2a86f9897_1790face0_424_674_263_353_00001.png,3.25,3.25,0 0 0 0
3e709985-8745-49ba-9189-7485034a8d49_602face0_367_264_221_281_00001.png,3.25,3.25,0 0 0 0
0d8c947c-f814-4894-b3e5-e7f2a505d604_2face0_513_605_303_394_00001.png,3.25,3.25,0 0 0 0
57c9aa11-4d77-40e8-b307-c5ae538fc9c8_302face0_435_503_292_379_00001.png,3.25,3.25,0 0 0 0
c5dfe5d1-382d-4169-b315-34e5f7345369_2face0_310_168_232_312_00009.png,3.25,3.25,0 0 0 0
6cbcb569-d5d4-4672-8449-b9b3a6ba90f8_2face0_437_696_263_338_00001.png,3.25,3.25,0 0 0 0
346a3dc2-b111-456a-90de-0389fcef82fa_602face0_623_470_350_460_00002.png,3.25,3.25,0 0 0 0
69ba4f0c-a4e6-4542-955f-5f3dc5b9456f_2face0_388_515_161_218_00006.png,3.25,3.25,0 0 0 0
4e4d8324-7475-4691-aad5-0f9849627102_2face0_207_85_799_1004_00007.png,3.25,3.25,0 0 0 0
8ece3153-6921-4f42-8437-f8225adf3997_2face0_446_410_253_355_00002.png,3.25,3.25,0 0 0 0
5fb81c33-f638-4692-9432-0c7a5c56147f_2face0_523_634_243_303_00001.png,3.25,3.25,0 0 0 0
92f18064-be8f-4576-8c6a-bd6a11defd07_302face0_210_256_334_444_00007.png,3.25,3.25,0 0 0 0
567ba8ac-e4e6-45b7-84e9-5970411c69e2_1801face0_365_542_316_425_00001.png,3.25,3.25,0 0 0 0
1f8db188-9f12-4a0b-a985-93632fd5462d_2face0_156_326_765_980_00001.png,3.25,3.25,0 0 0 0
0f3f3fa6-3520-40b0-bb63-4b780ddc6172_2face0_214_411_176_249_00007.png,3.25,3.25,0 0 0 0
c1f5d1ef-f8a4-4374-862e-fe55b468c041_602face0_499_303_219_307_00005.png,3.25,3.25,0 0 0 0
5bdc6b09-2335-4811-8530-4db348ef4f6a_302face0_161_611_172_236_00012.png,3.25,3.25,0 0 0 0
3c9f9f27-b67a-4cf8-891f-b7ba445bc611_2face0_425_144_263_331_00001.png,3.25,3.25,0 0 0 0
3f6dc4a7-7c08-4745-b637-112718c1c1cb_10000300face0_390_113_305_414_00001.png,3.25,3.25,0 0 0 0
9147e5bc-ab38-4fbb-851f-5e7c9d6cbbf5_1800face0_488_475_246_321_00009.png,3.25,3.25,0 0 0 0
abe29874-f992-4cdd-9dba-26a438b0233b_602face0_516_426_324_408_00004.png,3.25,3.25,0 0 0 0
7ece7049-b854-4e81-9171-b6a42a73eb65_2151face0_463_119_366_482_00015.png,3.25,3.25,0 0 0 0
fbe005f7-8f06-44af-bbd1-d17c12a9e333_10000301face0_436_479_358_477_00001.png,3.25,3.25,0 0 0 0
1b25dcae-baf8-4cfb-be95-6f0ea4ea64d5_1765face0_236_155_401_508_00007.png,3.25,3.25,0 0 0 0
ae04152a-634b-4ce2-8af5-e0c2755d9f1c_2face0_297_507_155_203_00008.png,3.25,3.25,0 0 0 0
8b042b94-1e83-434d-8127-4a40dfefbd04_10000301face0_207_352_359_458_00005.png,3.25,3.25,0 0 0 0
6cbf7d28-2a3b-40cf-a6a3-626dc9c7453d_1802face0_507_554_130_172_00001.png,3.25,3.25,0 0 0 0
6d39bb27-6bf1-467c-9892-a0052d93d984_2face0_330_289_130_175_00003.png,3.25,3.25,0 0 0 0
7d511df2-93f3-4c92-ab89-088b80568712_302face0_461_590_177_247_00001.png,3.25,3.25,0 0 0 0
cdfbebb1-ae2d-48bd-9271-3a921cd5215d_2face0_167_372_159_210_00005.png,3.25,3.25,0 0 0 0
1c317ea5-09ac-4328-8552-9a0a1ab0d594_1202face0_628_502_288_381_00003.png,3.25,3.25,0 0 0 0
5455eaff-e556-4f38-ab52-25b2cae5db5e_2face0_476_891_361_440_00001.png,3.25,3.25,0 0 0 0
08f12acf-3250-4882-96df-adb14c69e20a_302face0_482_457_158_214_00012.png,3.25,3.25,0 0 0 0
0ebba1ca-3a67-417b-bb36-cfb383da393f_302face0_492_402_253_342_00003.png,3.25,3.25,0 0 0 0
456527f1-804d-428d-acaf-3ffad9c3ea67_302face0_391_373_159_222_00004.png,3.25,3.25,0 0 0 0
b88fa2ce-ae72-48da-9dbc-865cec58eb86_2face0_67_575_819_1052_00002.png,3.25,3.25,0 0 0 0
7b2081b4-804a-4707-abed-2a290fbb3221_2face0_671_704_266_336_00004.png,3.25,3.25,0 0 0 0
b78745cc-939a-45b7-94d7-a5b78ab47932_2face0_263_530_230_296_00005.png,3.25,3.25,0 0 0 0
b63e2676-2682-4a50-9f28-4c9cb39bb20f_2face0_395_263_628_869_00012.png,3.25,3.25,0 0 0 0
37f57339-5b86-437d-84f3-0fb4050aabe5_602face0_52_109_593_843_00001.png,3.25,3.25,0 0 0 0
753f77d9-1e5b-4b66-9d6c-d467e4715701_2face0_284_312_253_344_00009.png,3.25,3.25,0 0 0 0
919a9701-19cb-42b4-9b4f-90b24b72e888_10000028face0_230_397_312_388_00001.png,3.25,3.25,0 0 0 0
0a79b71c-0ea2-4bfd-88aa-05eeaa5bbdba_1801face0_352_467_387_519_00001.png,3.25,3.25,0 0 0 0
7c71d91c-bce9-4410-b0bd-69cdcd23fd59_2face0_366_534_149_199_00002.png,3.25,3.25,0 0 0 0
51ba1298-eeff-40e4-936e-dfcad7f8deb9_302face0_548_331_187_246_00001.png,3.25,3.25,0 0 0 0
73815267-9110-4add-a899-1340887aaedf_2face0_172_66_679_974_00011.png,3.25,3.25,0 0 0 0
e16e5c58-c712-4fa3-8d5c-426bec080d63_2face0_246_369_496_653_00001.png,3.25,3.25,0 0 0 0
c0e9b8e2-0c6e-4035-ba6e-ecf8ab08cc43_2face0_179_372_230_308_00001.png,3.25,3.25,0 0 0 0
22a1a7f4-a8ef-435d-ba09-8e6d575fc0ff_302face0_592_82_299_436_00001.png,3.25,3.25,0 0 0 0
5daa03e0-7f17-4d28-89b5-8f327aeecc09_902face0_485_132_264_347_00010.png,3.25,3.25,0 0 0 0
298edf97-caf2-43bf-a2b9-1a3ac5088a1a_1801face0_335_582_285_362_00001.png,3.25,3.25,0 0 0 0
ff69d68f-4425-477d-87c0-b13c3baba239_10002657face0_287_427_141_183_00001.png,3.25,3.25,0 0 0 0
99a60b42-f233-4f89-99a9-56905bc99d73_2face0_436_295_376_455_00004.png,3.25,3.25,0 0 0 0
0bde2f32-7fcc-4991-8112-40fca291d959_302face0_601_552_151_205_00007.png,3.25,3.25,0 0 0 0
ef5acb78-36d4-4273-905b-fa05a98dafc2_1801face0_676_67_310_416_00007.png,3.25,3.25,0 0 0 0
d8febfdd-c6c0-4993-a084-9e5f2905fbcc_302face0_554_402_341_493_00001.png,3.25,3.25,0 0 0 0
6839e750-7a09-4b60-a4f2-f48b702a0ed9_1867face0_80_263_277_381_00001.png,3.25,3.25,0 0 0 0
f44b64d1-e7c0-4239-8330-dce29158c5d7_2face0_441_778_236_305_00001.png,3.25,3.25,0 0 0 0
02e59408-ee0c-4c77-868f-d52b945c2f30_2face0_475_690_333_429_00001.png,3.25,3.25,0 0 0 0
58f83585-c0c2-4095-9ac3-231318be29d3_2face0_461_123_259_358_00002.png,3.25,3.25,0 0 0 0
fbdd488c-a812-4172-9b57-07cc7c3b9088_302face0_561_471_196_273_00002.png,3.25,3.25,0 0 0 0
45937c9a-db19-44e9-a8b7-711d3a96f27b_1797face0_150_64_198_270_00006.png,3.25,3.25,0 0 0 0
b716346f-852e-4106-b54b-8e337ab123b5_302face0_260_315_186_242_00005.png,3.25,3.25,0 0 0 0
fb21973a-45e4-44e0-b530-4d5846378ab9_2face0_296_634_191_249_00002.png,3.25,3.25,0 0 0 0
6ad22a79-5f80-4be0-8178-2a900d05c761_2face0_598_420_148_186_00001.png,3.25,3.25,0 0 0 0
26c7e8ee-ac83-4d0b-bc5f-25e579137c87_2face0_376_140_431_573_00001.png,3.25,3.25,0 0 0 0
802df4eb-7085-4e26-b8d3-61510c43ec79_2face0_220_372_425_560_00002.png,3.25,3.25,0 0 0 0
86764fb0-10a4-48ce-9612-ca66d43bbc76_902face0_184_157_729_1006_00001.png,3.25,3.25,0 0 0 0
62ea9589-db5b-4e13-bce3-268cae5c6af1_2face0_416_327_299_403_00002.png,3.25,3.25,0 0 0 0
dfdee68c-cf0d-4ba3-a41e-86f0f5a5d5db_2face0_509_494_147_179_00010.png,3.25,3.25,0 0 0 0
c12e02f1-8662-4e91-8122-bf2b9886b396_10000001face0_241_348_270_344_00001.png,3.25,3.25,0 0 0 0
a111d4ab-657c-4ac4-a138-07518cb8667b_2face0_485_577_256_344_00001.png,3.25,3.25,0 0 0 0
4fe98fb6-2d7f-4a8e-b56b-0e7725628ece_2face0_318_132_523_721_00001.png,3.25,3.25,0 0 0 0
3386efc7-066a-4945-8601-b36e38757f75_302face0_242_112_323_471_00006.png,3.25,3.25,0 0 0 0
dd26942a-97a0-4dd1-9ea2-2e2045225551_10000220face0_297_389_161_216_00001.png,3.25,3.25,0 0 0 0
40c5bddd-84b8-4a7a-8037-5c4107afb832_2face0_220_164_518_756_00004.png,3.25,3.25,0 0 0 0
25acdb10-4db1-4a14-82c6-929c12bfff51_2face0_461_449_415_540_00001.png,3.25,3.25,0 0 0 0
a6725bac-bbff-4adf-a614-3732fbf1e3e3_2face0_65_398_441_571_00003.png,3.25,3.25,0 0 0 0
68a89ed6-52f7-49e0-90f4-524fb36030a6_302face0_545_186_155_210_00003.png,3.25,3.25,0 0 0 0
ac8e609b-a33e-4466-b6fa-2024b257cc0f_1801face0_320_509_295_392_00002.png,3.25,3.25,0 0 0 0
66229939-43ab-44f1-9b0a-047c652318a9_10000561face0_88_292_397_512_00001.png,3.25,3.25,0 0 0 0
fcde36c5-eecf-4333-bf84-793f30992619_2face0_330_747_169_218_00011.png,3.25,3.25,0 0 0 0
f38938ca-3781-4c32-9987-59a552541b8c_2face0_175_395_364_499_00001.png,3.25,3.25,0 0 0 0
be4016c8-0ec7-4a8b-92dd-90e076b4ec9c_302face0_217_613_585_741_00010.png,3.25,3.25,0 0 0 0
9f46a51b-6311-4859-8fb6-5db2f8467490_3601face0_451_863_298_366_00001.png,3.25,3.25,0 0 0 0
b4cd0cee-bf18-4b13-b60d-38c867e44923_1800face0_384_594_183_247_00001.png,3.25,3.25,0 0 0 0
099b992b-6b51-4329-ab54-20450880923d_302face0_259_578_306_410_00001.png,3.25,3.25,0 0 0 0
45d3ff2f-96e2-42df-8648-09d15e91952f_602face0_510_583_184_223_00011.png,3.25,3.25,0 0 0 0
8f63f9a7-2552-4a56-b18e-0eafe38a1a1c_2face0_520_132_420_556_00001.png,3.25,3.25,0 0 0 0
959360b3-874d-47f7-82d0-2bb4ef0a8b21_302face0_655_456_168_210_00001.png,3.25,3.25,0 0 0 0
e69976c7-e603-4334-9bee-69e06ed7db22_302face0_352_446_229_316_00004.png,3.25,3.25,0 0 0 0
cad6e367-21ae-4562-9a93-d44223198c31_2face0_233_446_256_334_00005.png,3.25,3.25,0 0 0 0
96f09c69-44d2-4b7e-9fc1-826d45422c91_902face0_398_68_284_381_00001.png,3.25,3.25,0 0 0 0
1395a060-fa53-48e7-9b5b-6a575c380776_302face0_541_507_180_234_00001.png,3.25,3.25,0 0 0 0
191536a4-c712-4986-b4f8-dd9f70077b77_2face0_416_854_251_303_00002.png,3.25,3.25,0 0 0 0
ddce554b-1b9c-422e-88c1-f4f979a2c4f3_1801face0_353_404_364_442_00001.png,3.25,3.25,0 0 0 0
944054de-2aec-4a5c-ab90-113936c77cc0_602face0_416_530_191_271_00003.png,3.25,3.25,0 0 0 0
e9fa038f-66b6-4bb8-a110-cdb9746fb833_302face0_486_408_217_279_00002.png,3.25,3.25,0 0 0 0
b0a96650-4822-4926-a925-67c19946531b_2face0_433_169_270_336_00001.png,3.25,3.25,0 0 0 0
0ac30803-e142-4d7d-b6e5-23f8f8d8ad46_2face0_343_552_247_305_00001.png,3.25,3.25,0 0 0 0
a2ebac06-58ee-4be0-ac7c-5fed2808aaf3_2face0_249_439_729_1034_00001.png,3.3,3.3,0 0 0 0
7ac058f7-3000-48b2-b302-00db37ca4850_2face0_266_356_547_758_00001.png,3.3,3.3,0 0 0 0
89f04c1f-c281-4528-98a2-cca604581511_2face0_298_290_354_451_00010.png,3.3,3.3,0 0 0 0
1efbb81b-7464-4ce6-af09-34c3ab029297_2face0_483_151_219_312_00003.png,3.3,3.3,0 0 0 0
ff33b5f3-34cf-47d9-a5b0-ab3a3aca3709_902face0_392_183_371_521_00007.png,3.3,3.3,0 0 0 0
3a229b6a-da90-49c9-99aa-fdbdf2c643a3_10000890face0_330_874_168_214_00005.png,3.3,3.3,0 0 0 0
36b7f6ff-f183-4fcf-ac1b-94f37f25a935_2face0_506_510_161_218_00001.png,3.3,3.3,0 0 0 0
8992ee4b-724c-4e05-bf87-cd3a9292691b_10001927face0_464_664_239_333_00001.png,3.3,3.3,0 0 0 0
8f5e8ef0-243d-48d4-84ab-17ad28e2d906_2face0_366_520_292_390_00001.png,3.3,3.3,0 0 0 0
b1ac9a56-5647-4937-ade0-775243c9fa34_302face0_303_506_138_188_00001.png,3.3,3.3,0 0 0 0
9a37d3b7-8b1c-41c5-a821-77d7ecfb8266_2face0_653_190_225_308_00001.png,3.3,3.3,0 0 0 0
93d02b5a-a1e0-4f6a-a60d-7197b4e732ec_2face0_481_594_239_305_00001.png,3.3,3.3,0 0 0 0
187ef9c9-429b-409e-8992-2664fbeeb56a_302face0_175_741_665_869_00001.png,3.3,3.3,0 0 0 0
33ea3ee1-495f-483a-b397-d3724465f213_2face0_138_575_210_277_00002.png,3.3,3.3,0 0 0 0
cb33bc05-92c7-4041-986f-4690d873f9f5_2face0_247_136_425_573_00004.png,3.3,3.3,0 0 0 0
444e70d2-2049-4b83-b904-85be358b075a_10002156face0_273_605_203_247_00010.png,3.3,3.3,0 0 0 0
f3b518bb-2d1e-4011-91f9-08605f8d999d_10000892face0_563_238_266_357_00011.png,3.3,3.3,0 0 0 0
15bc6a8a-7486-4ace-a957-2529cce84051_302face0_391_264_152_210_00005.png,3.3,3.3,0 0 0 0
5533071c-5a65-4284-b6e7-2ab1c4880ac1_2face0_412_302_242_310_00001.png,3.3,3.3,0 0 0 0
5c8ddb7a-3a0d-488e-9d84-7c7c9a35b569_2face0_272_397_296_397_00002.png,3.3,3.3,0 0 0 0
4a08f412-495b-45c9-8044-3b5ba34f3c49_1801face0_365_781_299_373_00001.png,3.3,3.3,0 0 0 0
9789990d-45ec-4649-9a13-7511f11cd145_302face0_247_86_222_283_00001.png,3.3,3.3,0 0 0 0
4c1e04c7-1636-4771-bab3-94148d939e6d_2face0_101_178_309_414_00009.png,3.3,3.3,0 0 0 0
1a25a424-2749-4991-ab2d-e2b12229383d_2face0_376_221_235_307_00001.png,3.3,3.3,0 0 0 0
810da044-787e-4fc5-a167-10a6f79b14d3_302face0_466_239_247_338_00001.png,3.3,3.3,0 0 0 0
064f873e-cc4e-47ee-a6b2-3e6c71551cf1_2face0_314_421_417_536_00001.png,3.3,3.3,0 0 0 0
0b2547bf-f0b6-4d6b-a6a8-ea1cc93138fb_2face0_224_116_562_728_00001.png,3.3,3.3,0 0 0 0
c7cd42ee-f749-48f8-ad3a-228b952cff18_10000299face0_438_65_432_619_00008.png,3.3,3.3,0 0 0 0
14614ea6-7572-452f-b841-09e5f59fa48b_302face0_454_219_261_333_00009.png,3.3,3.3,0 0 0 0
b72d18b6-0e9f-41a1-a8cd-7b7aacd93223_2face0_725_264_240_316_00001.png,3.3,3.3,0 0 0 0
15d8c778-4157-426a-9b6f-d0095e6192ba_2face0_351_857_256_329_00001.png,3.3,3.3,0 0 0 0
2c8502dd-ca36-47b9-9ebd-5ee11171d8b2_2face0_145_594_195_19200012.png,3.3,3.4444444444444446,0 0 0 0
f49126ed-0cad-4b97-87a0-7497e240924b_2face0_298_626_240_312_00010.png,3.3,3.3,0 0 0 0
6f6e2fe5-11ee-4623-96e1-bc8dd678dd2f_302face0_128_339_572_769_00001.png,3.3,3.3,0 0 0 0
f28dd68b-892f-4b3c-99f1-3c586724899e_10000290face0_340_399_336_431_00008.png,3.3,3.3,0 0 0 0
0ac0df01-1305-4597-9304-1c6bc59a8a48_302face0_422_268_149_194_00001.png,3.3,3.3,0 0 0 0
d8c327d3-31fe-4a18-a645-4107dfbc2cfa_302face0_294_567_235_299_00003.png,3.3,3.3,0 0 0 0
791e77ba-900c-4f83-aed1-d46fb732a327_302face0_297_448_287_377_00001.png,3.3,3.3,0 0 0 0
db403ad7-2a01-4506-b7f0-5c35c541c70f_302face0_119_564_324_407_00001.png,3.3,3.3,0 0 0 0
04894bfb-3186-4f21-b36f-046816104fe6_602face0_417_164_239_314_00001.png,3.3,3.3,0 0 0 0
5e39c6d5-2b63-4f92-a623-3812740e5e78_2face0_470_237_211_292_00001.png,3.3,3.3,0 0 0 0
62432089-98ae-46d6-a3cc-ca8b84cb8368_2face0_88_436_520_629_00004.png,3.3,3.3,0 0 0 0
ae1c5fb1-e365-42cf-a669-11767e2c44a6_2face0_302_535_448_595_00002.png,3.3,3.3,0 0 0 0
8b713d35-4d04-4d6a-bbcd-b8176b28f189_2face0_285_517_392_532_00001.png,3.3,3.3,0 0 0 0
ae146d57-ed80-4bbb-8551-d813a704724b_302face0_396_110_400_551_00003.png,3.3,3.3,0 0 0 0
d790e413-d753-427e-b52f-fcb5b98e7af7_2102face0_289_174_237_303_00001.png,3.3,3.3,0 0 0 0
26620fd6-f0f4-4f8f-9747-9c59a4aea18a_2face0_496_177_533_658_00001.png,3.3,3.3,0 0 0 0
e8a07b24-519d-42c5-a8b0-1a37db280cdb_2face0_216_434_334_425_00004.png,3.3,3.3,0 0 0 0
6ab9cc34-4388-4fb3-863d-a290b9a69dc5_2401face0_680_379_299_407_00003.png,3.3,3.3,0 0 0 0
e044d640-fe3c-432c-acf3-2656cdff3387_2face0_379_213_217_281_00001.png,3.3,3.3,0 0 0 0
288e3465-fb8b-4426-933e-ce3d90c4dfc7_2face0_318_439_289_358_00010.png,3.3,3.3,0 0 0 0
2d757488-b0be-46cf-a9e0-abfd470d0200_1793face0_429_796_251_355_00003.png,3.3,3.3,0 0 0 0
5fc1ad27-4837-41b8-9347-e4cf200903fd_2673face0_427_727_183_231_00001.png,3.3,3.3,0 0 0 0
7eb51e13-c13e-4b46-ad38-3cc3bfc27115_302face0_209_533_618_752_00004.png,3.3,3.3,0 0 0 0
db8b2f28-3fdc-46ae-b574-fdf860d20fc7_2face0_431_550_131_186_00005.png,3.3,3.3,0 0 0 0
7e2ece6f-db73-46dd-948f-a9c9c8948e46_602face0_58_50_224_314_00008.png,3.3,3.3,0 0 0 0
d2632c15-cfb9-445a-afb0-9cc15a50a6b2_602face0_304_194_125_181_00001.png,3.3,3.3,0 0 0 0
fb1ddcdb-31b4-4614-95b7-7ebd0b8a263e_2face0_291_341_159_222_00001.png,3.3,3.3684210526315788,0 0 0 0
074cec62-c333-48b6-b626-d8f5321fc779_302face0_93_264_218_296_00001.png,3.3,3.3,0 0 0 0
8f432a6d-8ace-44b9-85b5-0d0e6fd24cf4_2face0_189_333_523_699_00001.png,3.3,3.3,0 0 0 0
85767d15-1384-4aff-a5ae-58b30a41283a_2face0_459_445_537_675_00001.png,3.3,3.3,0 0 0 0
ea79eb85-a18a-405d-8c43-0d27e6cc862d_2face0_598_835_184_236_00004.png,3.3,3.3,0 0 0 0
5757b149-9644-4e85-abbb-093beced968f_2face0_548_500_156_216_00005.png,3.3,3.3,0 0 0 0
531bd23a-0c59-473b-b9fc-1586cb0e6b4b_2face0_223_169_197_277_00009.png,3.3,3.3,0 0 0 0
51cabd0c-1763-45ff-8204-65decfd43512_2face0_410_374_428_562_00002.png,3.3,3.3,0 0 0 0
a8732496-1e5f-4294-a296-466d01f300cc_2face0_373_61_361_482_00002.png,3.3,3.3,0 0 0 0
1395a168-dafe-42f1-9a9a-2d1a0c905469_302face0_139_80_333_464_00008.png,3.3,3.3,0 0 0 0
ac712bdc-7a25-4996-8520-2177dafa5d9c_2101face0_457_191_239_320_00005.png,3.3,3.3,0 0 0 0
64ddeaae-21ed-43bd-85f4-ea09b4ebe666_2101face0_327_184_292_370_00008.png,3.3,3.3,0 0 0 0
20c780d2-6b7d-44b3-b584-5edf8317e8f0_1798face0_493_738_193_259_00001.png,3.3,3.3,0 0 0 0
48725b98-69d0-4dfe-bfed-7e1ba30f0eb4_10000058face0_211_50_275_364_00005.png,3.3,3.3,0 0 0 0
9f79151f-1f6b-4840-b2e2-fef97f3e27e7_302face0_357_225_274_373_00006.png,3.3,3.3,0 0 0 0
7d7fc01f-404d-4aac-9a36-ee79a09836ee_2face0_234_252_345_477_00002.png,3.3,3.3,0 0 0 0
247e4712-bc82-42b4-9924-5f073bff28a5_2face0_179_486_267_342_00001.png,3.3,3.3,0 0 0 0
2510cde3-8208-4001-827d-9f4cb39568a7_302face0_396_137_264_362_00009.png,3.3,3.3,0 0 0 0
b91b4f9d-0063-455a-b965-f02f1091c024_2face0_288_356_194_242_00003.png,3.3,3.3,0 0 0 0
354df5b5-2ecc-45bc-884c-ac12a52815d4_2face0_710_259_246_320_00001.png,3.3,3.3,0 0 0 0
83037fd2-a4f9-49c5-ae98-8b63402cc7ff_2face0_460_748_239_314_00001.png,3.3,3.3,0 0 0 0
03af28bf-846b-409c-bb3b-be503da37e89_302face0_463_326_151_205_00003.png,3.3,3.3,0 0 0 0
5815cbd2-b86a-4162-ab17-f83776e24816_2face0_488_284_251_357_00011.png,3.3,3.3,0 0 0 0
b30e4022-0066-4680-8b29-e3a256580284_10000283face0_501_400_250_338_00003.png,3.3,3.3,0 0 0 0
646c7295-0c59-4ae8-93d4-9235d23cca57_2face0_456_293_147_186_00003.png,3.3,3.3,0 0 0 0
894fe751-bf52-4137-9b9c-28a0a47a608c_2face0_337_248_373_488_00010.png,3.3,3.3,0 0 0 0
d0f576e0-88d3-42e5-84ab-ed3a4a98062b_3706face0_176_428_275_382_00001.png,3.3,3.3,0 0 0 0
22133721-a496-429d-a94e-d1fda0fa16f7_602face0_222_375_459_627_00001.png,3.3,3.3,0 0 0 0
c228f9f5-fca7-4b92-ae57-f6f68d551603_2face0_479_135_523_715_00009.png,3.3,3.3,0 0 0 0
4c17875e-3c60-4e08-8124-d0ecd4c7c3e3_302face0_330_222_341_471_00001.png,3.3,3.3,0 0 0 0
fe551ee1-987b-4a16-8922-68f9358dfb5d_602face0_199_284_141_185_00003.png,3.3,3.3,0 0 0 0
49b626d4-ff96-4d54-b83e-eb69be4f6198_2face0_416_390_169_229_00003.png,3.3,3.3,0 0 0 0
946719dd-5ea0-4376-a043-112a4befbdd2_2face0_301_424_219_290_00007.png,3.3,3.3,0 0 0 0
4bbb5fec-7f8c-4e1c-8911-c59f182c0da5_10002383face0_376_650_354_456_00001.png,3.3,3.3,0 0 0 0
62092ce9-0727-47bf-93d0-7cf898040418_1502face0_200_161_138_190_00009.png,3.3,3.3,0 0 0 0
069961f5-d1cc-4696-ac37-ee9db15e2937_2face0_300_491_389_479_00001.png,3.3,3.3,0 0 0 0
df6b27d0-7aef-4fb5-b396-4ab67cebe2f5_2face0_367_451_299_392_00001.png,3.3,3.3,0 0 0 0
1ae57af3-272a-4055-a533-631684392db3_10001439face0_432_666_134_181_00001.png,3.3,3.3,0 0 0 0
bca5ff15-e9ab-4814-be1a-644c9eb78e54_2face0_401_605_376_477_00003.png,3.3,3.3,0 0 0 0
bb9a90aa-23e4-49a8-a5d2-34d2a4cebf34_2face0_371_316_347_466_00008.png,3.3,3.3,0 0 0 0
4ec1ddbd-bffa-484a-aa29-1f54b037cdb9_302face0_422_762_217_290_00013.png,3.3,3.3,0 0 0 0
fd3a9edf-a509-46a9-a1c8-098e1ae14e2b_2face0_275_779_319_392_00004.png,3.3,3.3,0 0 0 0
fe46fb32-54de-4fe0-8e18-f2f8c48f9d30_302face0_98_364_475_601_00010.png,3.3,3.3,0 0 0 0
90e9925e-f908-4ac5-800a-9c5f7eef7c6b_302face0_366_377_162_216_00002.png,3.3,3.3,0 0 0 0
3d5adaca-558c-4ac2-9784-faabbfcee15d_10000290face0_507_526_177_247_00001.png,3.3,3.3,0 0 0 0
8eb56abd-97ae-42c3-91d9-7984ce6ca6ca_10000301face0_285_264_424_577_00001.png,3.3,3.3,0 0 0 0
038ecc2b-8a38-49d9-bc80-c141802c5187_302face0_364_510_372_508_00004.png,3.3,3.3,0 0 0 0
d2ef1d22-bdaa-42bc-8c0a-e727dbe13d34_2face0_56_249_180_234_00001.png,3.3,3.3,0 0 0 0
fb353c63-1d5e-4d91-a7e4-f43218189fef_302face0_564_362_191_277_00003.png,3.3,3.3,0 0 0 0
78036dc4-6606-456a-9823-a6919a588c78_10000499face0_223_54_223_27300001.png,3.3,3.3,0 0 0 0
a24154cb-7615-4c19-9f56-ade62588b3d5_302face0_730_346_259_333_00003.png,3.3,3.3,0 0 0 0
454dd3dc-8da8-4db4-a314-be6c27899ea5_10000355face0_358_340_222_296_00001.png,3.3,3.3,0 0 0 0
c9343920-97d9-48c5-9dba-3176b3886d69_2face0_339_645_348_447_00001.png,3.3,3.3,0 0 0 0
47b6307d-76bf-4e2d-a74f-bf870781e3e9_302face0_453_472_166_218_00005.png,3.3,3.3,0 0 0 0
48fdb1c1-a923-485f-a20e-6614b590ff8c_2face0_442_721_163_218_00011.png,3.3,3.3,0 0 0 0
a1e40c28-a4a0-46ad-a0e8-7922f5c8d44f_2face0_328_619_330_447_00001.png,3.3,3.3,0 0 0 0
d368f117-5b1b-47e8-b3ab-38a0fbbadd86_2face0_563_106_266_366_00002.png,3.3,3.3,0 0 0 0
397e14bc-2c74-4148-a49d-49fd51d95c0b_2face0_649_487_244_325_00002.png,3.3,3.3,0 0 0 0
9c93c2a4-4cd3-4a36-935d-511040848451_1801face0_594_132_187_266_00001.png,3.3,3.3,0 0 0 0
bbff8123-f075-47d0-a4d1-c6174af649ef_2face0_196_166_410_567_00001.png,3.3,3.3,0 0 0 0
2b70ef3c-a729-4d35-9ffa-20c88bb6db5e_302face0_318_338_226_283_00001.png,3.3,3.3,0 0 0 0
1e818385-6dc0-4181-9878-74de9e21bc58_2face0_438_315_309_397_00003.png,3.3,3.3,0 0 0 0
841a1dee-2249-4707-9bc3-aaceaa779a86_2face0_338_365_291_381_00012.png,3.3,3.3,0 0 0 0
a60df81d-45fe-4a46-b765-bc346c1d8907_2face0_352_620_313_425_00001.png,3.3,3.3,0 0 0 0
a4908d0b-5b1a-46cf-8391-aba38bebcdbb_2face0_275_325_558_732_00001.png,3.3,3.3,0 0 0 0
35dcec9e-4329-4285-87ba-498e43e5e8b6_2face0_635_52_291_403_00001.png,3.3,3.3,0 0 0 0
c54ae0b4-8d8c-4a43-a4e5-c668adf1668b_2face0_349_335_169_216_00001.png,3.3,3.3,0 0 0 0
b5ff8b7f-1eae-4ab7-bac4-33c5c992788b_2face0_368_338_285_366_00002.png,3.3,3.3,0 0 0 0
21a4d306-d837-4c26-b296-04e35f14c63f_2face0_441_103_421_543_00001.png,3.3,3.3,0 0 0 0
43712b02-85c4-4205-b420-2703566a57f8_2face0_322_148_244_333_00006.png,3.3,3.3,0 0 0 0
d93b3635-9084-4110-a33b-47e4296c587a_2face0_96_245_275_347_00011.png,3.3,3.3,0 0 0 0
aa1103df-961a-4449-93c4-23b6a7083635_302face0_528_219_295_407_00003.png,3.3,3.3,0 0 0 0
4ef7c4f9-3bd9-4ea4-a891-6f8dff135aef_2face0_341_170_623_789_00001.png,3.3,3.3,0 0 0 0
b60331e4-6009-4e8e-93de-ffb0b309325e_2face0_480_561_226_299_00001.png,3.3,3.3,0 0 0 0
8b26c261-165c-42d1-8786-e2ce3ced3390_2face0_453_385_240_312_00001.png,3.3,3.3,0 0 0 0
dbf0f207-8551-4e32-b21a-830f5fa5e3cd_2face0_312_141_294_401_00001.png,3.3,3.3,0 0 0 0
bb4a75ec-5fe0-4064-97c2-9386c0344297_10001017face0_243_594_211_283_00001.png,3.3,3.3,0 0 0 0
b115addb-caae-42a8-9967-8524b0590e0d_2face0_327_273_383_508_00003.png,3.3,3.3,0 0 0 0
82094d29-cafd-4ef7-b213-745d78543961_2face0_299_469_214_279_00001.png,3.3,3.3,0 0 0 0
8bbc84d1-88b8-48b5-aa88-9dcd1256e52e_2face0_679_358_253_338_00009.png,3.3,3.3,0 0 0 0
02d1f722-dd6a-442f-9780-d0b9421a0867_2face0_56_187_694_936_00001.png,3.3,3.3,0 0 0 0
79586e86-c9d0-4f00-9e45-c6fae13fc902_2face0_347_335_309_418_00002.png,3.3,3.3,0 0 0 0
3cd9affc-d0aa-4c9d-bde0-cae03068d480_2face0_477_360_280_379_00007.png,3.3,3.3,0 0 0 0
f9bc944c-16bf-4f64-b117-f9c60a22b2e2_302face0_719_734_208_299_00009.png,3.3,3.3,0 0 0 0
7fc3ef2e-01ff-4808-97c6-6a6e65f0a67f_10000392face0_447_385_158_218_00002.png,3.3,3.3,0 0 0 0
02b149a1-2b1e-4c05-a2df-5116187ac952_1854face0_736_607_205_279_00001.png,3.3,3.3,0 0 0 0
4dd62373-4197-4de1-aa76-ab12cccf1ccf_2face0_398_78_446_597_00001.png,3.3,3.3,0 0 0 0
a41229d1-6856-4247-b63b-68b150533271_2face0_328_800_228_283_00007.png,3.3,3.3,0 0 0 0
ec5830ee-34b6-46df-aa5f-6d43f20cc27e_302face0_597_102_256_351_00001.png,3.3,3.3,0 0 0 0
ea80905d-e3fd-420f-b112-a1e2088ae74a_302face0_360_410_259_333_00001.png,3.3,3.3,0 0 0 0
de7a6599-abf9-4473-86e9-c2f3713dd354_2face0_437_376_407_543_00006.png,3.3,3.3,0 0 0 0
12682c40-fefc-48dc-b26e-03b736fc08dc_2face0_149_913_544_706_00001.png,3.3,3.3,0 0 0 0
af0289f1-32a9-4671-a5ed-ad89970ce740_2face0_387_602_251_329_00006.png,3.3,3.3,0 0 0 0
98757d78-afe6-4713-80e9-88e28016a550_2face0_273_142_282_357_00005.png,3.3,3.3,0 0 0 0
c33b06d3-4bc7-4be5-bd21-11227db14cea_2face0_327_642_277_342_00004.png,3.3,3.3,0 0 0 0
46f74084-4207-49e4-8d82-b783329db248_1797face0_263_811_267_351_00001.png,3.3,3.3,0 0 0 0
7e0af075-3de8-4adf-8537-7cc0ed1592e1_302face0_117_107_548_741_00005.png,3.3,3.3,0 0 0 0
b293a7c0-53a8-420e-bbcd-428965b545de_1860face0_487_106_156_220_00003.png,3.3,3.3,0 0 0 0
0afe9002-4b2e-440c-a2b9-00d98ddee377_2101face0_473_609_180_229_00009.png,3.3,3.3,0 0 0 0
332b39af-5eb1-4b59-8878-52c758cda7d4_10003138face0_308_513_369_475_00004.png,3.3,3.3,0 0 0 0
c19ad5ba-01a5-4212-a778-4cd9acdb5487_2face0_323_259_183_242_00010.png,3.3,3.3,0 0 0 0
862534be-bf51-4e43-bac9-646db4696e3e_10001893face0_229_276_270_371_00010.png,3.3,3.3,0 0 0 0
3346f6dd-e5eb-4a07-a48a-31384cc2c343_10000295face0_168_184_387_508_00001.png,3.3,3.3,0 0 0 0
9bfe379b-68e8-4251-b8c3-43453a830bba_10000300face0_87_433_322_434_00006.png,3.3,3.3,0 0 0 0
e41cb379-c41e-498c-9155-2f6c66616d81_2face0_439_92_217_312_00009.png,3.35,3.35,0 0 0 0
d1e01e18-d8ec-4b27-add9-b16af4d82e43_10003429face0_387_699_256_321_00005.png,3.35,3.35,0 0 0 0
e0a43599-21f6-40bd-b397-4049eb8e785b_602face0_559_393_200_268_00002.png,3.35,3.35,0 0 0 0
8c3b74cd-1778-44c8-90f8-63e5b10bb052_2face0_154_160_589_730_00005.png,3.35,3.35,0 0 0 0
3b95b8d2-cb0a-4010-bd1f-3a289a6c570f_2face0_391_207_334_451_00001.png,3.35,3.35,0 0 0 0
bb276ce2-f857-42fb-9e2a-6ced9fc36c02_2face0_220_207_218_273_00006.png,3.35,3.35,0 0 0 0
d7b12da8-a277-457d-be3d-5a17557dbd98_302face0_305_245_461_625_00001.png,3.35,3.35,0 0 0 0
f7d2a30e-8a9a-4979-bd2d-d05f7ba3f6ff_602face0_464_66_172_229_00002.png,3.35,3.35,0 0 0 0
12e8e734-4297-4209-ad07-8ba129a47311_2face0_341_61_680_987_00002.png,3.35,3.35,0 0 0 0
48d82123-22a0-4df7-b317-280a2c96d6df_2face0_369_702_247_318_00001.png,3.35,3.35,0 0 0 0
c35aa7fc-f8cd-4d59-bc62-486fb14d97af_10000300face0_407_645_218_305_00001.png,3.35,3.35,0 0 0 0
8bc4cd84-8d86-43d9-a653-5fc6f414e8d2_302face0_366_142_352_475_00001.png,3.35,3.35,0 0 0 0
651f81da-25e3-452b-9bc2-edd7b96377fb_2face0_401_316_539_704_00009.png,3.35,3.35,0 0 0 0
be3272f1-cf20-4a3a-a0f4-4ad142530a49_10000094face0_530_530_355_466_00003.png,3.35,3.35,0 0 0 0
359cee1d-ba05-4ce8-a11f-52b98c0bbe97_10002161face0_358_503_364_456_00001.png,3.35,3.35,0 0 0 0
103f619a-7489-44a3-93f2-a982095440be_302face0_278_292_191_260_00001.png,3.35,3.35,0 0 0 0
591acb55-b849-493f-b4fc-a229cf5a2f3c_602face0_108_62_141_209_00003.png,3.35,3.35,0 0 0 0
9aeeb223-3073-44eb-b43d-ff5492e9d776_2face0_539_394_210_270_00001.png,3.35,3.35,0 0 0 0
adcc1178-d9bb-4196-8f3e-b35c27b808d6_3298face0_474_753_210_253_00001.png,3.35,3.35,0 0 0 0
256d585c-29c4-4294-93cb-3514d0bb920e_602face0_702_135_253_351_00001.png,3.35,3.35,0 0 0 0
50880e49-b63c-45d2-812f-512ff4b42064_2face0_325_201_695_900_00004.png,3.35,3.35,0 0 0 0
6121c8f5-fcb4-4d9d-b5a8-5313a9ede65c_2face0_421_627_316_416_00010.png,3.35,3.35,0 0 0 0
09f9a763-5e09-4a66-b2ed-e8dfe8d59c04_602face0_115_289_373_525_00008.png,3.35,3.35,0 0 0 0
d17bba37-8d61-48d1-98f8-b814864b27af_302face0_537_493_165_222_00003.png,3.35,3.35,0 0 0 0
2928c1c8-cd49-4679-ba38-31f7af8f2f29_2face0_449_653_158_203_00001.png,3.35,3.35,0 0 0 0
75f9d044-62cb-4771-9cc2-218f915bcf61_2face0_595_278_196_275_00005.png,3.35,3.35,0 0 0 0
189a080f-8aa4-4936-a332-c95fe1474c80_10000299face0_409_461_266_344_00002.png,3.35,3.35,0 0 0 0
542e92de-726d-491e-9dbe-310c543ded2c_2face0_399_633_172_236_00002.png,3.35,3.35,0 0 0 0
d199c0fb-97a7-4096-8f23-83b6e5e7ceb8_602face0_446_333_259_347_00008.png,3.35,3.35,0 0 0 0
12de6ef8-6a3f-46bc-90c3-1367f571b411_1801face0_341_294_460_573_00002.png,3.35,3.35,0 0 0 0
34ef17b1-5b62-498b-8fba-c24705a63266_2318face0_401_996_228_299_00001.png,3.35,3.35,0 0 0 0
44d84245-b73e-4496-b775-3e59fff16ec3_2face0_429_127_408_569_00002.png,3.35,3.35,0 0 0 0
a6456151-2e43-4a13-872b-e9b2a0407e1c_2face0_203_67_824_1097_00002.png,3.35,3.35,0 0 0 0
dbc28075-c10f-42d8-8966-28ca741c12ef_302face0_361_261_162_207_00005.png,3.35,3.35,0 0 0 0
407dfc41-dbc6-4565-8892-afd2d19be0ea_302face0_319_167_352_493_00001.png,3.35,3.35,0 0 0 0
1b68dbb8-8a1a-445b-a0a0-cd748351f445_2face0_379_97_176_238_00001.png,3.35,3.35,0 0 0 0
ef63d2d5-43a5-440b-92b1-da06ea8bddfb_1801face0_301_760_219_275_00001.png,3.35,3.35,0 0 0 0
c9a1ba3a-8bf9-4663-a4dc-9b6cd362749b_2face0_368_242_393_516_00001.png,3.35,3.35,0 0 0 0
6b076520-52a4-41dd-8de0-3fce265eb420_2face0_294_157_522_706_00012.png,3.35,3.35,0 0 0 0
f794ffd6-c11e-4a6a-ade3-b44cf5b173c7_302face0_284_149_316_429_00003.png,3.35,3.35,0 0 0 0
a8da7723-a999-4989-a7f6-5d9c08b78559_10000593face0_84_371_326_440_00008.png,3.35,3.35,0 0 0 0
53ccca58-a047-45d2-8ac8-342292361ccc_10000297face0_181_1044_464_573_00002.png,3.35,3.35,0 0 0 0
535f0da6-48fd-48e7-b8db-85061780890d_302face0_565_67_334_462_00001.png,3.35,3.35,0 0 0 0
de3a5486-4452-4710-a6c8-ef8a2bec54cf_2face0_325_219_415_538_00003.png,3.35,3.35,0 0 0 0
f93d364f-e97f-4be5-83ad-b62e09da140b_2face0_281_58_435_599_00007.png,3.35,3.35,0 0 0 0
65d56f77-27ad-4e97-8700-c834bbd9fe16_2face0_324_587_452_564_00001.png,3.35,3.35,0 0 0 0
5a846865-55af-4e7b-862f-4db87218a9c3_302face0_357_178_239_312_00010.png,3.35,3.35,0 0 0 0
03bbb8fb-9c0d-4fb9-8ea3-13e7655064c3_2098face0_371_155_331_444_00010.png,3.35,3.35,0 0 0 0
90f1cddd-2390-413a-b75e-bb103aee719e_10000364face0_706_304_260_357_00001.png,3.35,3.35,0 0 0 0
366232bf-cd5b-4435-9904-2196837f139d_1801face0_402_339_282_388_00001.png,3.35,3.35,0 0 0 0
36aaac3d-3660-48a9-a0b1-7496552892a4_2face0_484_259_237_318_00001.png,3.35,3.35,0 0 0 0
dd03d0a2-d2a6-40bb-aecc-fdd0dcb7e261_2face0_312_214_712_897_00008.png,3.35,3.35,0 0 0 0
e0660a64-2a92-466f-bc8e-10df8e4a97f3_302face0_364_352_298_394_00001.png,3.35,3.35,0 0 0 0
362a4fc3-0bc4-46f7-9f12-79f8b98b5c5c_10000301face0_503_618_273_357_00011.png,3.35,3.35,0 0 0 0
d704d572-a1e7-49f4-9abb-165f0030ab3d_10001800face0_386_773_203_271_00007.png,3.35,3.35,0 0 0 0
0404a46f-4382-40aa-ae58-1c2dbecce03c_602face0_307_88_282_381_00002.png,3.35,3.35,0 0 0 0
0696653c-036f-4d31-8581-c81c183c4c8f_1801face0_397_562_240_312_00001.png,3.35,3.35,0 0 0 0
2e0877e9-0355-4b41-967e-ad8abe1170f3_2face0_421_369_250_334_00001.png,3.35,3.35,0 0 0 0
e5ca669e-0970-4202-9a89-7d7da30ed310_2face0_86_628_776_81300003.png,3.35,3.35,0 0 0 0
4d287182-1f3a-4963-a904-f95019eab32a_2face0_109_100_719_989_00002.png,3.35,3.35,0 0 0 0
b97cb9c5-2ee9-49e4-b47f-17fe81dcbdac_2102face0_388_194_249_340_00001.png,3.35,3.35,0 0 0 0
6724541c-8c46-44e0-b44e-8eda00226a18_2101face0_446_577_217_284_00001.png,3.35,3.35,0 0 0 0
5aa40e3e-0572-4393-817d-00329b932d44_2face0_525_462_503_688_00009.png,3.35,3.35,0 0 0 0
d3ea7a5b-d39c-4b57-b8d3-64998df24404_2face0_220_97_792_1095_00001.png,3.35,3.35,0 0 0 0
e0eaa75a-6e3a-4299-9281-e00ebac7fa91_2face0_120_274_500_54800001.png,3.35,3.35,0 0 0 0
2a224ec2-2b86-448d-8d4d-4e1598506d0a_2face0_290_137_704_900_00010.png,3.35,3.35,0 0 0 0
0a444d81-718f-4264-9902-96fa87fcb83a_2face0_157_57_834_1091_00010.png,3.35,3.35,0 0 0 0
462eec77-9f99-40ee-944d-5daaf5dff6be_1202face0_165_299_459_634_00006.png,3.35,3.35,0 0 0 0
77437187-ee1b-4387-a894-c121cf5dea00_302face0_151_326_385_508_00001.png,3.35,3.35,0 0 0 0
d10c6464-1492-4cf2-ab58-95f574bfaa72_2face0_324_94_341_490_00005.png,3.35,3.35,0 0 0 0
1cdfecc2-67b7-4ff6-ac4e-dcc00f06c2e9_302face0_585_598_128_168_00003.png,3.35,3.35,0 0 0 0
bcb81e62-1d3d-4bef-8557-89dcd613509f_302face0_280_70_432_577_00001.png,3.35,3.35,0 0 0 0
d32b4502-c88e-49ae-a829-772561d701bb_2face0_305_460_344_427_00001.png,3.35,3.35,0 0 0 0
f4c50c1e-7f60-4808-9376-0f766e55ad6b_302face0_159_493_226_303_00011.png,3.35,3.35,0 0 0 0
f75566b8-2efc-41b2-8aa4-1f086fcd4ecc_10000001face0_250_249_222_316_00001.png,3.35,3.35,0 0 0 0
00c0e9ea-ae0d-4fea-b8c3-dde7820ff6ad_1801face0_403_622_224_290_00001.png,3.35,3.35,0 0 0 0
24d057c3-8422-4b32-b717-23829a972751_2face0_394_370_212_297_00003.png,3.35,3.35,0 0 0 0
e1dfecd8-1da0-4644-97a5-fd63fab684be_1801face0_305_290_301_399_00001.png,3.35,3.35,0 0 0 0
87ff2600-92a4-45ae-b633-a64a62849df4_2face0_437_894_312_423_00001.png,3.35,3.35,0 0 0 0
a56da70c-e3b6-4ece-bb90-0cd2f209dfbe_2face0_369_231_380_532_00001.png,3.35,3.35,0 0 0 0
24a970b5-914d-4a9a-998d-13182163cb24_2face0_259_366_326_401_00001.png,3.35,3.35,0 0 0 0
9562d309-9a55-4236-b547-bd27ea7caaa4_2face0_326_330_418_532_00001.png,3.35,3.35,0 0 0 0
6ec2e0bb-cd10-4949-a2a6-2876d3a24e38_602face0_587_268_198_264_00011.png,3.35,3.35,0 0 0 0
cc7ed8d9-404d-48d7-8ddc-39d7e2737332_2face0_575_409_226_312_00001.png,3.35,3.35,0 0 0 0
1e679aa7-bdd9-499c-b6bc-f852140081c7_302face0_356_552_169_214_00001.png,3.35,3.35,0 0 0 0
d2bdf7ac-0ecb-4656-8a44-65f28e39d00b_302face0_230_404_344_473_00001.png,3.35,3.35,0 0 0 0
0a18fcfc-230a-436a-84f8-6d26cae37dee_2face0_131_616_256_301_00001.png,3.35,3.35,0 0 0 0
ff312b8c-a2b8-43b6-ac29-e2594c1ad240_602face0_186_256_232_296_00002.png,3.35,3.35,0 0 0 0
da29cef5-efe7-49ce-9a40-229962ffc713_302face0_521_371_218_290_00001.png,3.35,3.35,0 0 0 0
aca593df-4331-43c2-aeb7-9888b80cbeeb_2face0_392_507_263_340_00001.png,3.35,3.35,0 0 0 0
c3fa3399-bde6-438c-ac79-d4179773097b_2026face0_420_404_217_294_00001.png,3.35,3.35,0 0 0 0
b97884c9-e631-47a4-8ca1-477b05efe6cc_1801face0_269_343_277_366_00012.png,3.35,3.35,0 0 0 0
fed71ae9-1368-4708-bda2-d1d7e4db1363_302face0_470_441_273_358_00012.png,3.35,3.35,0 0 0 0
21dafba5-296b-4967-bcef-346a522aee1b_2face0_216_247_197_251_00005.png,3.35,3.35,0 0 0 0
0e2ec0e7-6804-4ea4-8680-e4d3d1020afe_2face0_473_518_299_405_00001.png,3.35,3.35,0 0 0 0
d9a68a00-4134-4fd6-8cee-e113f78b8f05_10001137face0_482_387_183_249_00001.png,3.35,3.35,0 0 0 0
e90d3d67-f9c1-4fc1-ace6-bce649b19ca7_1800face0_531_534_205_277_00001.png,3.35,3.35,0 0 0 0
237b227f-d8ff-43b4-9809-39803f592611_1798face0_390_714_235_327_00001.png,3.35,3.35,0 0 0 0
a99fc388-d879-43c5-bc3b-5f82a6a687ea_302face0_154_73_425_621_00007.png,3.35,3.35,0 0 0 0
6df99b27-d4ef-4297-b567-6bd1ec3c394b_302face0_476_521_280_362_00001.png,3.35,3.35,0 0 0 0
095427d2-b830-441a-a3ea-9c6cc6a39abb_2face0_585_710_158_207_00001.png,3.35,3.35,0 0 0 0
f7b730c2-496a-4139-a7c3-670a06992b40_302face0_545_384_210_286_00002.png,3.35,3.35,0 0 0 0
c5e7acb1-b517-426e-9ad6-2a6f543236f4_2face0_409_385_420_597_00002.png,3.35,3.35,0 0 0 0
40341db2-065d-4104-be5e-121124dc11b8_10003360face0_392_697_347_492_00001.png,3.35,3.35,0 0 0 0
712872b5-0bde-4b29-ae9e-8f1be73ea319_2face0_628_360_170_218_00005.png,3.35,3.35,0 0 0 0
342abe3e-69b2-44e7-9b9b-3da9c4e7fc5c_2face0_506_192_354_493_00001.png,3.35,3.35,0 0 0 0
8b60ab68-bf99-4a6d-8283-ec1f3317d18d_2face0_829_515_197_271_00012.png,3.35,3.35,0 0 0 0
f21a1af1-122f-4391-944d-f79a62a1fde5_10000080face0_211_205_669_849_00001.png,3.35,3.35,0 0 0 0
12e8ea08-37ba-4017-9304-530b066f7f6c_2face1_663_806_229_288_00001.png,3.35,3.35,0 0 0 0
f642f2af-9907-42f9-9ef3-152a0b8779c9_1800face0_458_878_232_299_00001.png,3.35,3.35,0 0 0 0
097ac3fc-eb8f-4ff3-919f-dbfe5507f547_1791face0_360_583_210_275_00001.png,3.35,3.35,0 0 0 0
a1f76c52-aadc-4b24-8d6e-07e5616cfe22_302face0_214_372_288_362_00011.png,3.35,3.35,0 0 0 0
2c2460dc-31be-4a8c-9a21-044ed231a900_302face0_365_340_205_271_00005.png,3.35,3.35,0 0 0 0
7cacf710-91b5-4151-bf10-c1dcbcfe5f2d_10000899face0_307_53_229_320_00001.png,3.35,3.35,0 0 0 0
8ed38823-9508-47d3-8f50-3eb590ea07a4_3000face0_203_289_291_397_00002.png,3.35,3.35,0 0 0 0
e7ed9704-86eb-492c-a757-6d7087ba2487_2face0_299_340_379_512_00001.png,3.35,3.35,0 0 0 0
5e49a867-6a58-4839-850f-a25e00ffdbac_602face0_594_157_364_481_00002.png,3.35,3.35,0 0 0 0
10ee230e-2c98-411e-a301-93de50b1cb86_2face0_335_198_176_210_00002.png,3.35,3.35,0 0 0 0
27e88494-8c06-47a0-b2ef-d704d8b8e0d6_302face0_428_488_237_312_00002.png,3.35,3.35,0 0 0 0
6d8a6cab-d877-44ac-97cd-70f799db39b2_3600face0_396_723_261_340_00001.png,3.35,3.35,0 0 0 0
2c087cd6-3124-4ffa-8893-f854cc2c1a18_2face0_464_767_257_351_00005.png,3.35,3.35,0 0 0 0
5a6d1e3c-dec9-457e-a740-dc8e18b1efae_602face0_663_340_196_257_00007.png,3.35,3.35,0 0 0 0
8189378e-ef42-4488-846c-7a342c0f4235_2face0_245_367_344_447_00001.png,3.35,3.35,0 0 0 0
7dbb20a9-08da-405b-b52f-04d0dc4d4846_302face0_332_403_148_194_00002.png,3.35,3.35,0 0 0 0
2706ef4c-9e32-48fa-bf8b-046a8a11eaf5_302face0_503_106_322_436_00005.png,3.35,3.35,0 0 0 0
40b41e54-435f-4908-a220-3fea9deaacc2_2face0_581_469_158_190_00009.png,3.35,3.35,0 0 0 0
ac45b577-f076-4a14-a54b-c67b0399dfbc_302face0_658_336_196_270_00001.png,3.35,3.35,0 0 0 0
20c25407-4c65-47bf-a116-21b8bf70cb22_602face0_410_280_243_338_00006.png,3.35,3.35,0 0 0 0
b153d63d-c33f-44aa-bf19-ded5677cbd63_1729face0_560_830_260_342_00002.png,3.35,3.35,0 0 0 0
f00a1e50-5aaa-4861-97ae-2e0d770cef6a_302face0_469_441_383_466_00001.png,3.35,3.35,0 0 0 0
c7b3edfb-ff3f-45fe-961b-ffb05f98d167_602face0_231_210_203_268_00002.png,3.35,3.35,0 0 0 0
7a07d16f-9cef-4a5b-b3fc-eab1270a7035_2face0_366_121_246_347_00001.png,3.35,3.35,0 0 0 0
e2299d93-2b3e-424d-9c22-d82e395caa5d_2face0_549_204_338_394_00009.png,3.35,3.35,0 0 0 0
133a970f-f449-4925-8f39-1bc728050de3_2face0_153_272_310_440_00007.png,3.35,3.35,0 0 0 0
ce5f9953-c0aa-49ca-bfdc-a70eca26cbca_2face0_57_107_558_754_00009.png,3.35,3.35,0 0 0 0
550ff317-5bdb-4770-b901-761fd3250eb2_1575face0_526_679_243_312_00001.png,3.35,3.35,0 0 0 0
e39655ee-9ebe-4da6-a4ad-008a678d8374_2face0_244_255_382_506_00001.png,3.35,3.35,0 0 0 0
dc7d738e-ea1f-4e81-a495-881b804c7d81_2face0_244_183_302_414_00001.png,3.35,3.35,0 0 0 0
6fb1ca40-2891-4b5c-baa5-2f7dbf7cd497_302face0_574_635_275_358_00001.png,3.35,3.35,0 0 0 0
8ee2ce86-c256-43da-8792-7ac9b45de28f_2702face0_477_321_467_630_00006.png,3.35,3.35,0 0 0 0
7dd84db9-efce-438e-b375-057d31c8b38e_4501face0_293_324_506_647_00003.png,3.35,3.35,0 0 0 0
a6d49ca3-712e-4edb-911a-34760af57940_10000082face0_329_166_274_370_00005.png,3.35,3.35,0 0 0 0
9a180f4d-4ab0-4eb1-b1a2-b9a2638354bb_10000001face0_671_326_235_323_00001.png,3.35,3.35,0 0 0 0
24d2af3f-4976-4996-a149-f16b88bde9dd_10000602face0_359_368_197_257_00001.png,3.35,3.35,0 0 0 0
9eef6ec8-8b00-48e3-8902-cb58b4729995_302face0_257_471_443_582_00003.png,3.35,3.35,0 0 0 0
1f3e4f0b-d465-4b39-a23f-7acbdb0fa4e1_2face0_616_745_165_227_00006.png,3.4,3.4,0 0 0 0
0037c872-1d35-461e-9015-1272e16c2cda_2face0_471_552_218_279_00001.png,3.4,3.4,0 0 0 0
c79dfa0d-d99c-4c61-affd-4837eef84995_902face0_495_345_259_358_00002.png,3.4,3.4,0 0 0 0
33a85d56-57cf-4c37-a542-47c9acb1d951_2face0_226_432_250_292_00003.png,3.4,3.4,0 0 0 0
d2fd0564-c3dc-41ae-87c5-bf78eaef45b6_2face0_132_226_491_588_00001.png,3.4,3.4,0 0 0 0
fbd25d58-7c85-44e5-8ce4-2bfc7bb71bec_2face0_226_156_756_1089_00009.png,3.4,3.4,0 0 0 0
c6346716-352a-4792-86d6-cfeb6a4acf5c_2face0_629_176_319_440_00001.png,3.4,3.4,0 0 0 0
7e4b2e08-e9c1-4626-9106-5080714cfc23_2face0_92_416_237_331_00012.png,3.4,3.4,0 0 0 0
bc822f0d-f0de-46e1-8bb3-acdb8770172a_2face0_258_356_375_521_00002.png,3.4,3.4,0 0 0 0
4a5c5633-bd38-4d15-9894-72a1d3d749e2_2face0_442_517_350_427_00003.png,3.4,3.4,0 0 0 0
c775bacc-e607-443f-b74f-51ebe13a0436_302face0_412_138_428_579_00001.png,3.4,3.4,0 0 0 0
50fef9d3-1160-4fb8-a7ea-16f25b77c04a_302face0_547_742_144_197_00007.png,3.4,3.4,0 0 0 0
ef02fce6-39af-43f9-8ef4-09232ede0cdd_2face0_322_356_343_429_00002.png,3.4,3.4,0 0 0 0
6ce916b8-9ce5-4c48-87fe-c090fa4be25f_2face0_205_177_454_647_00001.png,3.4,3.4,0 0 0 0
c05968b1-b1c3-4ce2-82ad-f633ab604852_10002072face0_382_601_287_357_00002.png,3.4,3.4,0 0 0 0
bf3383b9-f847-4ecc-9b0f-69328bd1c35f_2face0_264_357_394_505_00003.png,3.4,3.4,0 0 0 0
8510206a-cfa0-4e7c-ae62-9bb4294bbd7b_2face0_493_513_180_236_00001.png,3.4,3.4,0 0 0 0
6e55ed8e-e576-4190-a8aa-1d73c944fb3f_2face0_280_581_254_320_00011.png,3.4,3.4,0 0 0 0
dfae012e-9c17-44b9-be79-c24296c0bad2_2face0_487_554_443_601_00001.png,3.4,3.4,0 0 0 0
e76ab327-ef2e-47d2-8eff-6614495d8a24_2face0_341_133_571_706_00001.png,3.4,3.4,0 0 0 0
01e77976-3b8e-4e11-a842-a0e225640471_10000836face0_513_523_383_530_00001.png,3.4,3.4,0 0 0 0
e4ddc32c-1487-4151-a706-503aa80ceeec_2face0_459_416_161_236_00001.png,3.4,3.4,0 0 0 0
5c062922-ffe6-4b0a-aa1f-41437c5338b9_302face0_168_434_184_227_00001.png,3.4,3.4,0 0 0 0
1c3dbdc5-d350-477d-a70c-6c5dc40d09dd_2face0_361_583_145_188_00004.png,3.4,3.4,0 0 0 0
30cd4118-1ca7-4569-9b47-a0ac42945226_2face0_292_331_191_240_00001.png,3.4,3.4,0 0 0 0
496f58cd-a9fd-4c06-a4eb-5872df6c14e1_602face0_679_460_313_410_00001.png,3.4,3.4,0 0 0 0
d7285b2a-20f1-49e0-811c-88cdf9057a39_10000460face0_488_332_134_181_00002.png,3.4,3.4,0 0 0 0
816f0eb6-ec51-4b4d-926e-d99de1f5298a_2face0_413_317_179_229_00011.png,3.4,3.4,0 0 0 0
b587fd48-5ef5-4344-bd8b-29408b88069b_2face0_406_230_239_318_00008.png,3.4,3.4,0 0 0 0
7402334f-a7f7-4d41-9966-efcc798ff30e_2face0_520_570_144_181_00001.png,3.4,3.4,0 0 0 0
63d560e7-1783-401e-b353-a1e333bb3f15_10000145face0_349_54_196_260_00001.png,3.4,3.4,0 0 0 0
d816c695-afdd-425e-ae87-86f0994968b1_2face0_306_163_667_867_00001.png,3.4,3.4,0 0 0 0
0e195e14-ed08-49e2-ae3e-0635ade873bd_302face0_560_247_355_462_00001.png,3.4,3.4,0 0 0 0
4fc116fe-5e2c-4222-a4ce-598818b4eda0_2face0_371_462_331_416_00009.png,3.4,3.4,0 0 0 0
949b9180-ae37-49cc-9eb7-bfcd1f7cdb8f_602face0_80_590_364_438_00008.png,3.4,3.4,0 0 0 0
f6c7bd45-22d1-4dfb-8ae8-10a3d78a9fc7_10001179face0_386_513_301_345_00001.png,3.4,3.4,0 0 0 0
7024c0ee-64ff-4b46-8aa1-eb42d55d1238_302face0_491_513_428_510_00004.png,3.4,3.4,0 0 0 0
b7cc1966-05dd-41e1-a12c-e54ba7e6b247_2face0_620_494_170_216_00004.png,3.4,3.4,0 0 0 0
dcc716b6-58a5-44d5-bde2-aeb71709689d_2face0_520_446_496_632_00003.png,3.4,3.4,0 0 0 0
5ec646ca-fdd0-459c-b42d-64fb2fb05c49_2face0_594_736_257_357_00006.png,3.4,3.4,0 0 0 0
fa8d16e3-4284-4090-ae21-063dfb6d89f9_902face0_213_240_162_231_00001.png,3.4,3.4,0 0 0 0
939b7deb-91ae-42e1-8530-00b240962820_1801face0_454_947_200_286_00001.png,3.4,3.4,0 0 0 0
4a96191b-943f-42fd-93f8-aa9953adecdb_1202face0_500_226_205_266_00008.png,3.4,3.4,0 0 0 0
8b261cae-c886-46f8-abf7-33300b06be9d_602face0_482_474_172_231_00006.png,3.4,3.4,0 0 0 0
ec1ba7b8-eff0-4bb9-a6e4-37c00c2abbfa_1801face0_400_623_278_358_00001.png,3.4,3.4,0 0 0 0
40dd44f8-f5c7-4b94-9293-e152add77140_1754face0_305_485_229_308_00003.png,3.4,3.4,0 0 0 0
1b428056-f402-476b-9b33-13ce47307a8e_1802face0_409_679_345_458_00001.png,3.4,3.4,0 0 0 0
a6017553-ea4b-4355-8460-d26c8f3219bb_302face0_534_264_221_297_00004.png,3.4,3.4,0 0 0 0
913d0172-b1b0-4676-aca0-5d322234dd70_10000001face0_306_300_628_777_00010.png,3.4,3.4,0 0 0 0
801cdcab-dc59-4dd6-999b-e06d14028bd1_302face0_461_655_242_320_00001.png,3.4,3.4,0 0 0 0
9bab9c70-4f1b-4aa3-8ee7-ce58b6f3b806_2face0_353_429_494_654_00009.png,3.4,3.4,0 0 0 0
342d260b-5de9-45e9-8d19-f7a3cc4c357e_602face0_345_207_131_168_00002.png,3.4,3.4,0 0 0 0
64bfbd7b-bc94-4e4c-8f20-9c15819771fc_10001620face0_409_659_287_351_00001.png,3.4,3.4,0 0 0 0
bac773c9-6180-4b8b-a024-498dd6de4f98_2face0_316_198_438_560_00001.png,3.4,3.4,0 0 0 0
76a8d265-7a52-4902-a5f8-a9b890097d52_302face0_396_342_308_425_00002.png,3.4,3.4,0 0 0 0
0fa8ef71-43dc-470c-a907-9d211404ff38_1801face0_551_570_237_310_00001.png,3.4,3.4,0 0 0 0
6178b77a-c511-4b23-bb5f-1bc8177ddd99_2face0_398_396_303_381_00001.png,3.4,3.4,0 0 0 0
62e98bb1-13aa-4bc6-9f8c-84494b4482b0_2face0_113_193_695_902_00003.png,3.4,3.4,0 0 0 0
f5db7e65-c0f0-40d5-ba0e-3a5379e54c57_602face0_117_499_152_216_00005.png,3.4,3.4,0 0 0 0
dd78a139-5586-440f-b1f0-fe7288d77a6e_302face0_572_99_312_419_00001.png,3.4,3.4,0 0 0 0
3e3ca1b3-4360-4c4a-a083-6bb253ff102d_302face0_326_379_422_582_00001.png,3.4,3.4,0 0 0 0
9e08d198-e0dc-4723-9ea1-a77d5a48af32_1801face0_491_654_271_345_00006.png,3.4,3.4,0 0 0 0
c563c485-6966-4d6a-a16b-5af8d6084757_2face0_99_380_345_468_00002.png,3.4,3.4,0 0 0 0
df937d13-440b-40e6-9d9f-a201c2ba5aba_10000049face0_496_165_351_455_00001.png,3.4,3.4,0 0 0 0
49b85aeb-db28-43cc-81e5-7dbb61e66cf4_2face0_456_430_224_314_00001.png,3.4,3.4,0 0 0 0
3b14f9be-0550-44c3-8de3-45cb4fbfbed7_302face0_544_398_267_344_00001.png,3.4,3.4,0 0 0 0
488c0969-c710-4bc7-afea-b9f7b4c85ed0_2face0_444_250_242_312_00001.png,3.4,3.4,0 0 0 0
3bab684d-208d-4a8a-8c64-044aae0b3113_2face0_73_490_642_801_00003.png,3.4,3.4,0 0 0 0
ec20a01e-8b27-4416-a62a-cd0b41e1a251_10000586face0_193_299_201_290_00001.png,3.4,3.4,0 0 0 0
854e974b-63ac-4b89-81c4-9afdc795b305_3600face0_376_389_295_379_00001.png,3.4,3.4,0 0 0 0
b7a8047c-5eba-46ca-a18e-b9e5bff207ac_10000359face0_687_249_197_275_00004.png,3.4,3.4,0 0 0 0
e8fe854b-e41b-4df7-a259-09b1ef6557e2_2face0_394_612_282_364_00001.png,3.4,3.4,0 0 0 0
b15f281d-d060-455e-9d28-e1611bab7860_302face0_499_178_382_488_00012.png,3.4,3.4,0 0 0 0
f7cc8cac-3d6d-49fb-b16c-ef317d07891a_2face0_387_511_400_488_00004.png,3.4,3.4,0 0 0 0
8bd0a9ce-6895-4561-9c47-29900de7509d_2face0_351_356_630_838_00001.png,3.4,3.4,0 0 0 0
374b3e0c-a9d6-4a21-8b74-b748832e3b70_302face0_425_516_207_277_00001.png,3.4,3.4,0 0 0 0
887ecc23-3073-45be-911d-cb2f022010bc_2face0_475_668_287_349_00001.png,3.4,3.4,0 0 0 0
12fa3373-bbfc-44e7-885a-e84710e3c759_10001583face0_371_601_173_220_00010.png,3.4,3.4,0 0 0 0
bebc1608-7cbe-4d9f-8dc2-51d4784f9777_1801face0_501_445_232_314_00002.png,3.4,3.4,0 0 0 0
d16a2f88-5704-49ef-ac57-e9ab2d7c417e_1801face0_438_617_208_271_00001.png,3.4,3.4,0 0 0 0
ea387855-315a-4b4e-acaf-a132e9c8512e_2face0_647_423_204_271_00007.png,3.4,3.4,0 0 0 0
cb3ca8f4-470d-4ea3-b5fa-9df7032e4046_2face0_261_168_239_318_00004.png,3.4,3.4,0 0 0 0
cdd6fb17-0ce0-4088-9f68-b294beeac4a6_602face0_406_801_285_362_00002.png,3.4,3.4,0 0 0 0
b1cb98d6-5e26-421b-afc1-8c034e1f51a0_2face0_229_596_264_27100001.png,3.4,3.4,0 0 0 0
205b2d46-fb19-4206-adad-6ab37c043d35_2face0_75_299_253_342_00006.png,3.4,3.4,0 0 0 0
50eae631-2c8d-4d0d-aa5b-1c3d52bed312_2face0_421_233_264_344_00002.png,3.4,3.4,0 0 0 0
adaed253-7c42-43f4-a047-75c8329705f3_302face0_359_459_362_449_00001.png,3.4,3.4,0 0 0 0
5da6c556-b820-476a-8701-e4f20f781e53_2face0_52_653_210_271_00008.png,3.4,3.4,0 0 0 0
bd6dff6d-9829-44e9-8e07-63426e28f71e_10002637face0_458_358_270_371_00001.png,3.4,3.4,0 0 0 0
d27f9eae-3a6f-44cf-b04c-882fc8a2b117_302face0_517_240_148_186_00003.png,3.4,3.4,0 0 0 0
bc7b4b38-1fa1-4e41-84ae-dd0286fdf19e_1802face0_154_348_725_978_00004.png,3.4,3.75,0 0 0 0
524083b9-c6af-47ac-8349-d859a559cccd_2face0_302_492_646_845_00001.png,3.4,3.4,0 0 0 0
d128ef1d-9d0f-4994-9e59-ce5549a1fc9d_2face0_378_576_218_283_00001.png,3.4,3.4,0 0 0 0
ec876c56-7ede-4c59-a499-b379a99b9306_902face0_585_99_394_536_00005.png,3.4,3.4,0 0 0 0
eb90a860-9d5d-4b4c-9131-f64e78640ce1_2101face0_514_690_141_194_00001.png,3.4,3.4,0 0 0 0
85d7bbdf-a6cd-4095-8ee7-39587a67f74e_302face0_272_61_253_366_00001.png,3.4,3.4,0 0 0 0
917f78ef-f434-4454-bc96-08071a0f8893_902face0_412_62_330_469_00003.png,3.4,3.4,0 0 0 0
533fa92c-14a0-454c-a36b-447cfb4619d7_302face0_309_445_156_201_00009.png,3.4,3.4,0 0 0 0
5a923e2d-d0d8-48b6-8f62-a91373bfa331_2face0_367_440_411_567_00001.png,3.4,3.4,0 0 0 0
93c6841b-0898-42b1-b605-20db14d6b83c_2face0_358_471_275_377_00001.png,3.4,3.4,0 0 0 0
35645c06-8f9a-4ff0-a74c-71f22584fa20_302face0_458_394_183_240_00009.png,3.4,3.4,0 0 0 0
82859bbd-7c1a-454c-8fcf-1912448999f0_302face0_417_682_284_362_00009.png,3.4,3.4,0 0 0 0
df0ab2da-81f5-44d4-bfbc-58496c9a8c2b_902face0_344_236_567_756_00012.png,3.4,3.4,0 0 0 0
66ec56b3-db1d-485b-8b52-6b3ed891281e_302face0_456_637_400_508_00002.png,3.4,3.4,0 0 0 0
49e721a9-5e9e-4b5b-b41a-0876ed67e0d5_602face0_178_118_282_353_00002.png,3.4,3.4,0 0 0 0
e5432c4f-c578-4c23-9f46-cdae10f5bf37_2face0_388_475_298_395_00001.png,3.4,3.4,0 0 0 0
6fe365be-6039-4097-b499-2c9cea167d47_10001790face0_367_358_277_357_00001.png,3.4,3.4,0 0 0 0
e0996584-3499-4356-be0c-5f0ff4cdaeb7_2face0_410_356_218_292_00001.png,3.4,3.4,0 0 0 0
df79c1ca-4ff7-4464-8c0e-40939bf72c37_2401face0_354_528_281_358_00004.png,3.4,3.4,0 0 0 0
b3e52980-903e-467c-9d12-09842b2181f8_2face0_103_290_348_456_00001.png,3.4,3.4,0 0 0 0
718efeab-4d05-48cb-bfbd-bb7a6067a1ef_603face0_273_429_680_952_00006.png,3.4,3.4,0 0 0 0
52cc70f9-67cd-4c9c-bc8b-5c5707b92592_302face0_486_88_299_423_00001.png,3.4,3.4,0 0 0 0
f714d777-ee14-4f26-8ce1-f35c39ec448d_302face0_454_481_190_249_00004.png,3.4,3.4,0 0 0 0
fe4901d6-3fd3-494b-9e85-7f0014435750_1789face0_422_782_254_340_00001.png,3.4,3.4,0 0 0 0
850978f7-7139-486a-9c7d-8fc13097b4f6_302face0_652_273_229_301_00001.png,3.4,3.4,0 0 0 0
77a607c4-d1be-450e-986c-0beddd7e0122_302face0_398_376_257_321_00001.png,3.4,3.4,0 0 0 0
e3e07779-d0bf-4507-91fb-1ef96f80c4b5_302face0_327_265_219_24100005.png,3.4,3.4,0 0 0 0
816a2427-750c-41b7-9a32-1e3b531dd6cc_10001866face0_369_441_163_201_00002.png,3.4,3.4,0 0 0 0
50cedfbf-be28-4073-adf4-df2f96ead251_2face0_522_344_184_231_00001.png,3.4,3.4,0 0 0 0
8e2a7a7f-0f5f-40da-b6aa-3fb1e0edaf18_2face0_382_164_646_852_00003.png,3.4,3.4,0 0 0 0
460a72e6-c215-425e-a8c5-1f6157be3014_302face0_368_537_194_262_00001.png,3.4,3.4,0 0 0 0
61632c48-a96e-4863-b5fd-e1b8f56c2681_2face0_360_819_337_418_00001.png,3.4,3.4,0 0 0 0
e95aaa6b-a60d-4506-b861-c416a12b521e_302face0_264_216_316_431_00002.png,3.4,3.4,0 0 0 0
3af34f13-9a97-4005-b444-8a5b8227adf7_2face0_218_166_387_536_00001.png,3.4,3.4,0 0 0 0
710266a6-861e-4d9e-b5a3-6debb6993928_302face0_291_201_281_382_00001.png,3.4,3.4,0 0 0 0
65377311-771e-4e87-b14d-3680729613f5_302face0_505_164_369_510_00001.png,3.4,3.4,0 0 0 0
cb1caa8e-d0b6-4e5f-8ac6-7e054409ee03_1801face0_362_187_226_297_00005.png,3.4,3.4,0 0 0 0
ede8824f-d0cf-49ff-b183-1bbdb9505b4f_2face0_50_323_366_473_00002.png,3.4,3.4,0 0 0 0
6bb29a0c-3e17-4254-9145-45e056e1971b_302face0_316_731_177_233_00001.png,3.4,3.4,0 0 0 0
2da5a8bb-8822-4088-b3fa-267837e514b7_2face0_421_116_392_482_00012.png,3.4,3.4,0 0 0 0
550c7029-cf84-49c9-b217-243af92e3b7d_10001657face0_164_179_575_730_00001.png,3.4,3.4,0 0 0 0
f9af7d57-bdd6-4f2d-81e8-6a17041ed039_602face0_233_551_312_416_00001.png,3.4,3.4,0 0 0 0
2c507c5b-d19b-4f3b-8e44-da9382ec4ec2_302face0_371_842_257_323_00003.png,3.4,3.4,0 0 0 0
2a928f52-0a02-473e-9ae3-1f70b0c60d71_2face0_88_341_274_362_00010.png,3.4,3.4,0 0 0 0
b38845fd-96f7-45c0-a1a3-10bae35885ce_2face0_395_443_177_240_00001.png,3.4,3.4,0 0 0 0
296e8cd2-c4a5-4989-97b2-fcf1c8750b8c_302face0_184_277_431_553_00001.png,3.4,3.4,0 0 0 0
632ba1fd-7164-4f68-88fb-7df14a3cb568_2face0_542_397_375_508_00006.png,3.4,3.4,0 0 0 0
7ba3830c-ea1b-4acc-99c9-e4e68828fa51_2face0_335_358_295_399_00001.png,3.4,3.4,0 0 0 0
c0f626eb-2fc3-470c-bab4-ec18bcc91b05_2face0_342_329_438_555_00001.png,3.4,3.4,0 0 0 0
693f5848-bf49-408c-8889-b2843847c94b_2face0_72_209_634_838_00006.png,3.45,3.45,0 0 0 0
cdd20853-e917-43f6-8596-d9edcbc6c6d7_302face0_494_678_169_255_00007.png,3.45,3.45,0 0 0 0
f18913f9-faf9-4b61-9960-08e57263639f_2face0_442_406_156_197_00001.png,3.45,3.45,0 0 0 0
3c9e4c1d-a993-4a8f-8bfc-3b8453db5a50_2face0_205_309_503_641_00002.png,3.45,3.45,0 0 0 0
c57ea4ff-29d5-4649-9b15-f19a09befbce_2face0_490_617_260_314_00001.png,3.45,3.45,0 0 0 0
0421d385-d729-4745-b08e-1128858fce0a_2face0_431_485_187_253_00003.png,3.45,3.45,0 0 0 0
8775eec9-e752-4d74-9a95-dcb3a2673678_302face0_759_912_154_190_00009.png,3.45,3.45,0 0 0 0
f58e731e-c555-4f07-8eef-9108c4db0b20_2face0_330_195_581_758_00006.png,3.45,3.45,0 0 0 0
d0cec0e0-1bac-4f08-b10d-3ecb6798fa5c_602face0_308_234_287_401_00004.png,3.45,3.45,0 0 0 0
a4407019-bed1-4a10-92aa-4c2e3cd1d7e3_10000000face0_380_282_303_438_00001.png,3.45,3.45,0 0 0 0
e0373ac5-72de-4223-886e-87a4904779cd_302face0_303_326_280_401_00001.png,3.45,3.45,0 0 0 0
40753913-4773-4da9-8ec8-1ee46c01f4bf_2face0_362_833_224_290_00004.png,3.45,3.45,0 0 0 0
aa78bfe0-51ba-41e1-a0a9-0877023838ab_2face0_105_101_354_466_00001.png,3.45,3.45,0 0 0 0
318fc5c5-1f5a-4580-b65b-d17d965357eb_2face0_312_166_232_310_00005.png,3.45,3.45,0 0 0 0
45b2dee7-3eb4-4715-97a2-18ae3a038452_2face0_470_121_257_342_00001.png,3.45,3.45,0 0 0 0
f1e8efe5-c9d8-47c5-a898-73a58817d0f4_302face0_445_230_306_425_00001.png,3.45,3.45,0 0 0 0
9e40eb9c-211a-4b84-908a-9744560b9d38_602face0_256_450_309_375_00010.png,3.45,3.45,0 0 0 0
10fb2e75-0d7f-4a7b-9b67-c7185afdda74_302face0_128_623_456_540_00004.png,3.45,3.45,0 0 0 0
d39a82c6-af6f-45f5-a177-7e5fdb69f535_302face0_365_292_294_403_00009.png,3.45,3.45,0 0 0 0
a44838ba-91da-4ef9-be68-c30da2b8a4c8_302face0_395_654_237_310_00001.png,3.45,3.45,0 0 0 0
ec0d7377-d264-4683-a0d4-ba4c19b11e81_902face0_416_112_499_678_00004.png,3.45,3.45,0 0 0 0
be84c829-4128-4af3-ac50-d61f6d1b94b3_2face0_187_518_595_754_00001.png,3.45,3.45,0 0 0 0
290f5e56-c3e7-4f80-bf1a-8936864974ef_10000275face0_280_196_569_736_00004.png,3.45,3.45,0 0 0 0
fef71222-0420-4c55-8422-23c6ac618a8a_10000001face0_403_653_268_320_00012.png,3.45,3.45,0 0 0 0
488717b6-e379-45d0-91b9-9d8401eeb6b9_1774face0_164_351_211_281_00002.png,3.45,3.45,0 0 0 0
30be30ce-f61b-4485-b5c7-d5b9d2ba60b1_2face0_691_788_135_181_00006.png,3.45,3.45,0 0 0 0
e8d76bb2-66f4-4607-8dbe-144a62825b96_1800face0_351_620_173_229_00001.png,3.45,3.45,0 0 0 0
3d9826d3-da08-4b94-b98c-c7d9dc9eb209_2face0_219_163_537_712_00009.png,3.45,3.45,0 0 0 0
5f54b67d-4f66-404d-8916-36234735cac8_2face0_390_398_207_281_00008.png,3.45,3.45,0 0 0 0
309d26cd-24f4-4679-a97d-5c29803a9194_2face0_299_338_442_556_00003.png,3.45,3.45,0 0 0 0
f1d339ae-f325-4fc5-a0d0-13da4b6c0c90_2face0_147_447_656_832_00009.png,3.45,3.45,0 0 0 0
febcc890-44b3-4e2d-9f21-f6d7641464f0_1801face0_68_843_196_266_00004.png,3.45,3.45,0 0 0 0
03831d75-db0e-4743-a2d0-edfaf746b6b3_2face0_446_366_225_312_00001.png,3.45,3.45,0 0 0 0
97193186-f1a0-4731-91c8-20a6cb87e317_2face0_399_321_215_281_00001.png,3.45,3.45,0 0 0 0
9165187c-88d5-43e5-a076-6124b301aa33_2face0_420_505_212_273_00001.png,3.45,3.45,0 0 0 0
de29058e-7b5d-4f97-8576-0cf5bbebb3fe_2face0_436_634_247_333_00009.png,3.45,3.45,0 0 0 0
8297ede1-b960-4949-b123-ac0a853b0dab_302face0_362_103_257_358_00007.png,3.45,3.45,0 0 0 0
ab674543-7c2e-45fc-8124-be504233f6ea_2face0_74_218_324_434_00001.png,3.45,3.45,0 0 0 0
67d148ba-2eab-46f5-b910-b39c9fceb1e5_10000096face0_253_317_177_229_00001.png,3.45,3.45,0 0 0 0
dbb26efb-5975-4ea7-9c80-4185d29ab0c3_902face0_301_183_158_205_00002.png,3.45,3.45,0 0 0 0
ac72f701-990a-499d-875c-ec8a6159f9a0_302face0_153_496_320_407_00004.png,3.45,3.45,0 0 0 0
a8966f55-ea6b-45b0-85b4-59ce620922e2_602face0_274_509_237_301_00001.png,3.45,3.45,0 0 0 0
710151c6-46a5-4169-bcc2-f9b32ba9aa40_1202face0_283_518_175_223_00012.png,3.45,3.526315789473684,0 0 0 0
489a9ef9-c310-4753-92d3-5dd505834e9e_302face0_671_630_340_444_00002.png,3.45,3.45,0 0 0 0
0837a852-28a9-4c78-9828-eedc50649703_2face0_140_648_310_405_00003.png,3.45,3.45,0 0 0 0
8113215c-16f0-4ad8-ab28-784c7af21ffc_10000582face0_391_607_151_201_00006.png,3.45,3.45,0 0 0 0
fb93858e-a72a-4e5d-8bb8-662f77265647_302face0_402_472_148_203_00006.png,3.45,3.45,0 0 0 0
5194fa96-dbf6-429f-8bc3-d43c4d8912c6_302face0_430_123_351_464_00009.png,3.45,3.45,0 0 0 0
8241edac-b79e-441b-af0b-805271857659_302face0_362_136_162_218_00006.png,3.45,3.45,0 0 0 0
e266b03a-7e1e-4370-b5f6-7a689f81165c_302face0_591_101_301_469_00002.png,3.45,3.45,0 0 0 0
6b404419-540d-4962-b869-d863bb1a39ea_302face0_140_354_648_884_00007.png,3.45,3.45,0 0 0 0
31de88c7-28d5-4c06-aeba-bb5d25744d24_2face0_350_76_355_488_00001.png,3.45,3.45,0 0 0 0
d701e38f-a394-4a6e-ae1b-1b8d0f7519dd_2face0_394_407_232_301_00003.png,3.45,3.45,0 0 0 0
f5db9d25-a9ed-41e7-ac52-9fae578c532b_2face0_178_548_393_493_00010.png,3.45,3.45,0 0 0 0
a73137be-2ad7-4c14-8a31-4718a052dc3c_2face0_515_233_190_260_00008.png,3.45,3.45,0 0 0 0
b0d1bc95-89ba-4340-a540-5ed9b226415f_2face0_192_304_709_917_00002.png,3.45,3.45,0 0 0 0
45d58b60-2a3c-41aa-bc06-8459b3e285e7_2face0_453_278_237_314_00001.png,3.45,3.45,0 0 0 0
fefc738c-72e9-4329-8628-04883ca7b741_902face0_230_388_196_244_00001.png,3.45,3.45,0 0 0 0
b4d3c03a-f606-445f-874d-44adcc9b5cf0_2face0_288_465_438_575_00002.png,3.45,3.45,0 0 0 0
5b8e2d70-526e-4a0b-9b7c-cf58c60a39a8_2face0_402_444_274_353_00001.png,3.45,3.45,0 0 0 0
d9109490-eef9-4f35-a283-38f1c5933d51_2face0_120_639_162_223_00005.png,3.45,3.45,0 0 0 0
1513ec79-327e-4bb3-94c6-e9e207f003fd_602face0_344_400_144_196_00010.png,3.45,3.45,0 0 0 0
73587c9a-0ddd-4dca-9f92-3e4538d5faff_2face0_351_593_316_410_00002.png,3.45,3.45,0 0 0 0
6f8fe752-e028-4500-b3b1-2d5baf439bce_2face0_440_402_176_231_00004.png,3.45,3.45,0 0 0 0
61294598-ce28-476e-98fc-ed75c8082052_302face0_397_168_292_456_00001.png,3.45,3.45,0 0 0 0
1fdd1ff1-99f1-4775-b5f7-c6e15a8ee4c4_1801face0_556_242_237_320_00002.png,3.45,3.45,0 0 0 0
c30b33ae-5a12-4fcf-bc03-820600d7c89a_2face0_167_220_482_654_00001.png,3.45,3.45,0 0 0 0
fe7ac56e-084d-4bcc-9bbd-06b5731ef2f8_302face0_203_387_520_632_00001.png,3.45,3.45,0 0 0 0
db797950-2a3a-4378-bcc9-20e1fb2d817d_2face0_323_1015_390_508_00001.png,3.45,3.45,0 0 0 0
c659fa2a-39f1-48b5-8b59-0ed1734b2373_1801face0_312_629_420_547_00001.png,3.45,3.45,0 0 0 0
edeed279-21cd-4032-a237-b94c912d500a_2face0_368_457_306_434_00001.png,3.45,3.45,0 0 0 0
c25a71b2-aff3-4559-9eb7-152214d56963_2face0_122_1232_134_173_00002.png,3.45,3.45,0 0 0 0
a7e0ba58-dfae-469c-a7f3-8261511ec2ec_2face0_276_412_498_667_00001.png,3.45,3.45,0 0 0 0
6b185ffc-dbbe-44f9-a1e9-756e87ffe42e_2face0_137_303_709_900_00006.png,3.45,3.45,0 0 0 0
48207042-49d0-4284-a71a-d0e1fc7939e5_902face0_490_707_116_11900006.png,3.45,3.45,0 0 0 0
076ee780-731e-4382-8631-2c50d1357c28_2face0_334_634_305_368_00001.png,3.45,3.45,0 0 0 0
a99b4330-a747-4ca0-afef-d9212a0f22fe_2face0_293_1119_355_455_00001.png,3.45,3.45,0 0 0 0
f3a9d909-8bd8-4a30-8e25-1e6f594f3935_1800face0_323_266_154_199_00001.png,3.45,3.45,0 0 0 0
53adedfc-e3ed-40ab-9c32-83f50be60375_302face0_494_230_151_220_00001.png,3.45,3.45,0 0 0 0
7184daaf-2c19-4fc0-a1cf-976aadc0c656_2face0_305_534_125_168_00006.png,3.45,3.45,0 0 0 0
a14a9f01-a46f-402e-b015-2fc576675a59_2face0_421_1216_313_401_00001.png,3.45,3.45,0 0 0 0
293ebc2e-2abd-4b6b-80d3-694cbb1f06f3_10000980face0_407_167_193_259_00001.png,3.45,3.45,0 0 0 0
54ffde7b-7aa3-4e9a-8bd5-0203eb50245e_2101face0_557_217_340_449_00002.png,3.45,3.45,0 0 0 0
d11efa54-d966-4b89-b116-c3a3f48b4059_2face0_440_406_173_249_00011.png,3.45,3.45,0 0 0 0
824c69a2-2390-4025-99e5-7e04be992294_2face0_494_471_250_334_00001.png,3.45,3.45,0 0 0 0
490268fd-f218-443a-8130-3c1ef29478ed_2face0_419_316_512_662_00006.png,3.45,3.45,0 0 0 0
91c676a0-8a4c-4eaa-90ea-92af136fcea6_2face0_442_341_292_397_00001.png,3.45,3.45,0 0 0 0
88a11f84-cbbf-4699-bf1a-b914489f0bbc_10000001face0_380_132_275_370_00001.png,3.45,3.45,0 0 0 0
64e6dc3f-4950-482b-88aa-a5720ce0bad2_2face0_395_302_175_233_00003.png,3.45,3.45,0 0 0 0
c5313221-abe9-4a4d-bf39-72c2713252d7_10001790face0_217_154_365_486_00003.png,3.45,3.45,0 0 0 0
b0af3a1a-ea97-4b17-9eb4-84263b5ff628_1800face0_355_105_281_392_00010.png,3.45,3.45,0 0 0 0
53270d26-b3f2-44fd-8991-f1d89c09ded2_302face0_299_414_499_667_00002.png,3.45,3.45,0 0 0 0
a1619c0e-75df-4331-9d93-f8d9a0530667_2face0_208_109_508_684_00007.png,3.45,3.45,0 0 0 0
e97a3911-5267-44f2-ac27-e3a5734a3d71_10000001face0_429_574_179_242_00001.png,3.45,3.45,0 0 0 0
1dd21980-4bfa-43b3-9e2b-f472b5e5e8b2_302face0_279_180_179_249_00002.png,3.45,3.45,0 0 0 0
45d4098a-fc4d-47c0-8a1e-7b13cd2dd167_2face0_390_449_329_449_00001.png,3.45,3.45,0 0 0 0
af84fbd3-688a-42d2-a4d2-0c459ac0c88f_302face0_281_302_250_360_00010.png,3.45,3.45,0 0 0 0
d5e79062-35df-4ce1-99fb-a205e2a25c02_302face0_632_480_326_499_00002.png,3.45,3.45,0 0 0 0
fde75dcf-7450-4a20-876c-3b0a235f0f1e_10000906face0_419_553_386_512_00002.png,3.45,3.45,0 0 0 0
eeff9f54-8e6a-4969-b29b-314cd892e270_2face0_847_538_154_192_00011.png,3.45,3.45,0 0 0 0
15e2bd65-0020-4f50-83a8-8fb1c090b91b_602face0_734_447_145_16300002.png,3.45,3.45,0 0 0 0
27a5c68a-0516-4ced-9676-a9dac375db4f_2085face0_486_536_210_277_00001.png,3.45,3.45,0 0 0 0
7ca7e801-012c-4784-9769-79beb03cdb28_3601face0_374_756_277_331_00001.png,3.45,3.45,0 0 0 0
27135740-50d1-41ef-bbc3-c07f0c277017_602face0_449_398_163_220_00010.png,3.45,3.45,0 0 0 0
db627da7-57bb-47c2-93d4-9793e24a203d_2face0_194_128_420_542_00001.png,3.45,3.45,0 0 0 0
afc753d5-e04b-498c-bda8-c619978ef5e2_302face0_305_508_190_242_00001.png,3.45,3.45,0 0 0 0
efa0855e-0777-44a7-bb46-e9390851f6bd_10001191face0_444_635_253_329_00001.png,3.45,3.45,0 0 0 0
8161bb1d-8ca7-47f7-adff-cbbe31f41afe_2100face0_286_745_341_438_00001.png,3.45,3.45,0 0 0 0
6e27393e-4168-49c2-a176-75074997e72b_10000289face0_425_796_242_333_00001.png,3.45,3.45,0 0 0 0
d093a20c-94e3-4fd7-8eba-0db80acc2f05_302face0_457_375_270_381_00004.png,3.45,3.45,0 0 0 0
4ae745d3-cdf2-482a-9879-ae4fc6612af5_1202face0_402_85_260_353_00006.png,3.45,3.45,0 0 0 0
1c9562b9-10b5-4c5b-bc36-6aa044cf9e23_302face0_510_232_197_268_00004.png,3.45,3.45,0 0 0 0
b5190845-84d6-4d8a-a152-ee2217a14f5e_2face0_376_206_253_370_00002.png,3.5,3.5,0 0 0 0
354c6261-aa2b-4830-8a31-f8c4fe0fe9b5_2face0_568_459_183_244_00010.png,3.5,3.5,0 0 0 0
1f29df46-ebf1-4b2f-8477-97d2177ca625_1799face0_79_341_222_316_00005.png,3.5,3.5,0 0 0 0
a06e6439-7fce-4ff6-bd97-e9dba2af6a24_3301face0_551_651_264_342_00002.png,3.5,3.5,0 0 0 0
76aba222-078f-456a-b0fd-d10b54c5f38f_2face0_506_717_205_251_00003.png,3.5,3.5,0 0 0 0
1d0118f8-4c0a-4f86-9f43-fae35f5dd2f5_302face0_399_565_176_236_00001.png,3.5,3.5,0 0 0 0
35b99685-1d7e-4292-b846-091413412360_2face0_74_311_133_168_00005.png,3.5,3.5,0 0 0 0
98c1aa6f-a176-41f7-8438-c3d6aa9c1b43_302face0_392_383_221_314_00010.png,3.5,3.5,0 0 0 0
1f835c7d-c185-4ee5-be55-3608627f2f61_2face0_227_195_526_697_00012.png,3.5,3.5,0 0 0 0
906dadbd-df69-4236-9aa7-ba0ab837a770_2face0_355_687_289_373_00001.png,3.5,3.5,0 0 0 0
267df731-cec4-49f3-b3fb-f8476a85b023_10000301face0_421_629_337_445_00004.png,3.5,3.5,0 0 0 0
690a987f-0bb9-4fd9-ba21-598b2e2514b0_2face0_416_417_214_283_00004.png,3.5,3.5,0 0 0 0
6395a079-4e4a-40d3-a74d-013a181202f7_2face0_313_242_205_271_00001.png,3.5,3.5,0 0 0 0
865afdf2-290e-41d1-876f-3d16f119aeee_602face0_490_298_194_257_00001.png,3.5,3.5,0 0 0 0
8ef65725-7796-4df8-a9ab-5eb0dbecda52_2face0_244_156_345_455_00002.png,3.5,3.5,0 0 0 0
9f4e8293-8b15-40a1-b2eb-baca40f9fbe0_2face0_434_320_263_345_00001.png,3.5,3.5,0 0 0 0
5f03c555-9e3f-41dd-a4c2-8e1cc236076f_2face0_438_385_354_468_00008.png,3.5,3.5,0 0 0 0
07acc092-877f-421a-bb3c-129ef4e6876c_602face0_384_452_281_370_00007.png,3.5,3.5,0 0 0 0
43e5956f-cb95-407e-a54b-b40a65d28df5_602face0_426_221_221_308_00001.png,3.5,3.5,0 0 0 0
dc5ca2d7-5201-49f6-9ebe-eb2d41fd9d93_10000001face0_232_61_499_662_00001.png,3.5,3.5,0 0 0 0
62ac28db-4b11-44e3-873e-bc62c6df086e_2face0_346_230_413_530_00002.png,3.5,3.5,0 0 0 0
74f13b50-f3df-4afb-8598-e28e3a87d69b_10000787face0_379_373_141_185_00006.png,3.5,3.5,0 0 0 0
a4fbc963-298a-45c7-96d0-08db0b474c9e_302face0_467_600_155_214_00002.png,3.5,3.5,0 0 0 0
8c2f3960-bacd-406b-a0f3-c1c7767ebaaa_2face0_415_611_212_266_00001.png,3.5,3.5,0 0 0 0
0a9a4fce-74ce-4efe-b018-1028d45f926d_2face0_112_452_350_453_00010.png,3.5,3.5,0 0 0 0
247a96bb-f9c9-4559-890a-36ecc54380bf_302face0_416_168_308_403_00002.png,3.5,3.5,0 0 0 0
9a178d52-33f1-4e45-8f8c-47bf81bfd4e4_1718face0_372_672_249_312_00001.png,3.5,3.5,0 0 0 0
8cd738cf-1837-4330-8c9d-a6fc9cddbe7b_302face0_249_210_198_275_00001.png,3.5,3.5,0 0 0 0
17894d94-4979-4cd9-84a3-8e31ef6c958f_302face0_186_485_390_506_00001.png,3.5,3.5,0 0 0 0
fc44c773-9ba4-4f22-ab17-0c108141647d_302face0_640_348_184_260_00011.png,3.5,3.5,0 0 0 0
c4bf5f34-b7c5-4018-9a40-f337fa8914da_902face0_221_281_352_475_00005.png,3.5,3.5,0 0 0 0
44d89756-47ee-414f-bb43-fb7cb977a45b_1855face0_409_185_193_260_00001.png,3.5,3.5,0 0 0 0
0a37b8b5-98de-4e29-8802-bc8158e6c6a5_2face0_158_319_271_360_00009.png,3.5,3.5,0 0 0 0
8b060db0-ac53-47fb-97e2-284d63de5dfc_2face0_170_277_525_641_00001.png,3.5,3.5,0 0 0 0
aef9c09e-0985-42ba-9717-5a25093008e4_2face0_384_227_611_849_00001.png,3.5,3.5,0 0 0 0
7b8ebffa-8186-485d-8f8d-6d6c59a6a633_2face0_672_655_274_366_00001.png,3.5,3.5,0 0 0 0
99433218-0004-4b81-9330-8cb60bc41449_2face0_372_400_365_492_00001.png,3.5,3.5,0 0 0 0
62ec1305-34e1-4cff-b7f4-c884c445d5a8_2face0_146_402_173_222_00004.png,3.5,3.5,0 0 0 0
62abc56d-0f01-4c89-baf2-c526139e7c7b_2face0_318_346_555_710_00001.png,3.5,3.5,0 0 0 0
000899d3-9763-40ee-8fc3-5ba8fe32ad98_302face0_563_721_141_190_00002.png,3.5,3.5,0 0 0 0
7ff1169f-0685-4a5e-adf6-5c11be51e6f4_2face0_249_321_301_436_00001.png,3.5,3.421052631578948,0 0 0 0
350f65cd-31e3-4899-b535-b688164637d6_302face0_713_174_282_371_00009.png,3.5,3.5,0 0 0 0
397e5986-fdd4-4791-8c26-e6f6cb0556fe_2101face0_518_491_236_305_00001.png,3.5,3.5,0 0 0 0
753ae27c-6e00-451f-a993-2086116e140b_2face0_440_490_368_510_00004.png,3.5,3.5,0 0 0 0
53b1501f-1490-4121-b6b2-53441a80d9fb_2face0_673_843_142_183_00008.png,3.5,3.5,0 0 0 0
7ca1f2e4-2285-4a2e-b529-e825ff84b866_2face0_416_121_326_464_00004.png,3.5,3.5,0 0 0 0
949a31c5-a73f-4430-9856-31913a3c095d_2face0_236_394_404_534_00003.png,3.5,3.5,0 0 0 0
18fc2b3f-17ef-4283-9b2a-be66f25df12a_902face0_575_202_267_399_00002.png,3.5,3.5,0 0 0 0
ee8440ca-97a0-48c5-b441-ba365dccd830_302face0_574_449_217_296_00001.png,3.5,3.5,0 0 0 0
5d41692a-01e7-412e-bc78-b98a7819738d_2face0_307_314_165_222_00001.png,3.5,3.5,0 0 0 0
3df6959b-52a3-4881-b7c0-754582022af9_10000008face0_479_788_261_333_00001.png,3.5,3.5,0 0 0 0
1e7f7c83-adcb-486c-8b3a-b716732d7cf4_302face0_466_307_156_220_00008.png,3.5,3.5,0 0 0 0
d114ac94-03e0-43d9-b663-a9ac120f492d_302face0_292_224_266_357_00006.png,3.5,3.5,0 0 0 0
da54f77f-f43e-4e2e-9d89-3fa0f1e19c4e_2face0_374_404_400_506_00001.png,3.5,3.5,0 0 0 0
89a346df-ce77-41ef-afd5-d85a4ae01907_2face0_361_52_240_320_00002.png,3.5,3.5,0 0 0 0
04200cd0-2e2c-4e14-9a5c-952f01e1f087_2face0_514_318_212_279_00009.png,3.5,3.5,0 0 0 0
eda3ddb8-6b51-42e6-97b3-b052a100b384_302face0_423_296_337_458_00001.png,3.5,3.5,0 0 0 0
41523c33-c9e4-400b-82e8-9734aaa9a56b_2face0_260_173_488_667_00001.png,3.5,3.5,0 0 0 0
2c50a8a7-64b4-4853-ad7a-b0726fa3b5eb_1801face0_402_705_310_399_00001.png,3.5,3.5,0 0 0 0
7354eb08-d8ce-4ba0-8ad8-cc201a9eca0e_2face0_78_57_635_858_00001.png,3.5,3.5,0 0 0 0
17fd1014-2b9b-4b52-bd54-159cbebd75aa_302face0_436_827_133_175_00001.png,3.5,3.5,0 0 0 0
3b78c68c-ed44-4d5d-a98b-e83bc27df314_2face0_239_384_366_512_00009.png,3.5,3.5,0 0 0 0
22410b14-81cc-4025-ad62-9f7994cd258c_1799face0_500_441_205_271_00001.png,3.5,3.5,0 0 0 0
163dc1e1-9061-4b82-9891-2ff1434724c2_10001784face0_448_718_229_296_00004.png,3.5,3.5,0 0 0 0
754e9643-9ae7-4acd-9cd1-6d6671839cee_2face0_356_1022_210_268_00001.png,3.5,3.5,0 0 0 0
cabaf649-8f14-4dd4-833f-d1429db51609_302face0_174_150_410_521_00009.png,3.5,3.5,0 0 0 0
9e805685-0bba-49a4-b9e6-022aa24ab13b_2face0_516_329_354_481_00001.png,3.5,3.5,0 0 0 0
7b42cd15-295c-429c-80f8-e645a3e9cac6_2face0_367_157_385_518_00003.png,3.5,3.5,0 0 0 0
89f57269-0aa9-47fc-ba56-74e6f33b1599_1798face0_499_656_251_329_00006.png,3.5,3.5,0 0 0 0
e2456c64-aa08-47e3-8480-42b9ab3ef687_2face0_391_582_246_318_00002.png,3.5,3.5,0 0 0 0
f61eb432-1218-4044-85b5-48f9851d602f_302face0_139_262_337_434_00001.png,3.5,3.5,0 0 0 0
91c33eb4-f73c-452e-bfbf-3982367a1ee6_2face0_378_281_357_479_00004.png,3.5,3.5,0 0 0 0
3c336793-d05e-4ca8-8d3c-ef932ffcd972_2face0_369_356_308_394_00001.png,3.5,3.5,0 0 0 0
9e489aa1-506a-45d2-b6ee-3604f131bf56_2face0_407_589_233_308_00001.png,3.5,3.5,0 0 0 0
76b7153e-12e0-4da6-a91b-f3ef3d4c25a9_2face0_238_598_417_566_00008.png,3.5,3.5,0 0 0 0
b6435196-1346-4ebe-beea-9c16a913a714_2face0_398_172_333_412_00006.png,3.5,3.5,0 0 0 0
0151c3ce-54dc-4b5c-8043-d5102da7a4fe_1801face0_378_491_228_305_00005.png,3.5,3.5,0 0 0 0
a5c96710-66aa-456a-95c5-0575ffe92ce3_10002447face0_233_534_357_473_00001.png,3.5,3.5,0 0 0 0
035907c0-0e8f-4b10-9250-55ea5497df43_10000019face0_269_491_154_192_00003.png,3.5,3.5,0 0 0 0
df2359b4-c4fb-4c42-a17f-58ecabb45823_2face0_263_416_221_283_00002.png,3.5,3.5,0 0 0 0
1e4c43b1-fcfa-4a8f-b3d5-dad11d49f412_1856face0_421_293_291_399_00010.png,3.5,3.5,0 0 0 0
f7ae9399-64ea-40b9-b2ec-63bd1861e1b4_2face0_161_486_380_499_00005.png,3.5,3.5,0 0 0 0
a7e7fa00-47e0-4602-a43c-4d93536ff8ba_2face0_482_742_387_493_00001.png,3.5,3.5,0 0 0 0
e03af882-15f1-46f6-b0d0-9a37c3d0198a_1801face0_584_486_144_188_00001.png,3.5,3.5,0 0 0 0
413ac577-2ea2-4d01-8c02-6a6dedd2dd30_2face0_315_97_508_690_00001.png,3.5,3.5,0 0 0 0
f81e7861-7132-49aa-9961-5e0d7c4e3e76_2face0_89_472_557_708_00012.png,3.5,3.5,0 0 0 0
243cd282-c07d-4fc8-88a4-45d3d0799705_2face0_473_508_242_318_00002.png,3.5,3.5,0 0 0 0
a4af1f3b-4ddd-4a12-a4c0-69dc7264af4e_302face0_197_305_243_310_00004.png,3.5,3.5,0 0 0 0
e663eb13-41f9-49fd-8d4a-76a1169997c5_1502face0_440_552_191_251_00003.png,3.5,3.5,0 0 0 0
45935a1c-d01f-4532-8a21-801faa7d94aa_10000001face0_429_504_295_412_00001.png,3.5,3.5,0 0 0 0
5b57c33b-a53a-4c0f-abc0-b4556e7ceb4a_2face0_398_245_203_273_00002.png,3.5,3.5,0 0 0 0
41092f04-51a5-45d1-9114-8c36e1355932_302face0_490_717_194_260_00003.png,3.5,3.5,0 0 0 0
3b081f08-c4fd-40ee-84fa-dba6469b5e8f_302face0_367_427_357_486_00001.png,3.5,3.5,0 0 0 0
a7fea1f9-fd28-43fe-bf9a-f8135fa71f43_302face0_240_203_371_488_00002.png,3.5,3.5,0 0 0 0
1360504b-3ada-4d11-b169-32a092fe7c8d_2face0_414_607_214_288_00001.png,3.5,3.5,0 0 0 0
e36cf3b6-3853-4cd5-8e5c-380945a97f34_602face0_365_639_362_481_00001.png,3.5,3.5,0 0 0 0
17e042c5-9bab-4802-b325-42bc5a208af4_2face0_416_203_289_382_00001.png,3.5,3.5,0 0 0 0
bcefb22b-f70d-4402-862a-4587acbede8c_2face0_353_523_343_444_00001.png,3.5,3.5,0 0 0 0
e220ad43-2c94-4314-8196-5d6992abaaaa_2face0_329_579_229_286_00001.png,3.5,3.5,0 0 0 0
aff8238d-bd31-40d5-add3-e02e114d0a68_2face0_337_741_180_251_00004.png,3.5,3.5,0 0 0 0
fc36095a-3fcf-4239-a77c-874194e90258_2face0_296_552_330_455_00004.png,3.5,3.5,0 0 0 0
d52de6a6-acfe-42eb-8155-4d3552188903_10000290face0_487_50_400_564_00003.png,3.5,3.5,0 0 0 0
b9c9139e-eca4-474e-9234-5752229c0d21_1849face0_436_448_543_697_00008.png,3.5,3.5,0 0 0 0
7c97795e-f684-4829-9009-52a179151391_2face0_312_600_273_355_00006.png,3.5,3.5,0 0 0 0
a2e8803c-8a1d-47ba-b00c-089fe182ae09_2100face0_474_751_165_212_00001.png,3.5,3.5,0 0 0 0
2c50f0ed-aa01-4cb4-aafd-1f700f656b72_2face0_263_390_246_329_00001.png,3.5,3.5,0 0 0 0
b6f53f48-0a50-4903-b10e-a832c8a13f7e_10001794face0_175_560_240_301_00010.png,3.5,3.5,0 0 0 0
8d6f8e1b-f39c-464a-9624-19cba5710202_10000301face0_198_612_257_366_00001.png,3.5,3.5,0 0 0 0
f9771732-9d30-4d88-8dbf-9c3335c9b5d6_302face0_586_694_137_183_00011.png,3.5,3.5,0 0 0 0
6ddb486d-ac1c-4a69-97e4-c0d1b11a94c0_2face0_283_521_285_386_00008.png,3.5,3.5,0 0 0 0
e6fe2e67-3e4c-4ad3-9c69-35a5c92add8d_2face0_107_882_284_349_00001.png,3.5,3.5,0 0 0 0
6360c4f0-bd6c-43f3-877e-08ad89418087_602face0_145_69_247_321_00011.png,3.5,3.5,0 0 0 0
4e4a620c-1263-42bd-bea8-e8a3b1d0815c_2face0_365_178_324_447_00001.png,3.5,3.5,0 0 0 0
1e5185e4-69ee-45b4-af5f-439ba741f566_302face0_467_209_368_492_00001.png,3.5,3.5,0 0 0 0
0dc7fefb-2aac-4c25-9417-8e4f1963b0c8_2face0_325_318_235_320_00002.png,3.5,3.5,0 0 0 0
87ee3fdf-34b8-41f5-81d1-66bcacb5f085_2face0_323_627_233_316_00005.png,3.5,3.5,0 0 0 0
9d2fc73f-e3fa-42f1-84e6-4076f96cd7f5_2face0_319_268_421_556_00001.png,3.5,3.5,0 0 0 0
46f7c1ce-f308-4d14-80ae-8869aea925ca_302face0_512_380_233_318_00001.png,3.5,3.5,0 0 0 0
0a89b094-9dd0-4897-ac78-834fa2164576_10001801face0_397_321_218_283_00012.png,3.5,3.5,0 0 0 0
e4a4bd0c-e993-41d2-90d4-15637f978f5c_2face0_299_604_361_460_00001.png,3.5,3.5,0 0 0 0
961c4404-c745-468b-93ce-887d013f3228_10001800face0_440_588_218_292_00001.png,3.5,3.5,0 0 0 0
bb8b6572-5efd-492c-ab36-d8f2453624f3_2face0_380_571_226_299_00001.png,3.5,3.5,0 0 0 0
43099bf4-9512-438b-aefa-12b2092f7ccc_2face0_245_231_590_791_00002.png,3.5,3.5,0 0 0 0
9920ea54-1419-4c71-8b98-7499cce28b35_1801face0_494_602_218_277_00001.png,3.5,3.5,0 0 0 0
6517815c-4be6-45ea-a91c-8f69b2a0ac2d_2face0_805_579_217_257_00001.png,3.5,3.5,0 0 0 0
bfed59a1-9d1a-43f9-8ae8-c83d48a7175d_2face0_399_353_306_379_00001.png,3.5,3.5,0 0 0 0
ec106a2f-842f-4c4f-89ec-0652c849d0a8_1801face0_358_444_249_355_00001.png,3.55,3.55,0 0 0 0
1c95a482-30bf-47e8-bd47-88169a061e17_2face0_114_250_599_736_00001.png,3.55,3.55,0 0 0 0
dc15651d-a197-4853-ac35-ebfaba79ae12_10001789face0_313_467_198_260_00001.png,3.55,3.55,0 0 0 0
5ee79185-6c95-409a-bd55-19795b8d29f6_302face0_247_268_183_229_00001.png,3.55,3.55,0 0 0 0
6839e666-f76f-4029-b34b-0fdc7b5f3977_2face0_369_287_389_506_00006.png,3.55,3.55,0 0 0 0
03db8fd7-f6c4-4c40-a010-ddda035bda77_902face0_339_602_348_436_00007.png,3.55,3.55,0 0 0 0
ff74e63c-27c5-404a-be83-aeead2c355de_2face0_653_309_244_336_00012.png,3.55,3.55,0 0 0 0
b4e20f7a-3aeb-4e9b-a6f3-a6b6694a24b7_602face0_524_85_156_218_00005.png,3.55,3.55,0 0 0 0
33b67db4-78b0-449c-b8c0-ab3941002c39_302face0_277_336_288_349_00001.png,3.55,3.55,0 0 0 0
03053d74-02b9-4e76-b26d-75eb6a054efd_302face0_619_363_170_227_00001.png,3.55,3.55,0 0 0 0
814a6383-b20f-4b02-b216-994a6bb36cbd_2face0_258_362_172_216_00001.png,3.55,3.55,0 0 0 0
c7ce2a95-2878-4797-a3fa-ab5897fd26ac_302face0_485_755_148_196_00001.png,3.55,3.55,0 0 0 0
4b003996-8e5a-4081-90e0-6bdcfb3a324e_2face0_475_417_329_429_00001.png,3.55,3.55,0 0 0 0
7c103f94-d8f2-4df9-ae6d-427b235eddba_302face0_486_440_170_236_00001.png,3.55,3.55,0 0 0 0
0acb227d-9c99-4588-9370-3efe4bb1f7af_2face0_286_601_224_288_00006.png,3.55,3.55,0 0 0 0
ed14d6e9-7bed-4a3f-bc03-bd9837afc65d_302face0_654_125_235_349_00001.png,3.55,3.55,0 0 0 0
c0e37b39-8935-4c84-862e-3fefadbb9b7e_1801face0_693_353_191_244_00001.png,3.55,3.55,0 0 0 0
0c7e3ef5-b963-4d6c-b778-cbcf51f3f4df_302face0_239_245_210_296_00002.png,3.55,3.55,0 0 0 0
78228978-0c8d-4107-a475-e37ea73051fd_1800face0_374_533_345_444_00001.png,3.55,3.55,0 0 0 0
390b0808-e7f2-4387-a0db-99229c954672_2face0_402_317_232_292_00005.png,3.55,3.55,0 0 0 0
a81c8517-b74a-4c95-9453-520a10b2cad4_602face0_514_853_134_173_00004.png,3.55,3.55,0 0 0 0
16f998be-ef47-4f9a-8f07-9fcc8b099da4_302face0_433_445_177_247_00001.png,3.55,3.55,0 0 0 0
5eb3e67c-cab1-4c50-82fd-aafdf66245ba_302face0_362_776_348_431_00003.png,3.55,3.55,0 0 0 0
06f6b7b2-b47b-47fb-a81b-80cb40438b9c_2face0_428_363_324_442_00001.png,3.55,3.55,0 0 0 0
eb3927e7-ca4c-41c8-950c-c45d7b0e2a67_2face0_255_149_603_823_00011.png,3.55,3.55,0 0 0 0
dc9e7129-e9b9-444c-a387-9bc8bd2b6bee_2face0_374_121_313_451_00010.png,3.55,3.55,0 0 0 0
dfcfe1f0-89b6-48eb-aa61-17a0ed5bbc0b_302face0_458_420_141_194_00001.png,3.55,3.55,0 0 0 0
bbad7eee-d96b-4452-a2a9-422aad2505c5_1801face0_464_618_244_318_00001.png,3.55,3.55,0 0 0 0
ee170a2b-d0f0-41d0-8d36-0f8ac8dd012d_302face0_444_931_175_214_00002.png,3.55,3.55,0 0 0 0
0cafd903-a481-4295-91aa-944e8478dfb9_902face0_240_351_496_682_00005.png,3.55,3.55,0 0 0 0
14d624cc-c17d-4a72-b8f9-1cc83f864e1a_302face0_496_436_235_307_00002.png,3.55,3.55,0 0 0 0
12669768-e8c5-461e-8461-c2fb6a3b7283_302face0_216_350_449_575_00012.png,3.55,3.55,0 0 0 0
81e39089-f386-4f2a-8e2d-ef8c7fb607d6_602face0_367_412_161_227_00001.png,3.55,3.55,0 0 0 0
68f61fc4-075f-4f92-bc8f-244906a49f2c_2face0_118_203_330_447_00001.png,3.55,3.55,0 0 0 0
fe1b4d0f-6345-4662-84b2-143a933c8203_2face0_634_434_267_353_00004.png,3.55,3.55,0 0 0 0
c283149b-f814-41ca-9cf2-ac4370b27d8b_2face0_529_483_306_373_00001.png,3.55,3.55,0 0 0 0
b1131fc4-19b1-4d1a-9153-07920bb38350_2face0_154_232_301_408_00001.png,3.55,3.55,0 0 0 0
2c1b062f-6121-4a1e-8f37-445663521cfa_302face0_264_677_249_325_00001.png,3.55,3.55,0 0 0 0
0211fd38-9863-4f25-93ee-90ca377af527_2face0_302_115_330_456_00012.png,3.55,3.55,0 0 0 0
00fc1692-8017-498f-a62d-f425d6f62730_302face0_364_245_173_231_00001.png,3.55,3.55,0 0 0 0
c30a45e8-2bc4-4128-8fd6-020380f2218c_3001face0_682_481_282_386_00001.png,3.55,3.55,0 0 0 0
b37c055a-8005-421d-9c9b-0f48d6bc8c7b_10000300face0_465_779_219_283_00005.png,3.55,3.55,0 0 0 0
def1002c-3b82-41c4-8aa4-db7fb36779a1_2face0_582_606_233_284_00008.png,3.55,3.55,0 0 0 0
46c782a6-b0a4-41cd-835a-fa15f64e8e36_10002332face0_257_246_386_508_00001.png,3.55,3.55,0 0 0 0
7fc7b881-1ec8-4358-b0b0-102e42bdb8a2_2face0_373_284_264_360_00001.png,3.55,3.55,0 0 0 0
a8de2b97-e9ba-4814-aa98-bc58f5be74f2_302face0_257_263_282_394_00003.png,3.55,3.55,0 0 0 0
7f6f567a-a769-4833-a942-e372e7bedcd8_2face0_508_675_172_222_00001.png,3.55,3.55,0 0 0 0
a07c7602-74a1-4cbb-8d36-fdb2c89c3e55_2101face0_875_469_149_199_00003.png,3.55,3.55,0 0 0 0
1e98f264-8212-4689-bb6b-ba90344e7690_302face0_445_626_207_266_00004.png,3.55,3.55,0 0 0 0
7eb55ec9-3bd2-4e94-b649-7f4e015208c7_302face0_127_87_148_203_00001.png,3.55,3.55,0 0 0 0
5919fdf6-c69b-4d81-a117-f3b57b6fa6ef_2face0_503_376_155_210_00001.png,3.55,3.55,0 0 0 0
359a2e70-89d1-4eae-a5a3-bcfd840fa817_10000652face0_234_440_217_294_00005.png,3.55,3.55,0 0 0 0
d63fab9e-e706-4e4f-9d5a-4a6ae887591b_2face0_434_797_267_345_00001.png,3.55,3.55,0 0 0 0
6d3a5026-43aa-4017-b287-a467b6927266_302face0_234_534_148_203_00001.png,3.55,3.55,0 0 0 0
e8c243c2-54e5-4b71-97ca-893c28337d04_302face0_392_379_229_316_00008.png,3.55,3.55,0 0 0 0
b2465c5c-ca40-4c7e-b8cd-af600ebc4dc1_302face0_679_543_165_212_00011.png,3.55,3.55,0 0 0 0
13bc1d83-60fe-4db0-ba6b-10f881d95887_2face0_205_314_403_42900003.png,3.55,3.55,0 0 0 0
7c788259-7b96-46f7-9513-a09502772cc5_1801face0_238_129_522_697_00001.png,3.55,3.55,0 0 0 0
8ec8d51c-62aa-47df-8dea-baf26a0bbc28_602face0_187_296_611_851_00001.png,3.55,3.55,0 0 0 0
c22c5332-2f6a-4686-a9ca-017246e0d78b_302face0_199_208_777_1028_00011.png,3.55,3.55,0 0 0 0
2ae57a43-ace0-4b03-a1b4-e2edacf97a8a_2face0_126_586_732_76700012.png,3.55,3.55,0 0 0 0
528633aa-dcc8-4104-99e3-82f4d62bb15e_2face0_764_724_183_231_00001.png,3.55,3.55,0 0 0 0
c64f8cc2-1930-4a41-b007-e44cb6afcba1_1802face0_488_581_230_284_00002.png,3.55,3.55,0 0 0 0
6d1c7dde-7d6a-424d-b967-fcee8fae4762_902face0_358_476_210_281_00001.png,3.55,3.55,0 0 0 0
3aab481f-6d29-4490-a5a4-f81e236e3f17_1801face0_66_400_330_440_00001.png,3.55,3.55,0 0 0 0
b89c3344-986f-4538-8b17-eeb1b9d959bc_302face0_407_602_583_826_00012.png,3.55,3.55,0 0 0 0
b5b6fe4e-ccf1-4ceb-9aa9-ecc4c3218fb0_302face0_449_404_256_351_00001.png,3.55,3.55,0 0 0 0
a3d04310-53d6-4786-a77a-7998f560d043_302face0_253_430_341_464_00009.png,3.55,3.55,0 0 0 0
0d94d7b6-1692-441b-a916-8b0319195555_10001501face0_681_626_133_168_00012.png,3.55,3.55,0 0 0 0
486a8719-6b9d-47b3-aeee-f4e2e9e68bef_302face0_459_613_165_201_00002.png,3.55,3.55,0 0 0 0
e588bb4d-9cfe-4a23-a7d9-2fae2d55d9a7_10002090face0_62_501_400_549_00011.png,3.55,3.55,0 0 0 0
f8360096-27ea-41c2-ad22-277b3737a9a6_2face0_422_725_228_308_00006.png,3.55,3.55,0 0 0 0
165e6aac-f03c-4896-b602-aba0e5e7c834_302face0_321_176_254_366_00001.png,3.55,3.55,0 0 0 0
9e086bd2-f3bd-40b8-b5a5-ac23dff5fa0f_2face0_579_739_210_264_00001.png,3.55,3.55,0 0 0 0
bfda938f-3ded-430d-8eb3-a79da685269f_302face0_503_369_275_379_00001.png,3.55,3.55,0 0 0 0
39f78ef1-1ea8-4448-8486-fea2658c86b1_2402face0_276_357_288_382_00001.png,3.55,3.55,0 0 0 0
ba391f6a-3529-4318-9748-cc5b286198d3_2face0_305_413_322_425_00008.png,3.55,3.55,0 0 0 0
f3cbd9c8-35a7-4b11-a2cf-70d8bbbcd3bd_302face0_569_162_266_347_00001.png,3.55,3.55,0 0 0 0
a81d18d9-7dac-41b3-a27f-76d15955fc35_1857face0_385_596_190_249_00001.png,3.55,3.55,0 0 0 0
09f5c73a-47b6-4b60-837e-713dccc9b980_2face0_330_113_315_425_00001.png,3.55,3.55,0 0 0 0
2a7b66e6-3f6f-4897-b7e9-658b2360c428_302face0_638_635_333_403_00004.png,3.55,3.55,0 0 0 0
711b78e6-f7cf-4a7f-8187-1771f379b231_2face0_666_379_302_382_00012.png,3.55,3.55,0 0 0 0
d5afaa9b-2f6e-4799-b596-97af26ce23bd_2face0_324_308_473_640_00001.png,3.55,3.55,0 0 0 0
29dbedee-4f34-4d62-8cb5-083d6366c27b_1801face0_489_550_215_271_00002.png,3.55,3.55,0 0 0 0
588da258-6345-4e0a-84b9-791f1e2cdcae_2face0_52_139_568_780_00001.png,3.55,3.55,0 0 0 0
96238ca8-ed67-43da-9143-f4e39e80a0c1_10002740face0_841_700_141_179_00009.png,3.55,3.473684210526316,0 0 0 0
5a48df96-55df-4660-8528-caba5eba55e4_2face0_343_488_376_505_00002.png,3.55,3.55,0 0 0 0
dfc79d2c-b993-459d-bc14-f07b46adedfc_302face0_465_404_186_266_00003.png,3.55,3.55,0 0 0 0
344e532f-a87b-4297-9cb8-33bfa18cc68d_1793face0_258_850_305_386_00009.png,3.55,3.55,0 0 0 0
544e78fe-4435-4c31-9cf8-3745ed079e39_2face0_472_440_519_649_00003.png,3.55,3.55,0 0 0 0
4bdee6ea-1a74-4e14-a3aa-52a30fea4f02_302face0_229_206_474_629_00011.png,3.55,3.55,0 0 0 0
e7487b22-ab72-461d-b62e-9be371b1f91e_1800face0_416_1138_198_264_00007.png,3.55,3.55,0 0 0 0
798fb0d8-da2a-4b81-8bbc-d8e904973d88_2face0_381_115_243_310_00003.png,3.55,3.55,0 0 0 0
6f6d56a4-8ac6-4ac7-b837-47198474707a_302face0_633_389_235_307_00002.png,3.55,3.55,0 0 0 0
12343a41-fd57-43ce-afc5-6eb34da73376_2face0_354_807_243_312_00001.png,3.55,3.55,0 0 0 0
9cad12ce-7129-4fed-aadb-e5bdf1037bd8_2face0_174_235_759_85200002.png,3.55,3.55,0 0 0 0
3f690a5e-c3b7-4e06-83f9-fdfe085d7293_2face0_360_515_193_266_00005.png,3.55,3.55,0 0 0 0
af9f89d1-4698-4a3a-b9df-cbe90fc80f01_2face0_455_378_320_432_00001.png,3.55,3.55,0 0 0 0
5db03bcc-2fdf-4678-9e62-af1525c6adc9_2face0_141_86_551_730_00001.png,3.55,3.55,0 0 0 0
a69aecd0-93f8-46a7-8eb8-94161b402dcb_302face0_628_144_362_518_00001.png,3.55,3.55,0 0 0 0
9321520f-22f7-4734-a561-ca3b0c783ebc_10000299face0_195_435_183_240_00001.png,3.55,3.55,0 0 0 0
02885a3b-95dc-489d-a1c5-1ea722bbf5f6_2face0_635_236_261_366_00001.png,3.55,3.55,0 0 0 0
acb21e4a-6ebc-4a22-9f81-7f6d5bc97a82_2face0_482_196_536_693_00008.png,3.55,3.55,0 0 0 0
3b221cb4-5f2d-4b1f-b232-824e3d39932e_902face0_357_212_427_567_00001.png,3.55,3.55,0 0 0 0
18d57862-2b55-41b6-8de8-1a6161b979ad_302face0_130_645_191_247_00001.png,3.55,3.55,0 0 0 0
ff2cf78a-3f73-44cf-9a3f-cbd55a786388_10003975face0_389_707_249_336_00001.png,3.55,3.55,0 0 0 0
bdaa2d54-3812-4d53-ab93-612ed249ea09_302face0_580_536_208_249_00006.png,3.55,3.55,0 0 0 0
a9d8cb60-353d-417e-8332-5e0a8ecb8246_10001800face0_394_768_306_392_00003.png,3.55,3.55,0 0 0 0
57ee565c-bddf-4403-a626-bf633f800865_302face0_411_634_233_303_00002.png,3.55,3.55,0 0 0 0
4d0c3e46-d594-4c70-9d8d-6eb764fd8d3a_2face0_450_231_228_312_00001.png,3.55,3.55,0 0 0 0
6984fd5a-dc03-404a-b577-8864ccebbafb_2face0_280_463_225_294_00004.png,3.55,3.55,0 0 0 0
4ad3c730-647e-4faf-a1a5-4998ada46518_302face0_528_742_242_321_00003.png,3.55,3.55,0 0 0 0
92896d9e-5b59-4e8d-9593-5de5a759d722_2face0_428_748_144_194_00005.png,3.55,3.55,0 0 0 0
9a464dd0-e464-4f9f-8de3-e76edb65aa89_2face0_379_402_362_481_00001.png,3.55,3.55,0 0 0 0
c690883d-8a75-47b8-a1cd-46c6bddd518f_2face0_310_59_436_564_00006.png,3.55,3.55,0 0 0 0
6be2fde7-3588-473c-ad15-5f262bb3c353_302face0_405_479_254_362_00001.png,3.55,3.55,0 0 0 0
913da5ed-ca63-40e6-a175-e2509d49c875_1801face0_366_683_176_220_00003.png,3.55,3.55,0 0 0 0
0c102044-4a56-4ce3-8607-95aca92edafe_2face0_381_627_236_301_00001.png,3.55,3.55,0 0 0 0
848177c1-6fd5-4831-afe6-144441640160_2face0_325_454_257_321_00001.png,3.55,3.55,0 0 0 0
87dfcbe0-43e5-48a0-ad99-9a69cea7c4e7_10001786face0_454_815_263_345_00001.png,3.55,3.55,0 0 0 0
56977e95-a10e-4108-a6f2-49363e1d8617_2face0_301_445_200_255_00001.png,3.55,3.55,0 0 0 0
07f8255c-9754-426e-b7ff-59fa5f4490fe_2face0_211_337_534_723_00002.png,3.55,3.55,0 0 0 0
7e6fdb0c-5cef-4e42-ad02-f896b3c1c351_2face0_434_119_239_334_00001.png,3.55,3.55,0 0 0 0
5a715bcd-3a73-4859-9c54-39a9637ccf09_302face0_276_449_166_234_00005.png,3.55,3.55,0 0 0 0
e015d50f-5c13-4c2b-9e7f-d3e7626f6e4c_2face0_263_734_198_251_00004.png,3.55,3.55,0 0 0 0
a661b227-8928-4e7e-b7e1-61e5d4a3d49d_1801face0_52_119_320_414_00001.png,3.55,3.55,0 0 0 0
238ab937-a653-475b-9354-16df23022016_602face0_500_291_182_249_00001.png,3.55,3.55,0 0 0 0
bf3d0dfa-b2f7-4cbf-9bea-58a718973c10_2face0_411_269_215_290_00001.png,3.55,3.55,0 0 0 0
43655465-1392-4e9e-a6c4-c6374c3f42d9_302face0_533_359_219_290_00001.png,3.55,3.55,0 0 0 0
9ae3cdf2-c13c-423f-8856-fa9ed27a793e_1776face0_405_685_250_325_00002.png,3.55,3.55,0 0 0 0
9461a6b2-6fc3-459e-a26a-e0cd5b19a21a_2face0_222_354_454_597_00003.png,3.55,3.55,0 0 0 0
439ddcbe-b6f1-420e-813f-f28adb6e8e67_302face0_424_284_246_321_00001.png,3.55,3.55,0 0 0 0
229579ba-714c-470c-8cb0-caf3e1d2a078_302face0_364_548_393_547_00001.png,3.55,3.55,0 0 0 0
d73cb8d8-ce3f-4948-8639-bb4aef78e8b9_10001800face0_431_785_218_301_00003.png,3.55,3.55,0 0 0 0
e3cf81db-f4ab-4a36-b4f1-9d9d69119951_302face0_373_317_291_407_00004.png,3.6,3.6,0 0 0 0
606fad13-d564-4beb-9e63-4ca3a2ffd146_902face0_85_55_452_636_00005.png,3.6,3.6,0 0 0 0
32ffd3a8-2274-487c-8361-007187a12df1_1801face0_342_435_424_508_00002.png,3.6,3.6,0 0 0 0
ed9f5541-acf4-445b-92d4-8ca4db2c1be0_2face0_580_470_371_477_00001.png,3.6,3.6,0 0 0 0
9dca127a-2855-4d13-a049-989265e4f8ca_2face0_328_315_438_532_00001.png,3.6,3.6,0 0 0 0
b442d954-1bd2-47b8-98c8-e0d9748e1d92_2face0_313_423_282_408_00003.png,3.6,3.6,0 0 0 0
7e7e3424-4824-4c30-a261-bf51aeda35a0_2face0_155_397_398_44700001.png,3.6,3.6,0 0 0 0
cb350c9b-5296-4c85-a19b-a4fd93e73359_2face0_210_52_624_834_00008.png,3.6,3.6,0 0 0 0
a95af408-fb8f-479e-8bdf-c60df567df7d_2face0_654_383_177_233_00001.png,3.6,3.6,0 0 0 0
8b0ef4a5-1af6-49e7-b1c6-f0bb3f328e9d_902face0_567_562_282_373_00001.png,3.6,3.6,0 0 0 0
2328fff5-1e5e-4314-b5d1-75819f043b00_2face0_439_527_207_281_00001.png,3.6,3.6,0 0 0 0
9fb590a5-d8b0-413d-b9ec-c5ad27db66d3_2face0_320_58_666_856_00004.png,3.6,3.6,0 0 0 0
2fedfb5b-7479-4c2f-a0b2-30428966c9a2_302face0_424_709_260_329_00001.png,3.6,3.6,0 0 0 0
744d585e-64e5-4c66-a8ed-9166dc195071_2face0_364_490_280_362_00004.png,3.6,3.6,0 0 0 0
15044382-bbff-4f51-aaff-d9f750395d14_1802face0_329_192_271_362_00012.png,3.6,3.6,0 0 0 0
1c10a71c-af1a-4441-b800-f0eccc8c0a01_302face0_490_518_170_247_00002.png,3.6,3.6,0 0 0 0
c2850d0c-7798-4cae-80f0-00a34910cded_2face0_428_242_337_444_00006.png,3.6,3.6,0 0 0 0
8bfa80ad-88cc-4dba-89ea-83482dbc34be_1857face0_515_321_225_292_00001.png,3.6,3.6,0 0 0 0
8db1d785-8ff6-441d-a778-c185fee0b098_302face0_309_318_343_444_00001.png,3.6,3.6,0 0 0 0
f4d7011d-1600-47d9-b964-bb1167cc4168_602face0_471_207_204_266_00001.png,3.6,3.6,0 0 0 0
8ccc227d-3391-478e-a880-6c98f8ccd5e9_602face0_278_167_380_505_00003.png,3.6,3.6,0 0 0 0
885cd7f9-189e-4ed8-806b-677cd03789da_302face0_414_135_404_545_00001.png,3.6,3.6,0 0 0 0
9163bbc5-1146-42c6-aac5-217b3e70c310_1801face0_369_403_326_434_00004.png,3.6,3.6,0 0 0 0
b6b9dfd5-bba3-47b1-8ab0-fca7675619ad_302face0_317_1004_204_273_00001.png,3.6,3.6,0 0 0 0
14463356-0f1b-487f-a577-3fb1243d0ccd_2face0_465_463_229_303_00002.png,3.6,3.6,0 0 0 0
050f9d1b-0899-43ae-b265-25e494530d2b_302face0_305_203_337_440_00001.png,3.6,3.6,0 0 0 0
37dd0094-b646-49dc-8af1-df784a08170c_602face0_393_485_184_246_00001.png,3.6,3.6,0 0 0 0
d5494065-bb78-4a30-83f0-794ffafefd4c_10000301face0_340_96_281_394_00001.png,3.6,3.6,0 0 0 0
f5742969-68bd-4d03-828b-b1e3fd1ff50c_10000579face0_510_226_309_381_00009.png,3.6,3.6,0 0 0 0
771d363d-a96e-4ffb-9dae-f7d6eba770af_302face0_310_351_301_394_00011.png,3.6,3.6,0 0 0 0
fdc50b5d-dd06-4830-a902-faafdf200a6c_302face0_352_570_168_223_00005.png,3.6,3.6,0 0 0 0
3d22e9f7-49d8-4236-aef0-98b653abd536_2face0_199_75_215_283_00002.png,3.6,3.6,0 0 0 0
d4c3d40f-6b4c-485c-99dc-393ee9f32ae9_302face0_348_272_359_464_00002.png,3.6,3.6,0 0 0 0
af3ffbfd-0ce7-45ee-a756-bac8dec2539b_302face0_270_87_168_240_00003.png,3.6,3.6,0 0 0 0
25cf63cf-f5b4-4ca1-bfcb-ab5d14309550_10001759face0_365_451_222_305_00011.png,3.6,3.6,0 0 0 0
99220ad7-7839-4b0f-9fcc-43538e159e62_2face0_407_526_280_368_00001.png,3.6,3.6,0 0 0 0
9b941a98-270f-410d-8dde-7d71a0177169_2face0_333_434_163_229_00001.png,3.6,3.6,0 0 0 0
a0421fd7-5cc7-453e-b0a3-73104a4e0b5f_902face0_658_464_303_386_00007.png,3.6,3.6,0 0 0 0
69b18b11-12fe-4cac-b8e5-353fe2cc7cf3_2face0_334_209_141_185_00005.png,3.6,3.6,0 0 0 0
b77fb2fa-0050-4972-aded-eb62ec96e4a8_902face0_430_259_235_307_00003.png,3.6,3.6,0 0 0 0
b411ed5d-7628-4a3f-9c54-24d198c0ecf0_1801face0_438_712_179_238_00001.png,3.6,3.6,0 0 0 0
a9715929-68ff-4a58-9483-e3b2e31b9fa3_1801face0_350_810_278_357_00001.png,3.6,3.6,0 0 0 0
27f55273-fe37-4cb4-8174-f050314fa0f8_302face0_510_320_169_233_00011.png,3.6,3.6,0 0 0 0
9daabdc1-bf6c-4594-897b-6e70ca45eae5_10001995face0_335_754_190_236_00002.png,3.6,3.6,0 0 0 0
39cad810-21a7-4e42-8612-8084ccfd7ad9_2face0_231_193_733_936_00007.png,3.6,3.6,0 0 0 0
ad50b7e8-b752-4baa-8b8d-6d692072647c_2face0_388_1011_244_314_00003.png,3.6,3.6,0 0 0 0
999840c0-47a9-4e1f-a898-598cd459561c_10000205face0_237_62_319_397_00003.png,3.6,3.6,0 0 0 0
791a36ae-ff82-4eab-b55c-a85a39bafa03_302face0_254_137_415_567_00001.png,3.6,3.6,0 0 0 0
03256dc9-b494-414e-a4f7-753c52d068a1_2face0_192_135_449_658_00009.png,3.6,3.6,0 0 0 0
f6818df1-6480-4c15-82e8-08bb190a9579_10003565face0_559_502_197_268_00004.png,3.6,3.6,0 0 0 0
bc818ffb-8927-4730-91c6-47bf69679b87_2face0_342_686_362_438_00010.png,3.6,3.6,0 0 0 0
cfb1d21c-65e9-4d96-8bd2-9eb89e28eb70_2face0_398_156_228_296_00001.png,3.6,3.6,0 0 0 0
e2a2d99b-9f16-4733-b03f-ee4511d56ba4_302face0_157_406_263_349_00001.png,3.6,3.6,0 0 0 0
91226754-dd85-486c-9bb0-05598cba7e92_302face0_506_85_224_283_00001.png,3.6,3.6,0 0 0 0
b753f9b4-de56-4fdb-b47a-d01f7dc7fc8c_2face0_429_400_259_347_00001.png,3.6,3.6,0 0 0 0
cbc66bd5-72c1-4d5f-9274-3821ffde5377_302face0_63_485_484_617_00011.png,3.6,3.6,0 0 0 0
45c26292-8e10-4955-a703-9aec24021d1a_902face0_254_782_165_225_00003.png,3.6,3.6,0 0 0 0
f873ee7e-0bea-4b62-877f-9929585580fe_2face0_176_337_333_445_00006.png,3.6,3.6,0 0 0 0
b9e3b674-9e01-46da-8811-ba37577ffcb0_302face0_200_212_232_316_00002.png,3.6,3.6,0 0 0 0
883e7e08-a028-480c-acc6-fe21c2838ffd_10000514face0_401_320_208_281_00008.png,3.6,3.6,0 0 0 0
797d0d91-f040-4d16-9a0b-368023249a03_302face0_412_367_217_307_00004.png,3.6,3.6,0 0 0 0
5ee425c6-437e-4841-91ad-c485cf4eb2a8_1800face0_324_96_371_506_00001.png,3.6,3.6,0 0 0 0
ba904c80-3652-41be-ba60-592343c6a4bb_302face0_323_457_125_166_00009.png,3.6,3.6,0 0 0 0
2b445af9-18ae-4887-a8c8-86027e0ab0cb_302face0_588_141_361_506_00001.png,3.6,3.6,0 0 0 0
96b23740-a557-4385-93bf-2f5b2f09be2f_302face0_238_137_306_425_00005.png,3.6,3.6,0 0 0 0
4c5ae547-7bcf-4e7a-b85f-af6bbd84866b_2face0_197_334_510_675_00003.png,3.6,3.6,0 0 0 0
f38a7739-45c1-499d-9e06-7f116542edac_2131face0_392_496_239_290_00001.png,3.6,3.6,0 0 0 0
3742b735-5aef-49ba-972d-cf87e8e8cbc0_2face0_167_986_369_510_00003.png,3.6,3.6,0 0 0 0
806f5821-28d1-43bf-93e4-1b1caa999540_2face0_299_433_331_429_00003.png,3.6,3.6,0 0 0 0
696864c1-3b1c-4bc2-92da-04b4afb31a8b_2face0_594_554_186_246_00002.png,3.6,3.6,0 0 0 0
1ce60b1d-d0bd-4ded-bde6-701e37edc1d8_2face0_120_491_481_656_00001.png,3.6,3.6,0 0 0 0
174c67f3-304f-4a7a-be7c-fa00c1e6e61f_2face0_503_759_243_333_00001.png,3.6,3.6,0 0 0 0
af4cb4ab-28ab-406c-bbbb-345e3fe29d53_2face0_134_275_193_257_00007.png,3.6,3.6,0 0 0 0
955e1224-0511-456a-b2e3-82564876c9d9_302face0_436_142_303_419_00001.png,3.6,3.6,0 0 0 0
9e8e4b76-b809-4f89-8bcf-ddf2fb950b56_1847face0_346_534_149_196_00001.png,3.6,3.6,0 0 0 0
4d1e4ab6-ae7a-41e7-83e9-9fb73f6e6660_2face0_369_111_301_386_00006.png,3.6,3.6,0 0 0 0
81f06d56-0b14-4ccc-a275-b1f804b1b30a_1801face0_66_245_267_349_00001.png,3.6,3.6,0 0 0 0
24af5ac2-4356-4ff2-a0be-92f1e9179bdc_2face0_435_683_382_525_00009.png,3.6,3.6,0 0 0 0
8e492672-ad54-4b12-87ad-ec9d20f741df_602face0_386_359_205_268_00001.png,3.6,3.6,0 0 0 0
79c7beae-acc1-4e76-ae0b-605d84f58e61_10000259face0_458_220_345_456_00003.png,3.6,3.6,0 0 0 0
31d00064-886b-4bec-90eb-465f65533554_1801face0_336_450_383_501_00001.png,3.6,3.6,0 0 0 0
ad54b4bc-3088-42c3-aa5a-f1cd8e9ef63a_2face0_144_58_453_632_00003.png,3.6,3.6,0 0 0 0
1191bed5-d92b-4d04-aa56-13f3599d7874_3600face0_421_616_214_288_00003.png,3.6,3.6,0 0 0 0
3fd1f190-bc5a-4526-a36c-20605b73e1b7_2face0_547_226_263_362_00001.png,3.6,3.6,0 0 0 0
2acd0736-cb07-4386-8601-a059ce16fa33_2face0_345_375_334_412_00001.png,3.6,3.6,0 0 0 0
1483809d-928a-498c-94d1-525f915a64eb_1801face0_397_571_182_247_00002.png,3.6,3.6,0 0 0 0
7ab3bbcb-6407-4d7c-a0d1-abbfd71b469c_2face0_295_453_687_880_00012.png,3.6,3.6,0 0 0 0
77ec5edc-fe16-41a0-81e8-1405087ad90a_10000890face0_477_738_240_26500006.png,3.6,3.6,0 0 0 0
1da56573-c22b-4efb-9246-28e57fb128a0_2face0_296_194_280_351_00001.png,3.6,3.6,0 0 0 0
726de309-7120-4f64-94f2-52ed987b0adc_2face0_307_60_389_562_00001.png,3.6,3.6,0 0 0 0
90392f1c-7f01-4a1a-9fed-08826a0a64e9_302face0_561_293_173_225_00007.png,3.6,3.6,0 0 0 0
9bf0a868-63bc-4b63-87ee-4dab9506e59a_2face0_395_491_246_27100012.png,3.6,3.6,0 0 0 0
8edce145-cc14-4bbf-a465-61cf1dfa4b88_2face0_408_493_403_518_00007.png,3.6,3.6,0 0 0 0
93f2ed89-a046-44f3-8212-0e072dcbae56_302face0_164_504_214_314_00001.png,3.6,3.6,0 0 0 0
707c2219-e04d-465c-9110-9c12bd349bf9_2face0_424_208_190_249_00002.png,3.6,3.6,0 0 0 0
5de2f110-ec6b-4c81-a03d-3726d9e60d47_1789face0_328_478_253_362_00004.png,3.6,3.6,0 0 0 0
7e2fa152-18a6-4c9d-a958-f3e8307496ad_10000896face0_381_602_264_342_00001.png,3.6,3.6,0 0 0 0
179198bd-87ed-4859-b994-921fdda632e1_2face0_336_260_229_301_00001.png,3.6,3.6,0 0 0 0
0e080db6-bd0f-4c04-bca8-0b5ce1f26a59_602face0_408_731_229_286_00012.png,3.6,3.6,0 0 0 0
f33d74bf-05d0-41de-8e4b-17871476780a_302face0_292_84_364_510_00001.png,3.6,3.526315789473684,0 0 0 0
be2f5107-d88f-4ef5-8c1e-69a75fb5d7b4_2face0_487_379_183_229_00001.png,3.6,3.6,0 0 0 0
09156063-6130-41d4-9ae7-a2755c96e8be_2face0_203_215_592_795_00001.png,3.6,3.6,0 0 0 0
c4c96c25-e4c8-4739-b7d4-3d5cd86cefb1_10000420face0_423_70_184_244_00011.png,3.6,3.6,0 0 0 0
b24b8820-95a4-4299-a39d-6f60eff3d475_1801face0_482_800_197_255_00001.png,3.6,3.6,0 0 0 0
f7748e58-2044-4ada-8d4b-9d970accf68d_602face0_542_547_168_231_00005.png,3.6,3.6,0 0 0 0
486493b7-565f-40e6-95f5-4540253bdae5_2face0_71_657_758_1054_00004.png,3.6,3.6,0 0 0 0
85a23516-8c98-4ede-b021-f059eafa5922_10002271face0_372_412_417_567_00009.png,3.6,3.6,0 0 0 0
c3124a2e-6c59-4425-8c0f-2a7c66c76169_2face0_433_177_553_769_00005.png,3.6,3.6,0 0 0 0
fa3c20b2-3d57-4afc-8d19-9c7aa2a07a8a_10000001face0_630_599_166_247_00012.png,3.6,3.6,0 0 0 0
bf4770ac-4108-4f05-8605-b76487bd10a4_2face0_333_202_316_431_00005.png,3.6,3.6,0 0 0 0
21931096-c993-4087-a6e6-3299fea435e7_2face0_416_530_221_292_00001.png,3.6,3.6,0 0 0 0
04aa252d-aa9d-4f9a-98a6-bd0541700d1e_302face0_501_577_229_301_00001.png,3.6,3.6,0 0 0 0
c9e17b2b-dcd0-4dbd-a4a7-11f9d8990258_2face0_237_285_376_468_00002.png,3.6,3.6,0 0 0 0
c5552741-9de2-412b-8d5c-223a9baf5ead_10002870face0_387_376_133_166_00001.png,3.6,3.6,0 0 0 0
f06b18fb-bff6-4e15-826f-b1a9034ef89d_1801face0_356_696_264_355_00004.png,3.6,3.6,0 0 0 0
5a0e7ae9-3e30-4f43-a35c-6748b4823cf7_602face0_319_235_271_375_00003.png,3.6,3.6,0 0 0 0
5a20f6ed-8901-4eb1-827b-d3ec0073af22_10000301face0_399_527_179_238_00009.png,3.6,3.6,0 0 0 0
d244b938-0e49-43d9-8128-2f8528d0ad5b_10000819face0_438_212_264_357_00003.png,3.6,3.6,0 0 0 0
adb636f8-72bd-44e2-aefb-d02fd42dc045_1502face0_320_112_326_442_00001.png,3.6,3.6,0 0 0 0
14428d45-3902-40ac-a67f-569860f5bb31_2face0_205_734_193_255_00001.png,3.6,3.6,0 0 0 0
d11c6249-a5e4-4161-9192-8d4a49c8f403_302face0_682_525_299_370_00006.png,3.6,3.6,0 0 0 0
d9b26ebb-bd8b-4942-b163-d3798fc804cf_302face0_355_197_456_590_00002.png,3.6,3.6,0 0 0 0
f685f966-4d2c-43d1-bb2a-29a94184cdc0_3443face0_364_92_142_196_00001.png,3.6,3.6,0 0 0 0
3267f35f-835f-4908-a696-d6a02d83fcdf_2face0_410_512_210_292_00001.png,3.6,3.6,0 0 0 0
abfcfec5-f28f-4f26-998a-ad27efb2fbb8_10001762face0_352_763_240_320_00001.png,3.6,3.6,0 0 0 0
fce3116f-cc79-4915-b87f-e95da5ea5bf3_302face0_465_213_191_260_00001.png,3.6,3.6,0 0 0 0
8ad0ed6b-319c-4bb6-8dae-00f2918aaa29_302face0_326_416_190_275_00003.png,3.6,3.6,0 0 0 0
f12cccbc-ff28-4bcd-92a1-d9e5cec90eab_2face0_163_482_193_264_00001.png,3.65,3.65,0 0 0 0
abcc1616-bd2f-42c4-9c81-aeb8f8d83578_2face0_435_513_510_658_00004.png,3.65,3.65,0 0 0 0
0861ac6d-7789-4061-9f6d-22f9c967fc31_10000001face0_368_258_170_222_00001.png,3.65,3.65,0 0 0 0
a2bca911-3f2e-427d-8970-d7a49460a470_2face0_336_315_296_384_00001.png,3.65,3.65,0 0 0 0
319f156a-3441-4cbd-9c06-5d00d7ca077b_2face0_441_493_320_399_00004.png,3.65,3.65,0 0 0 0
08942d34-fd96-4cfb-a906-5052b2bc8940_3600face0_118_410_281_395_00001.png,3.65,3.65,0 0 0 0
82139f35-33e9-44c9-99af-76de8e1adeb8_602face0_595_921_201_20900001.png,3.65,3.65,0 0 0 0
35380824-e14a-4f86-b0ad-72f4792a4c62_2face0_381_634_275_357_00001.png,3.65,3.65,0 0 0 0
1aac235a-b8a6-4519-b131-db6b587255f4_602face0_500_661_149_197_00009.png,3.65,3.65,0 0 0 0
4bb18b0b-0a35-4875-a9e8-f09f5411d328_2face0_420_334_337_429_00001.png,3.65,3.65,0 0 0 0
cb6a9489-d923-4bcb-b8e2-8181963e06a0_2face0_449_451_348_456_00001.png,3.65,3.65,0 0 0 0
9dc4a8b4-8cc9-4bad-8796-555fa573e1c7_2face0_305_458_281_366_00001.png,3.65,3.65,0 0 0 0
74ef4f6b-825b-4aef-aa04-abd2a8f23c26_302face0_613_516_244_333_00001.png,3.65,3.65,0 0 0 0
7f19e42c-9940-4c63-8168-a0db1e369d4f_302face0_237_552_288_388_00004.png,3.65,3.65,0 0 0 0
255fb7ad-4989-40b4-8727-88f85c4fdddd_2face0_377_379_303_392_00005.png,3.65,3.65,0 0 0 0
ac757fc7-278c-493d-8855-8c7c3dba2152_2face0_660_181_359_456_00001.png,3.65,3.65,0 0 0 0
1d608cb3-d6f8-49aa-9b0e-0308338fa278_2face0_89_316_530_630_00001.png,3.65,3.65,0 0 0 0
3e182e4e-dfc8-4d88-9ba4-428f78a067fe_2face0_306_158_138_203_00003.png,3.65,3.65,0 0 0 0
07dbeaf2-91fe-435b-87ba-fbdc0d4b2e47_302face0_409_330_284_394_00001.png,3.65,3.65,0 0 0 0
a89df8cf-872e-462b-89ef-8d96f3a1fc1d_2face0_346_393_211_281_00001.png,3.65,3.65,0 0 0 0
e2781dc1-796b-433f-974c-4be88c07cb0a_10001800face0_452_763_133_173_00001.png,3.65,3.65,0 0 0 0
ff521037-319d-4b2f-80f6-d57b71da43f0_302face0_755_240_190_242_00002.png,3.65,3.65,0 0 0 0
21ff5fc9-eac7-4ef8-a8ec-8eeb43573316_2face0_436_736_221_279_00001.png,3.65,3.65,0 0 0 0
f6bf009f-2e16-4f91-b263-5af0825b2f0e_10000001face0_432_840_184_247_00001.png,3.65,3.65,0 0 0 0
ac6738fa-33e5-47f2-a488-c509f74d9a46_2face0_417_226_331_458_00003.png,3.65,3.65,0 0 0 0
dc721a48-7561-470b-95be-660d6b070ab8_302face0_161_70_263_342_00005.png,3.65,3.65,0 0 0 0
7694b2e6-c63f-4d63-a805-fbe52bd68631_1502face0_276_538_317_408_00012.png,3.65,3.65,0 0 0 0
24a390ea-3518-4749-89fb-3a215686303f_602face0_100_336_198_277_00002.png,3.65,3.65,0 0 0 0
0280d359-dc8e-465c-962e-b70cbff59901_1799face0_161_389_364_477_00001.png,3.65,3.65,0 0 0 0
1a4cdeb4-cf00-43cd-9302-717fc24ff8cc_2face0_496_778_173_234_00003.png,3.65,3.65,0 0 0 0
5415a9c7-f662-494e-a91c-cc015c4940d8_2face0_384_691_152_205_00004.png,3.65,3.65,0 0 0 0
5cd9e268-d60d-4be0-95db-8864ac53978c_302face0_409_759_187_225_00002.png,3.65,3.65,0 0 0 0
3d8e17fd-f5eb-4313-8ef8-5be1697dfec9_2face0_429_333_407_542_00003.png,3.65,3.65,0 0 0 0
ebf91bfd-4f21-4003-ac63-22266ad25f2b_302face0_274_198_222_292_00001.png,3.65,3.65,0 0 0 0
72074f4a-d846-42e9-b32e-f12a1935d035_2face0_335_285_271_355_00004.png,3.65,3.65,0 0 0 0
a7da23e4-0c00-47b6-80e6-263741f872dd_302face0_408_611_218_271_00005.png,3.65,3.65,0 0 0 0
7b9ae8eb-9aca-4047-912f-48c4cbb287a5_302face0_309_143_475_658_00001.png,3.65,3.65,0 0 0 0
a9313c55-916a-4294-b065-8e740ba661b2_10000109face0_284_909_260_26600003.png,3.65,3.65,0 0 0 0
4c755f46-63df-43e9-8978-31e2b8c8b5ed_10003784face0_74_142_415_532_00002.png,3.65,3.65,0 0 0 0
5035333d-77c0-4a09-a0c0-70a79523c919_2face0_389_501_235_290_00002.png,3.65,3.65,0 0 0 0
b6d005da-97ea-40e8-8707-46cf872611a8_10001799face0_568_264_253_323_00001.png,3.65,3.65,0 0 0 0
4858de5b-b9e1-4b43-bc6d-a9fdef25ab4b_1801face0_457_647_253_338_00001.png,3.65,3.65,0 0 0 0
792878c7-c430-442a-99b9-af7aa67e3842_302face0_419_483_233_320_00001.png,3.65,3.65,0 0 0 0
8dc63d40-df2d-4346-a4cb-6c8844a2dcd0_2face0_284_313_294_407_00001.png,3.65,3.65,0 0 0 0
ae22425c-29ca-4473-8ed6-da37e8ae2d49_2face0_322_320_376_488_00001.png,3.65,3.65,0 0 0 0
c0891018-ae94-4787-b7ec-f9994841a892_2face0_265_308_434_564_00001.png,3.65,3.65,0 0 0 0
6d847ec1-637b-4c64-9dd2-be8d0e0129c5_602face0_224_352_491_667_00002.png,3.65,3.65,0 0 0 0
6b68b22a-bfda-4e0d-984d-f46e9f2ca1b9_2face0_353_159_256_345_00011.png,3.65,3.65,0 0 0 0
7e2f2f0a-8872-4773-a1b9-97040a1339c2_10000703face0_538_725_172_236_00003.png,3.65,3.65,0 0 0 0
2f73598d-86bd-49a2-b4a5-c04eb15d8c9e_602face0_539_322_207_284_00006.png,3.65,3.65,0 0 0 0
3c6a92b2-219b-41a7-8668-c5f856ca8e78_10001800face0_478_471_203_268_00001.png,3.65,3.65,0 0 0 0
4f5bbe4d-1d86-4d1d-ae20-f77a8cbbc9d7_602face0_288_327_243_349_00002.png,3.65,3.65,0 0 0 0
84b6efc4-0521-44d0-88bd-0e6d10076e6d_2face0_392_546_399_501_00001.png,3.65,3.65,0 0 0 0
8aac0ce8-4f91-412b-9968-2c8e9638473a_2face0_152_126_299_429_00001.png,3.65,3.65,0 0 0 0
01240219-3637-45b0-b384-3aeb5ac6e8d3_1801face0_564_671_182_236_00001.png,3.65,3.65,0 0 0 0
af6da851-ab93-433c-a5de-2f41b9454a50_1802face0_397_557_313_431_00001.png,3.65,3.65,0 0 0 0
321f2448-cec5-4a38-a666-2935d1422cd3_2face0_380_375_263_338_00002.png,3.65,3.65,0 0 0 0
ec622f70-6b83-42ac-a961-847afdfbc739_302face0_488_286_221_283_00002.png,3.65,3.65,0 0 0 0
424a21b1-36f5-40cd-acae-e4add5c1c500_2face0_508_274_334_442_00006.png,3.65,3.65,0 0 0 0
0f96bddc-ce48-4d0c-b3d1-107054903b68_1800face0_478_565_176_225_00003.png,3.65,3.65,0 0 0 0
d52a2fa3-caec-4b8b-a95f-bc1e1c84b583_3600face0_361_325_298_386_00001.png,3.65,3.65,0 0 0 0
88896a3a-bb19-4d0c-9993-393c3f62825b_10000007face0_380_727_207_277_00001.png,3.65,3.65,0 0 0 0
48760b4e-bee8-4052-bb0e-a06fcfef36c0_2face0_426_649_327_399_00008.png,3.65,3.65,0 0 0 0
8cd291b4-6906-4efe-9ee9-db78781b155f_302face0_91_344_330_456_00007.png,3.65,3.65,0 0 0 0
3fc9e25c-47d7-4b6c-9f45-0d206f3fecf6_2face0_330_262_226_307_00004.png,3.65,3.65,0 0 0 0
fb4b4fd2-4bea-4ae9-b3f6-85ca27cafbb1_302face0_449_350_201_260_00004.png,3.65,3.65,0 0 0 0
f32034e3-6992-4adc-9095-639a1fa10931_2face0_369_820_131_168_00003.png,3.65,3.65,0 0 0 0
c6d513ad-7838-4488-b573-b46d641dd28d_902face0_337_227_193_281_00001.png,3.65,3.65,0 0 0 0
45d12147-9487-4259-ba37-1e54dbc6156e_2101face0_105_68_237_303_00001.png,3.65,3.65,0 0 0 0
47207285-3b2e-4129-856c-c16f7a8c1179_302face0_471_184_193_242_00008.png,3.65,3.65,0 0 0 0
7fc0df10-9cbc-4b4f-909d-3acf6a4c5719_2face0_435_229_257_318_00001.png,3.65,3.65,0 0 0 0
ab86b333-4cb7-48a7-b115-80f7e0930046_2face0_464_290_172_218_00001.png,3.65,3.65,0 0 0 0
e9a07c74-4958-4d29-8b33-63b700e5cd7c_302face0_108_254_324_440_00012.png,3.65,3.65,0 0 0 0
b46bb51f-d297-4fa5-b0cc-9e4df706257f_2face0_170_202_684_925_00009.png,3.65,3.65,0 0 0 0
e193ac91-04ca-438f-98da-5b7d18ff12b6_2face0_397_703_210_281_00002.png,3.65,3.65,0 0 0 0
c408d49e-d62c-4d9a-a925-d4959164f235_10000842face0_416_341_189_262_00001.png,3.65,3.65,0 0 0 0
7312dd78-35a9-4d44-aa86-b90f41d37a3e_2face0_278_702_243_314_00008.png,3.65,3.65,0 0 0 0
f4bf4ebf-01ed-4ec0-9673-e254457f0db8_1801face0_482_372_244_318_00001.png,3.65,3.65,0 0 0 0
1414323a-5774-4f0b-a608-ad880b157d6c_10002674face0_343_560_366_471_00001.png,3.65,3.65,0 0 0 0
2afa0ebc-5ec3-4e63-b0ad-841866be99ac_2face0_503_106_309_432_00001.png,3.65,3.65,0 0 0 0
377bbb55-69eb-4dc5-b34e-d90dc4fa0163_2face1_88_245_273_357_00006.png,3.65,3.65,0 0 0 0
91dab8a4-714c-4c27-92fe-009bb6ba2d55_902face0_216_410_475_595_00007.png,3.65,3.65,0 0 0 0
d5353a53-a0ea-416a-a8fd-71b70dc8638e_2face0_234_246_179_222_00001.png,3.65,3.65,0 0 0 0
be0c71f2-1693-4cdb-977e-b1994eeb6f50_2face0_347_719_352_458_00007.png,3.65,3.65,0 0 0 0
50ca64b5-375d-4cff-8d30-29ece407485d_1801face0_432_484_201_249_00001.png,3.65,3.65,0 0 0 0
29b896af-c9f3-4dfd-9d78-234b3ef33388_2face0_224_465_319_418_00001.png,3.65,3.65,0 0 0 0
80204cad-5afe-4091-862f-e5eae2b8f028_2face0_452_564_242_333_00006.png,3.65,3.65,0 0 0 0
7997350e-668d-4967-a458-e39ee1057640_2face0_459_344_229_318_00004.png,3.65,3.65,0 0 0 0
05b2d99c-de3a-4396-9de3-d76696ecf14d_2face0_272_295_327_432_00003.png,3.65,3.65,0 0 0 0
5ea63760-4fd9-4cdc-9cdc-21c6035788dc_602face0_334_192_546_732_00001.png,3.65,3.65,0 0 0 0
2c729902-6fc8-47ae-afea-462338e4a303_1801face0_528_159_254_345_00001.png,3.65,3.65,0 0 0 0
4dec619d-b9ad-4a55-aece-e8c0f88eb99c_2face0_357_682_254_312_00001.png,3.65,3.65,0 0 0 0
0bffe2d0-0f2c-4628-a6ed-35825d565787_2face0_573_456_298_386_00002.png,3.65,3.65,0 0 0 0
5466be4f-d59d-4069-baf8-c784fc6d6616_302face0_431_572_173_229_00001.png,3.65,3.65,0 0 0 0
d1d5251d-fcc9-4848-bbb9-d9f4b4e7baed_2face0_424_577_259_321_00006.png,3.65,3.65,0 0 0 0
f0bfc339-83c6-425d-9b1c-75cfb71bdad9_1800face0_365_562_270_321_00001.png,3.65,3.65,0 0 0 0
b1bf22ab-8a2e-4adf-9bc8-9db081d449fc_2face0_513_529_233_308_00001.png,3.65,3.65,0 0 0 0
5fb929f7-bfbc-42aa-8290-32a9783df59d_2face0_304_689_156_199_00008.png,3.65,3.65,0 0 0 0
c6f3a453-df25-45a3-b360-8c003c3adab2_2face0_598_683_205_288_00007.png,3.65,3.65,0 0 0 0
311d0031-4097-4c93-ab32-9151cf3de0b6_2face0_211_301_663_888_00001.png,3.65,3.65,0 0 0 0
faf0f5eb-a2c2-4109-8c15-6537842bbd31_3000face0_302_345_387_532_00001.png,3.65,3.65,0 0 0 0
f7eba1ae-ef31-40de-92a5-dde2ab34f78f_2face0_475_177_218_299_00001.png,3.65,3.65,0 0 0 0
199e83fb-888b-407f-9509-39eb6a89b4f1_1857face0_373_682_256_316_00001.png,3.65,3.65,0 0 0 0
22581c42-31b2-4124-990b-040b41a9018c_2face0_368_701_151_201_00006.png,3.65,3.65,0 0 0 0
f835a4a5-6869-45ab-a5a3-94e3dd262144_302face0_587_461_235_342_00011.png,3.65,3.65,0 0 0 0
41e365da-7c05-4bca-a318-52f63665819c_602face0_485_62_441_612_00001.png,3.65,3.65,0 0 0 0
21b9e636-8236-4a16-bd51-990188775d10_2face0_776_202_246_333_00007.png,3.65,3.65,0 0 0 0
7d358407-63ed-42b5-9d2b-d21b76e1d546_2face0_118_148_886_1126_00011.png,3.65,3.65,0 0 0 0
df6a1ea0-1cb4-4415-8394-c2294a7ad6bc_2face0_367_297_240_308_00001.png,3.65,3.65,0 0 0 0
557946dc-c127-4713-8ade-76ddb5a2771b_10000306face0_315_677_352_479_00001.png,3.65,3.65,0 0 0 0
4820ed0f-b10c-49f1-a091-dfa8e5c39f41_302face0_76_117_266_379_00001.png,3.65,3.65,0 0 0 0
1c59cb9d-36d3-4366-bfe7-4c2d180a5a15_302face0_336_281_131_168_00001.png,3.65,3.65,0 0 0 0
804beffc-1af5-4c72-915c-ae8f30bc80c1_2face0_443_212_389_540_00009.png,3.65,3.65,0 0 0 0
cbe863a1-96af-4e57-886b-6996809f504f_302face0_488_497_468_593_00005.png,3.65,3.65,0 0 0 0
3bd09274-77b2-4d88-9d8d-058822cfc693_602face0_417_565_161_199_00006.png,3.65,3.65,0 0 0 0
76e5b4e1-2e89-473f-ac08-4101e6819cd9_602face0_268_257_548_728_00001.png,3.65,3.65,0 0 0 0
f9fa277c-2546-4012-a987-34c88bffc820_302face0_369_307_322_416_00006.png,3.65,3.65,0 0 0 0
7cfaad88-dfa9-4cf9-bca0-d2e9ef2cfe92_10000290face0_414_63_320_444_00005.png,3.65,3.65,0 0 0 0
e8c7f11b-fc2c-4932-a22d-796be84ae892_10000977face0_294_892_159_209_00001.png,3.65,3.65,0 0 0 0
4bae879b-a406-4c02-8eaf-ee0cd6002a13_302face0_284_597_396_542_00004.png,3.65,3.65,0 0 0 0
e26df782-a014-4954-ae00-955350ad97de_2face0_250_125_154_209_00001.png,3.65,3.65,0 0 0 0
95870ece-9855-419e-a22e-f3f7d8f4c91e_2face0_442_700_190_262_00001.png,3.65,3.65,0 0 0 0
57bf7cbc-0000-48d6-bcdd-d8f90c8bb995_602face0_239_431_655_873_00004.png,3.65,3.65,0 0 0 0
3889b106-d792-4a26-9eb7-1a2f9351e253_2face0_512_290_158_209_00005.png,3.65,3.65,0 0 0 0
18517989-4b5b-4ab4-ac18-1a5142c2ac33_1801face0_468_723_141_170_00001.png,3.65,3.65,0 0 0 0
744df65f-d466-407f-858f-07c43930cfae_2face0_566_201_313_425_00001.png,3.65,3.65,0 0 0 0
bcda3be5-f6dd-40eb-b71a-bcd654dc78f2_1801face0_340_718_240_320_00001.png,3.65,3.65,0 0 0 0
547a96a5-faae-496f-aefd-ac8c6e88f50c_1801face0_652_141_240_321_00012.png,3.65,3.65,0 0 0 0
9253419e-7a04-4591-899b-cc1f0195d0a1_2face0_185_269_247_323_00001.png,3.65,3.65,0 0 0 0
5a705357-54c3-47c6-9c97-e2b7be912547_10000673face0_284_111_169_242_00006.png,3.65,3.5789473684210527,0 0 0 0
1404af0b-e6c9-4f4e-92fe-c89f10c5aee2_2face0_291_619_282_366_00005.png,3.65,3.65,0 0 0 0
fb8a6ba0-9c44-4eb8-a6f0-611b3e309f89_10000655face0_461_862_193_270_00003.png,3.65,3.65,0 0 0 0
828c2f32-5d54-45e8-8bdf-f829b510e54a_2face0_282_372_190_264_00001.png,3.65,3.65,0 0 0 0
7db6d1a5-f937-4079-b6d0-b9750cc27406_2face0_503_255_446_595_00006.png,3.65,3.65,0 0 0 0
dc4d1c1b-c241-4453-b27c-fcdc852b8b23_2face0_504_427_334_442_00010.png,3.65,3.65,0 0 0 0
26f83a04-81eb-4348-a37c-2c950d1cf2e0_2face0_393_302_427_567_00001.png,3.65,3.65,0 0 0 0
ffeec322-86b1-4257-967e-e3131392522f_2face0_425_756_163_214_00001.png,3.65,3.65,0 0 0 0
3b83e0d3-aa24-4c70-b6fb-2330c5303888_602face0_246_86_611_847_00001.png,3.65,3.65,0 0 0 0
af67e612-0104-44cc-bb42-bcdb7e15d210_2face0_501_261_268_386_00001.png,3.65,3.65,0 0 0 0
6d9f04ca-69a4-4147-8f69-c14159c54fd5_2face0_343_706_246_316_00012.png,3.65,3.65,0 0 0 0
462da3f5-11c5-43a8-b2cd-416ece2a2f01_2face0_204_273_581_771_00001.png,3.65,3.65,0 0 0 0
a92c750f-6649-4916-b317-5fe04c414fef_2face0_789_263_217_268_00001.png,3.65,3.65,0 0 0 0
73d0dc91-1484-441b-80bd-3c8ef6fa9c76_2face0_427_291_190_259_00001.png,3.65,3.65,0 0 0 0
becfdda6-67b5-4036-80d6-63bec8ec182e_3713face0_126_950_410_536_00002.png,3.65,3.65,0 0 0 0
f12748d1-0277-4358-bb68-734b802dd0f7_2face0_388_291_207_251_00007.png,3.65,3.65,0 0 0 0
6135cec2-fdef-490c-8d29-916d9f7f49c8_2face0_425_299_527_647_00004.png,3.65,3.65,0 0 0 0
0eaebe95-e5cd-4256-889e-22275c00a927_1794face0_472_554_250_312_00001.png,3.65,3.65,0 0 0 0
45156e74-f5f1-4909-9b33-ddb0913ddc09_2face0_569_477_243_290_00001.png,3.65,3.65,0 0 0 0
717c6068-888d-4b10-81ad-46f35105f2ac_302face0_375_333_137_186_00001.png,3.65,3.65,0 0 0 0
d3dca808-6df3-4ea4-9f77-11d971253db9_2face0_486_599_247_333_00002.png,3.65,3.65,0 0 0 0
02faf7be-fa60-425d-9a62-93af30011a00_302face0_138_504_499_630_00011.png,3.65,3.65,0 0 0 0
bd9ed333-a76d-485a-b34f-cddd89755ae8_302face0_753_499_184_247_00001.png,3.65,3.65,0 0 0 0
264b0040-0f96-4880-98c0-a02eb581d5f2_1799face0_283_648_214_255_00002.png,3.65,3.65,0 0 0 0
499b8e72-58c3-492b-8b5b-f40738aa8925_302face0_416_591_253_310_00002.png,3.65,3.65,0 0 0 0
f3085408-5da3-41f9-9235-63ba9449dbca_2face0_533_92_386_516_00001.png,3.65,3.65,0 0 0 0
6b8ce3f1-255a-4459-b69c-e06c2d34d0e7_10001196face0_444_676_254_338_00001.png,3.65,3.65,0 0 0 0
357cb8d2-c797-4ddc-bcb4-279319f1274f_302face0_137_333_397_508_00001.png,3.65,3.65,0 0 0 0
51b4b31b-54f1-487d-8f81-9c6cf1f29c9c_2face0_446_376_280_397_00001.png,3.65,3.65,0 0 0 0
e127b707-a929-468a-a312-daa1e3727282_602face0_438_58_382_573_00007.png,3.65,3.65,0 0 0 0
ec7fed6b-5c33-466f-a78f-ad1ca9c78caf_2face0_278_696_435_573_00002.png,3.65,3.65,0 0 0 0
92293fdd-c4c9-48b4-a35a-7680c324211c_602face0_381_475_333_438_00001.png,3.65,3.65,0 0 0 0
bcbe079e-b843-4681-9c29-0c3a81499e18_2face0_504_238_348_466_00008.png,3.65,3.65,0 0 0 0
5bca995d-f552-48b2-9e3f-1efa5e2b0784_10001799face0_421_745_232_292_00001.png,3.65,3.65,0 0 0 0
72cd7ff6-e180-4341-9d08-3dc82fb541db_10000599face0_359_552_189_257_00001.png,3.65,3.65,0 0 0 0
a8f9d92f-c122-4944-b5a3-088441dc3281_902face0_503_632_163_222_00001.png,3.65,3.65,0 0 0 0
f33c8d9e-84ef-407e-a66b-8f148150082e_2face0_500_238_481_629_00006.png,3.65,3.65,0 0 0 0
d4e47343-4c58-4169-a421-897dcd6ee03d_302face0_540_344_211_275_00010.png,3.65,3.65,0 0 0 0
da99b979-428d-4614-af05-98708cf7bd26_2face0_615_567_282_366_00009.png,3.65,3.65,0 0 0 0
e2a3b60f-8d40-4b4b-996b-b17912218fb1_602face0_547_784_125_173_00001.png,3.65,3.65,0 0 0 0
5d837564-eb47-4879-a336-84c0e090aabd_1801face0_405_786_242_303_00001.png,3.65,3.65,0 0 0 0
6e36110c-2c32-4361-b98b-92c651f19e91_10003799face0_451_628_256_329_00001.png,3.65,3.65,0 0 0 0
11338e32-8a67-4d4e-913f-a54c0b8fe03d_10000964face0_367_118_204_277_00001.png,3.65,3.65,0 0 0 0
d4194c78-a018-4e4d-8599-8881dcd37d58_302face0_507_373_237_307_00001.png,3.65,3.65,0 0 0 0
e2af016a-e603-4e30-9c7a-4b4701728a3b_10000886face0_415_543_313_399_00002.png,3.65,3.65,0 0 0 0
3e7b08ba-0237-4dfd-8f7f-83b704c7d44b_2face0_292_262_326_399_00001.png,3.65,3.65,0 0 0 0
60786904-1959-4273-ba63-421039265386_2face0_406_390_482_595_00001.png,3.65,3.65,0 0 0 0
df6c10ec-c09f-4978-8fd5-010cc14a558b_2face0_392_608_382_529_00001.png,3.65,3.65,0 0 0 0
9e3f9ba4-db2d-49c4-ab0b-ccdf23122d4b_2face0_486_559_243_320_00001.png,3.65,3.5789473684210527,0 0 0 0
cb04dd67-82a0-4f94-9cc2-6a7cd36e06a0_2face0_190_283_382_484_00002.png,3.65,3.65,0 0 0 0
61d1f7ae-7383-4b60-8b9d-26f654f96328_1800face0_424_524_260_357_00002.png,3.65,3.65,0 0 0 0
7bf75efd-b729-48a7-96ac-8681f4ccc184_2face0_191_426_359_479_00001.png,3.65,3.65,0 0 0 0
c9f6b585-a1cb-42a1-8b21-27a406e59e65_2face0_90_117_645_863_00001.png,3.65,3.65,0 0 0 0
888753c7-2652-417f-814a-9f415d76fc90_302face0_393_569_243_331_00005.png,3.65,3.65,0 0 0 0
b9d83659-e919-4e1f-8f49-5efdc40a8333_2102face0_254_577_361_464_00006.png,3.65,3.65,0 0 0 0
2ae041dd-f11d-48c7-b1c1-7abf548bc248_10002231face0_373_656_257_331_00002.png,3.65,3.65,0 0 0 0
9f366dd4-375e-4363-a56e-0a184f88b7c6_1801face0_357_592_222_296_00001.png,3.65,3.65,0 0 0 0
ea57fcec-0efa-49bb-b9f6-87aa11f7ba8f_902face0_311_104_341_486_00001.png,3.65,3.65,0 0 0 0
60b25131-6ca9-4422-8158-391fd1af98a0_302face0_468_427_232_299_00007.png,3.65,3.65,0 0 0 0
9d7cd084-b04a-4b20-8670-e79212f57173_2face0_396_270_211_273_00002.png,3.65,3.65,0 0 0 0
ef44520b-aa8c-4f42-97ce-2d062d308067_2face0_372_187_243_329_00006.png,3.65,3.65,0 0 0 0
51a1ecf0-5aab-4e5a-b1d2-095579bc2dd4_2face0_423_583_179_222_00001.png,3.65,3.65,0 0 0 0
b2010e0d-9ecc-41fc-8a1e-81dc9911a041_302face0_327_341_331_440_00006.png,3.65,3.65,0 0 0 0
458e5035-6fc6-4a4d-805a-106b6da8460f_302face0_673_593_182_229_00005.png,3.65,3.5789473684210527,0 0 0 0
22af4a77-60d1-439c-acbe-e96b6c8811d8_3900face0_442_566_253_327_00001.png,3.65,3.65,0 0 0 0
73da8164-9fbb-47c3-a5e2-851bd1c0a61e_302face0_71_488_653_865_00001.png,3.65,3.65,0 0 0 0
200cf33e-39f0-40dd-8e4e-65f45c0e7297_10000300face0_437_551_169_212_00001.png,3.65,3.65,0 0 0 0
d2b17638-baab-4814-b99b-8a59da91be12_2face0_402_427_435_562_00001.png,3.65,3.65,0 0 0 0
6dfe2917-3dc9-4c45-a71d-3ff8c0eca009_2face0_539_336_214_281_00002.png,3.65,3.65,0 0 0 0
22b3f96b-9269-4fba-a7cb-8e5eb31b1d44_10001789face0_306_176_344_451_00003.png,3.65,3.65,0 0 0 0
43396763-3b48-42da-921b-49f1eda9ec8f_902face0_534_170_294_397_00010.png,3.65,3.65,0 0 0 0
c17559a3-65e9-4956-9794-750cf1ad2961_302face0_453_701_233_296_00001.png,3.65,3.65,0 0 0 0
25b5652c-b595-4830-b799-c01af01fd54e_2face0_445_295_193_264_00001.png,3.65,3.65,0 0 0 0
82686abc-6ab9-4e4c-a361-473f5dea1225_302face0_494_768_141_186_00001.png,3.65,3.65,0 0 0 0
05405278-c096-4f27-9a4e-63bd7e0e689c_1801face0_59_313_303_390_00004.png,3.65,3.65,0 0 0 0
c89cf67d-99fc-4390-95da-faddcf4bb62a_2face0_460_371_254_321_00011.png,3.65,3.65,0 0 0 0
7af8a353-6551-451f-a177-be27fb6ba4e5_2face0_374_368_312_427_00001.png,3.65,3.65,0 0 0 0
f77b2a78-276d-43ea-a165-eb14e5a31946_2face0_579_414_177_249_00006.png,3.65,3.65,0 0 0 0
0c5dfc71-206e-4202-8a6a-9e78475a2d1b_10001879face0_184_439_163_192_00001.png,3.65,3.65,0 0 0 0
3c143bd4-6547-41eb-8c11-0c9ee50bea98_2face0_391_401_207_281_00012.png,3.65,3.65,0 0 0 0
6c41fffd-0d89-4d74-bafa-fefe7a2a95d3_302face0_233_686_246_334_00011.png,3.65,3.65,0 0 0 0
84be8ccf-782c-46f6-95dc-717752c5e89b_302face0_651_526_179_223_00005.png,3.7,3.7,0 0 0 0
5c183188-e577-46cd-a266-c6e5a287e808_2face0_393_344_372_493_00006.png,3.7,3.7,0 0 0 0
d1fc2faa-6c51-476c-8cf9-736392a73b7c_2face0_541_613_247_310_00004.png,3.7,3.7,0 0 0 0
955278e7-1c0f-44cf-9e78-8038c5669f2e_602face0_485_724_141_199_00003.png,3.7,3.7,0 0 0 0
ac124605-beb0-4022-8ee0-558493f0a4c2_2face0_64_199_721_989_00008.png,3.7,3.7,0 0 0 0
788015c7-675c-4b56-8f20-5f14c3eb347f_2face0_421_405_329_438_00002.png,3.7,3.7,0 0 0 0
8997c460-9563-4775-96f1-cf0065f8ce3a_10000667face0_485_689_154_209_00001.png,3.7,3.7,0 0 0 0
86d97dcb-d90f-4700-95ce-561b1f84ca4f_10001800face0_240_132_242_334_00001.png,3.7,3.7,0 0 0 0
1cf34458-0959-45b2-9c3a-6060ac9ff80d_2face0_441_425_261_353_00009.png,3.7,3.7,0 0 0 0
e2fbc82e-3e37-466d-b44f-09e849276d58_302face0_569_364_219_299_00001.png,3.7,3.7,0 0 0 0
9614efba-be76-4295-b419-d954542f90b5_302face0_447_59_309_438_00012.png,3.7,3.7,0 0 0 0
f4489790-e3db-4a49-ac30-952f7b43f158_10000101face0_436_542_270_321_00001.png,3.7,3.7,0 0 0 0
a086f1af-bc70-4a56-80c2-60c656a216b1_5539face0_416_484_176_238_00001.png,3.7,3.7,0 0 0 0
eeb9bfbd-84b8-4b40-ac11-deb0ea987beb_2face0_406_544_263_340_00001.png,3.7,3.631578947368421,0 0 0 0
ecefda6c-9241-410e-b9de-2a0581d27eb5_602face0_516_85_306_405_00008.png,3.7,3.7,0 0 0 0
b0662b06-9c6d-4a62-a4ce-b27f322b3a0d_10004709face0_374_665_415_43100007.png,3.7,3.7,0 0 0 0
c5a8ed96-5ae3-4c12-9b18-1b19ef0d65ec_2face0_84_147_562_775_00001.png,3.7,3.7,0 0 0 0
8e140974-107c-4e81-9825-eeadbc9d12d3_1801face0_338_667_205_264_00001.png,3.7,3.7,0 0 0 0
33e3f00d-57bd-4029-a615-6784e7030ee0_2face0_292_653_229_303_00003.png,3.7,3.7,0 0 0 0
6f7676b7-0005-494d-8433-b121aa8f6b4b_2face0_234_325_323_414_00001.png,3.7,3.7,0 0 0 0
e57b978d-e7ed-49f1-9342-17efccd44e02_2face0_442_399_172_229_00004.png,3.7,3.7,0 0 0 0
c579df7e-9089-4b31-bd32-833bb3ad68be_2face0_302_453_425_567_00001.png,3.7,3.7,0 0 0 0
6fdbe49a-5857-49ba-a6b3-72a4ad81e7c8_302face0_321_204_345_508_00002.png,3.7,3.7,0 0 0 0
5af141b8-45cb-4f6d-b10f-2b406696fa3e_902face0_378_318_256_340_00002.png,3.7,3.7,0 0 0 0
6c033e06-99ef-48f1-807b-80556cefa9ac_302face0_214_257_463_603_00002.png,3.7,3.7,0 0 0 0
dd9c8bfe-c91e-47d1-a2d7-337b6dc42129_1801face0_111_621_641_863_00002.png,3.7,3.7,0 0 0 0
74778155-8d57-4be3-bc3e-aff5238c558b_2face0_422_137_235_310_00003.png,3.7,3.7,0 0 0 0
4d88d315-c4d9-4317-97d0-6667d5fb87a0_2101face0_556_553_200_253_00001.png,3.7,3.7,0 0 0 0
eaa0507e-83c8-4e87-ba17-f48aad8242f2_302face0_458_383_169_225_00001.png,3.7,3.7,0 0 0 0
b8184135-0525-43be-aa5c-5956179e913b_2face0_350_337_200_266_00001.png,3.7,3.7,0 0 0 0
b4d870f0-fa53-4d82-a4d7-36b80212104c_2face0_396_552_291_384_00002.png,3.7,3.7,0 0 0 0
dc217173-afe1-4b65-bc77-fbda7a2c14ce_3598face0_665_473_256_344_00006.png,3.7,3.7,0 0 0 0
2fa3a658-4ab2-40d8-9eba-16640dd4d376_1801face0_389_369_253_323_00001.png,3.7,3.7,0 0 0 0
47c121d3-b7b8-487e-a3b9-5734d6b6b84a_2face0_100_1174_485_653_00001.png,3.7,3.7,0 0 0 0
7e115ddc-f054-48bc-823b-3f2076c5845d_2face0_538_376_182_234_00012.png,3.7,3.7,0 0 0 0
53929f96-bb73-46f5-b1b5-0ceec553681c_1801face0_778_843_221_297_00001.png,3.7,3.7,0 0 0 0
eb6b877d-52cb-415e-9ac6-82c6cefecb11_2face0_757_342_225_296_00004.png,3.7,3.7,0 0 0 0
11301bf3-d857-408a-a852-5d2e955ee899_10000388face0_636_481_190_264_00009.png,3.7,3.7,0 0 0 0
4c0c50c5-77c9-4e8c-af7b-d9c22c4c812c_2face0_254_215_651_913_00001.png,3.7,3.7,0 0 0 0
8832f030-18c9-4b9a-af6a-fb1c3cb39b56_2face0_339_135_298_392_00001.png,3.7,3.7,0 0 0 0
802498f9-4b93-407b-8fc8-ab11a87ebbad_10000364face0_138_265_228_305_00001.png,3.7,3.7,0 0 0 0
294ebb4d-9e0e-4c2c-ae9c-27c5d3023e2e_602face0_314_55_250_308_00004.png,3.7,3.7,0 0 0 0
282befee-caff-4d4d-9336-b01a903ad866_2face0_513_335_214_279_00001.png,3.7,3.7,0 0 0 0
9e0c483a-036b-47ae-8cdd-0f51a6101071_2face0_88_285_343_451_00003.png,3.7,3.7,0 0 0 0
1f65cc84-00f4-4885-9d14-8cef7cf1951a_1502face0_467_395_242_312_00002.png,3.7,3.631578947368421,0 0 0 0
c7002545-9339-4c2f-9b39-d6d463208978_2face0_305_84_527_656_00012.png,3.7,3.7,0 0 0 0
c61692a1-141b-4b96-aec8-54f541ca1f82_2face0_249_61_281_371_00002.png,3.7,3.7,0 0 0 0
9508d6b6-a1aa-4727-a3b0-eb1e121d8f11_2face0_633_545_142_190_00004.png,3.7,3.7,0 0 0 0
2e0a5674-b83a-420c-81fb-4b6e0f0ca7a0_2face0_337_300_330_416_00003.png,3.7,3.631578947368421,0 0 0 0
999b03d8-2c8c-473e-9226-9365e048d0b4_2face0_256_271_431_577_00001.png,3.7,3.7,0 0 0 0
d6367b93-8f3d-42e6-ba85-4a78c89663fa_2face0_452_409_200_270_00001.png,3.7,3.7,0 0 0 0
a305107b-c06f-4a1c-8489-46e4e2ecd99e_2face0_346_203_487_623_00005.png,3.7,3.7,0 0 0 0
beeea866-9e67-43d4-8c2c-e0153a8a7937_2face0_156_480_439_566_00001.png,3.7,3.7,0 0 0 0
febce800-47d0-4484-94c3-5d63b64a97df_2face0_449_624_267_345_00007.png,3.7,3.7,0 0 0 0
a1adbdc2-3b4d-4b38-94dd-557d31e53b3d_302face0_340_330_263_360_00001.png,3.7,3.7,0 0 0 0
88e52572-faf9-4314-8290-488400662622_302face0_812_915_207_259_00012.png,3.7,3.7,0 0 0 0
274c2689-d444-43f5-8fe5-5d0334fb3e04_2face0_420_320_264_329_00001.png,3.7,3.7,0 0 0 0
6361b41d-424f-49de-9395-467616989a8a_2face0_363_355_288_373_00001.png,3.7,3.7,0 0 0 0
0c2e0c5e-5c13-4a8c-b6ce-d319337ad1ec_2face0_547_252_298_405_00003.png,3.7,3.7,0 0 0 0
1fff3986-6fea-4f48-80f5-f81959aa9869_302face0_271_64_298_436_00003.png,3.7,3.7,0 0 0 0
d704f0b5-7681-4ca8-aa6a-45caf26e4143_302face0_385_544_288_379_00003.png,3.7,3.7,0 0 0 0
dfeae05e-912c-444e-8e12-fe42aad57bec_302face0_394_71_210_273_00001.png,3.7,3.7,0 0 0 0
f5a21878-8406-4856-b444-cc1d9974ebb4_2face0_446_683_243_296_00002.png,3.7,3.7,0 0 0 0
6f01120e-17ad-450c-8686-b3332379e768_2face0_560_260_316_384_00001.png,3.7,3.7,0 0 0 0
243b7c7a-ceb2-4b4e-a703-3ff9dd88dc8c_10000626face0_404_671_235_299_00004.png,3.7,3.7,0 0 0 0
f36c04ab-e369-4f05-b9d0-2db261207dd2_2face0_469_195_298_407_00003.png,3.7,3.7,0 0 0 0
5235361d-05c9-4a9f-9d28-c2eb08252a54_302face0_437_1051_155_212_00001.png,3.7,3.7,0 0 0 0
c43d5821-f89b-4ac7-95db-07222c06c547_1801face0_286_771_263_325_00002.png,3.7,3.7,0 0 0 0
7f9c1abf-f09e-43e0-8b2a-850acc5c7e35_2face0_622_265_343_469_00001.png,3.7,3.7,0 0 0 0
8b16a268-21de-4b0c-8d0b-700dff10df7f_2face0_428_103_254_345_00003.png,3.7,3.7,0 0 0 0
a5ef9539-19cd-42b0-9363-f176934da560_2face0_256_231_261_331_00001.png,3.7,3.7,0 0 0 0
8911bec0-f731-43c9-8ac3-23faa4a6199e_2face0_390_209_266_344_00001.png,3.7,3.7,0 0 0 0
c4d49118-9107-4305-a8bb-fc8c662b7017_2face0_503_63_317_432_00001.png,3.7,3.7,0 0 0 0
ac0ae9b5-bd8a-45ab-ad8a-51f6ef0268c9_10001313face0_811_487_166_214_00001.png,3.7,3.7,0 0 0 0
1d0281e0-2acc-4d64-86e8-2f8723f18f86_302face0_437_410_256_344_00005.png,3.7,3.7,0 0 0 0
5c10b001-6247-4561-bcdb-3456bdcd1469_2face0_343_135_380_475_00003.png,3.7,3.7,0 0 0 0
a8052fe4-f928-4094-85af-d9f525e950ab_1800face0_657_713_246_325_00001.png,3.7,3.7,0 0 0 0
e6d50027-0faf-4681-834f-ca76f3005510_2face0_300_74_373_484_00011.png,3.7,3.7,0 0 0 0
30fff757-bac2-446e-a968-c8e1b6420012_2face0_499_519_166_214_00003.png,3.7,3.7,0 0 0 0
84ebbb67-bc88-48fb-ab55-72643153a1ee_302face0_289_507_218_294_00005.png,3.7,3.7,0 0 0 0
1742ef54-ff1f-4f6a-b845-4d771336f09b_2face0_130_390_667_797_00003.png,3.7,3.7,0 0 0 0
bb402d52-bb4d-4427-b31c-897da2db8059_602face0_384_322_266_370_00001.png,3.7,3.7,0 0 0 0
6f20a501-94b7-4327-99f9-ea0aea030d52_2face0_462_63_197_288_00001.png,3.7,3.7,0 0 0 0
f94b0047-1ac5-4276-824d-5acf7c0617e5_302face0_311_298_282_381_00004.png,3.7,3.7,0 0 0 0
f31b9d78-bafa-4b4d-9811-de59d2fd43f0_302face0_364_84_235_314_00002.png,3.7,3.7,0 0 0 0
0850a02a-ef39-46af-a437-27836f0eadc2_302face0_667_272_203_288_00007.png,3.7,3.7,0 0 0 0
cc92135b-202a-4c41-b40b-1e2895b2766b_2face0_98_451_610_782_00003.png,3.7,3.7,0 0 0 0
c7578aac-8443-4d6f-8187-9cc74ff61c45_2face0_411_822_267_334_00001.png,3.7,3.7,0 0 0 0
89c69cd0-344c-47ca-9f8d-9dffa4802489_1784face0_432_298_330_445_00003.png,3.7,3.7,0 0 0 0
831cf786-586e-4057-8fd7-2255419b17d7_902face0_290_511_254_331_00010.png,3.7,3.7,0 0 0 0
f0969887-35e8-4a96-a94a-f90efcdfb118_2face0_126_298_229_294_00007.png,3.7,3.7,0 0 0 0
535081f6-74d3-4e19-9b4c-ddd80bb6dbc4_2face0_254_230_140_183_00007.png,3.7,3.7,0 0 0 0
d32dc6ee-d1a9-4f9e-876c-73a25d9aabaa_2face1_392_577_322_373_00001.png,3.7,3.7,0 0 0 0
6e4d93f7-7206-44cc-9a8a-6ea89372d8d1_2face0_591_346_347_444_00008.png,3.7,3.7,0 0 0 0
7c1619b9-c053-4dab-b3c0-e2f53cdbed35_2face0_371_209_275_360_00004.png,3.7,3.7,0 0 0 0
57093b04-31b2-40f6-86e3-c8270a15737a_2face0_412_688_334_440_00001.png,3.7,3.7,0 0 0 0
dedf1002-fbd2-4f8a-8fda-091eb6e4abd8_2face0_461_677_302_371_00001.png,3.7,3.7,0 0 0 0
38e6734c-c7c5-4bce-b6ab-a4944b86c120_2face1_416_625_294_362_00005.png,3.7,3.7,0 0 0 0
d293d949-e2c6-4956-904e-4cca0e1283c8_3424face0_410_755_235_305_00001.png,3.7,3.7,0 0 0 0
95792377-c38d-464f-bc2d-7e160ae133f6_2face0_602_449_173_231_00003.png,3.7,3.7,0 0 0 0
170a199b-2708-4176-a7ee-2e5ac889f2bc_302face0_355_414_376_481_00001.png,3.7,3.7,0 0 0 0
e721cbf3-9e8d-48c0-b0c7-1953f896731b_2face0_466_774_264_336_00001.png,3.7,3.7,0 0 0 0
4e5bff33-2376-419d-93be-a2efeb3d4833_2face0_91_115_519_697_00001.png,3.7,3.7,0 0 0 0
5fe56376-8de5-4977-80a5-d3bf5af92644_2face0_335_434_233_305_00001.png,3.7,3.7,0 0 0 0
0c43f114-0bbf-466d-9db0-be448f8d7353_1851face0_589_442_410_508_00001.png,3.7,3.789473684210526,0 0 0 0
dcf2e85b-1b08-4840-b110-ed733ef2454e_2face0_701_122_232_323_00001.png,3.7,3.7,0 0 0 0
54591600-99d5-44a6-8aec-9e6984a7460b_2face0_353_107_323_453_00001.png,3.7,3.7,0 0 0 0
f7079bfb-0db6-452e-9804-58a44153c4ed_2face0_234_220_593_765_00002.png,3.7,3.7,0 0 0 0
be8dbd02-5f1a-430c-880d-6267ea61a530_2face0_659_75_327_462_00001.png,3.7,3.7,0 0 0 0
01fe3e1d-c036-419f-9f3c-a921b1035281_10001064face0_391_670_244_318_00002.png,3.7,3.7,0 0 0 0
94f0c31f-7bb9-46a3-aeec-70af73ac294b_2385face0_526_631_266_345_00003.png,3.7,3.7,0 0 0 0
630a4468-0bbf-4ded-9986-a92d13c8d278_2face0_276_466_569_688_00003.png,3.7,3.7,0 0 0 0
f7f06290-9671-4af2-9f1c-c5b4a11f40b0_2face0_243_223_526_719_00001.png,3.7,3.7,0 0 0 0
09b062bd-d8ae-4dea-ab7c-0cfbc50d3cb1_302face0_259_345_431_575_00009.png,3.7,3.7,0 0 0 0
5e286f35-cc8c-485b-9d85-496441c0811a_302face0_353_435_298_421_00001.png,3.7,3.7,0 0 0 0
576232a7-e773-4003-b8d2-2605c9c6545d_2face0_404_475_176_218_00001.png,3.7,3.7,0 0 0 0
e1d07040-b230-43f8-9a6e-31029223e22b_2157face0_405_94_271_399_00001.png,3.7,3.7,0 0 0 0
3c4aff31-8ece-42b0-a8f1-8aa1df3cb844_2face0_582_468_207_292_00008.png,3.7,3.7,0 0 0 0
66a6485a-11bc-41a0-ad24-b3d14c10b78a_3001face0_565_562_144_196_00007.png,3.7,3.7,0 0 0 0
85572bdb-df85-47dc-8087-d16aae18930f_302face0_65_421_200_266_00012.png,3.7,3.7,0 0 0 0
a05cb3df-7ffd-4b42-9f6b-185a0d746651_2face0_337_493_250_342_00011.png,3.7,3.7,0 0 0 0
39b568aa-e786-4a14-866a-8432f24e0c81_1802face0_465_595_186_242_00001.png,3.7,3.7,0 0 0 0
1f307671-a1e2-49dd-ad8c-fa8857dfcac5_1801face0_486_103_389_449_00001.png,3.7,3.7,0 0 0 0
9cc43cd3-bdfa-4db8-a323-e7cccf2a8a42_2face0_386_170_179_240_00012.png,3.7,3.7,0 0 0 0
d88d65be-8b27-4e34-a61a-bb5576406bec_2face0_281_118_242_314_00001.png,3.7,3.7,0 0 0 0
6592639f-499e-4fec-bae6-6e2b7f86c268_2face0_307_214_641_838_00001.png,3.7,3.631578947368421,0 0 0 0
0ea87a77-9a99-456c-aed5-25a2d75cb58c_302face0_298_57_344_449_00001.png,3.7,3.7,0 0 0 0
ab14b7dd-f9e2-4f2c-b7f3-d1d3d30e49a4_10001519face0_291_838_280_347_00001.png,3.7,3.7,0 0 0 0
c501781b-2c78-45d7-b066-d2052a9459da_1202face0_408_168_351_451_00006.png,3.7,3.7,0 0 0 0
f68399a6-2c39-4bc2-b81e-60a77d3e23d6_2face0_207_104_296_394_00007.png,3.7,3.7,0 0 0 0
b912437b-0e00-41ce-9a19-f7d1d0450b1e_1801face0_327_589_214_299_00001.png,3.7,3.7,0 0 0 0
61322083-1e20-4210-be0d-fa6720ef3878_602face0_298_475_159_210_00008.png,3.7,3.7,0 0 0 0
7675f20d-e953-4854-87de-a864af077804_602face0_214_640_166_227_00010.png,3.7,3.7,0 0 0 0
61166bdd-7e5f-4fc1-b778-988af52c1c51_2face0_240_554_429_534_00003.png,3.7,3.7,0 0 0 0
3e1c0468-1d77-4505-98fe-126a771e14bc_2face0_516_837_149_196_00004.png,3.7,3.7,0 0 0 0
cbb1d53e-e374-41c0-aad7-b52caaefb43a_1801face0_273_101_237_308_00004.png,3.7,3.7,0 0 0 0
a489abf1-50f9-4c29-9315-5612408a1af1_10001532face0_510_352_197_271_00003.png,3.7,3.7,0 0 0 0
f63a0d13-2218-45dd-bc76-a3cc02fbb9e6_1801face0_477_100_390_506_00003.png,3.7,3.7,0 0 0 0
67cf248f-d289-4158-8908-93b3843d457e_2face0_304_337_225_284_00001.png,3.7,3.7,0 0 0 0
b292e3bf-4ce0-4ebc-9def-21e6449077e7_1780face0_423_396_250_333_00002.png,3.7,3.7,0 0 0 0
be1cc463-2520-44ea-b53a-6b8e0a4c53d1_2face0_476_293_222_296_00001.png,3.7,3.7,0 0 0 0
f94df86b-14e7-47d6-8478-0e2cd9ec140a_2face0_218_679_574_777_00001.png,3.7,3.7,0 0 0 0
d50acbeb-6e73-4777-bd99-bef61c379187_1801face0_455_476_291_366_00001.png,3.7,3.7,0 0 0 0
5930ecce-0b06-47b8-948b-874350f34357_2face0_121_59_410_573_00001.png,3.7,3.7,0 0 0 0
73e45e2f-9383-4820-9d87-ef553f39dab5_10000000face0_398_304_287_390_00003.png,3.7,3.7,0 0 0 0
a1e7ad56-ebaf-4eb4-866c-e4b2fe999e10_302face0_683_156_323_458_00002.png,3.7,3.7,0 0 0 0
df1ef2f6-1549-4184-8b38-fd4f3908f380_2face0_114_193_567_714_00005.png,3.7,3.7,0 0 0 0
4aadd225-68f9-46d7-8722-bfe56dac44b2_1789face0_477_684_225_294_00001.png,3.7,3.7,0 0 0 0
d7905ac4-aaee-47c6-8042-d5a2f4516acc_2face0_465_639_324_425_00002.png,3.7,3.7,0 0 0 0
0d3a2cc9-3b2b-4498-be32-adfa1dc8d25e_1801face0_395_364_256_345_00001.png,3.7,3.7,0 0 0 0
4368cfba-323d-4a40-9f01-b2f69fc9aaf7_2101face0_585_628_203_284_00001.png,3.7,3.7,0 0 0 0
a55ba3e1-25b0-4831-ad02-d29dab897d2f_2face0_514_235_372_518_00002.png,3.7,3.7,0 0 0 0
2f7de85f-85aa-4644-9d0f-67cc39f446b2_2face0_172_197_443_630_00008.png,3.7,3.7,0 0 0 0
530f7800-108f-45ef-af2b-ffd0c6f3fded_2face0_702_364_319_412_00006.png,3.7,3.7,0 0 0 0
9cdc7ca5-6dc4-4637-b921-1b8c99b0e380_2face0_485_201_233_312_00011.png,3.7,3.7,0 0 0 0
64b6d01d-31d5-4903-8270-c3ba740799d4_2face0_621_58_266_347_00001.png,3.7,3.7,0 0 0 0
603987e4-b471-4f9b-955a-1e339f24fd57_302face0_295_708_145_197_00001.png,3.7,3.7,0 0 0 0
8293cb67-b3a5-4ad1-a943-617f799301da_902face0_448_58_326_421_00008.png,3.7,3.7,0 0 0 0
64908d19-fa32-451d-b3c9-e1aaa7b1692e_10000001face0_446_120_292_366_00001.png,3.7,3.7,0 0 0 0
1c049242-37ec-4da8-bb80-ce183e60a95c_302face0_241_310_196_260_00001.png,3.7,3.7,0 0 0 0
11f54ce6-6668-4e61-b28c-9f19d19122ac_2face0_351_348_180_242_00001.png,3.7,3.7,0 0 0 0
f4622c55-c53b-4375-929d-92b42adc42c0_10001030face0_208_248_565_732_00001.png,3.7,3.7,0 0 0 0
246624fa-8a47-4ecd-87e4-bd3a70b3b990_2face0_454_734_173_216_00001.png,3.7,3.7,0 0 0 0
95438a3f-0b0c-48e6-b4f1-3d94d5718510_1787face0_414_496_408_588_00005.png,3.7,3.7,0 0 0 0
5c5840cd-6af7-431c-bf47-95c08277b10c_2face0_386_432_180_247_00002.png,3.7,3.7,0 0 0 0
2213b2c1-deba-4caa-a4c2-e45d502c9b47_302face0_525_358_187_259_00001.png,3.7,3.7,0 0 0 0
4aec64e3-aa60-4613-a8d3-269f9267251e_302face0_387_616_242_327_00001.png,3.7,3.7,0 0 0 0
e7a9a988-4f4b-4bb1-b076-e4cc4e5d9b8b_602face0_773_556_207_264_00001.png,3.7,3.7,0 0 0 0
43dd2dee-e1bd-4105-bb13-a2887308033b_2face0_670_408_253_333_00001.png,3.7,3.7,0 0 0 0
e7918f8e-81be-48c1-a493-9840e675023e_2face0_255_421_519_686_00001.png,3.7,3.7,0 0 0 0
abd03eb4-5145-4c29-9073-2d4851cfee36_2face0_414_589_226_277_00001.png,3.7,3.7,0 0 0 0
ac527985-2d13-491b-81f1-049cdebca43c_302face0_242_373_602_791_00003.png,3.7,3.7,0 0 0 0
5244b46f-d5d1-40e6-9d4b-c3c1fd864ba0_902face0_500_161_219_297_00002.png,3.7,3.7,0 0 0 0
caa3768e-3c5c-4528-bac4-6b0061657aa0_1799face0_354_557_278_381_00001.png,3.7,3.7,0 0 0 0
d23b87d0-1e5c-45b9-ad96-c7e8bc11e7d8_2face0_393_385_172_238_00001.png,3.7,3.7,0 0 0 0
bdd01bc2-60f3-4408-9267-afdc1bdf53db_10000290face0_308_187_250_360_00007.png,3.7,3.7,0 0 0 0
d57db73b-863b-482d-9e2c-1e9c39b7fa0e_2face0_422_268_280_382_00001.png,3.7,3.7,0 0 0 0
3d871c63-d33f-4db6-be0e-8eec4e68e0fd_2face0_233_180_340_432_00001.png,3.7,3.7,0 0 0 0
5b051368-7c91-41cf-946f-3feeec3efe58_2face0_373_784_266_347_00001.png,3.7,3.7,0 0 0 0
dbbbdc8d-febc-4ba4-8749-504f554a1464_10000285face0_56_492_291_388_00001.png,3.7,3.7,0 0 0 0
37fda443-5c65-40aa-9c03-f99df8d89ba1_10000286face0_373_940_193_273_00002.png,3.7,3.7,0 0 0 0
2b2f63d9-345d-43fb-966d-1873b9cbf91f_2face0_334_806_239_316_00006.png,3.7,3.7,0 0 0 0
0176cb33-10f1-46f6-846b-9147969646da_1801face0_440_289_242_308_00001.png,3.7,3.7,0 0 0 0
b5f12401-ecdb-4edb-9df1-bea412ae3e4c_902face0_270_329_208_270_00015.png,3.7,3.7,0 0 0 0
86519801-cf7f-4bef-80f3-b4ba8d3f667f_10000301face0_476_879_250_323_00005.png,3.7,3.7,0 0 0 0
11a67a94-3d03-47ec-9a6b-3f9b8556bafb_2face0_224_322_687_958_00002.png,3.7,3.7,0 0 0 0
b2f59497-b6ab-4600-8cdb-0897b7890e3b_602face0_150_416_482_603_00006.png,3.75,3.75,0 0 0 0
2d6712b4-d1b2-4b60-8d01-87424f43bb32_1202face0_392_443_180_231_00008.png,3.75,3.75,0 0 0 0
2a5d7c6b-7647-45c2-b84c-4504c15c772c_602face0_395_270_337_469_00010.png,3.75,3.75,0 0 0 0
e1991471-c79f-479a-86c0-40a2e97ce45e_10000301face0_419_305_280_384_00002.png,3.75,3.75,0 0 0 0
bb1c407f-f217-4125-b43f-74556f9f6d64_2face0_284_192_237_310_00005.png,3.75,3.75,0 0 0 0
2604bdfc-c148-4768-8a5e-d8b2d363bc76_302face0_318_374_376_516_00008.png,3.75,3.75,0 0 0 0
75990900-c6f1-4089-be6e-ab47816b309c_2face0_468_868_224_303_00001.png,3.75,3.75,0 0 0 0
2342e2f1-66a0-40e2-a436-d8334ed7e92e_302face0_365_714_151_194_00001.png,3.75,3.75,0 0 0 0
fd9f43bf-13b1-43f3-be85-f9542335d3f8_302face0_523_255_224_294_00003.png,3.75,3.75,0 0 0 0
7aaefe47-b329-478f-bc67-ac769db98187_2face0_436_290_376_555_00009.png,3.75,3.75,0 0 0 0
fe806a88-ae38-4169-a8cc-a00d06f25f73_2face0_541_253_284_390_00009.png,3.75,3.75,0 0 0 0
b19503ea-4006-4648-95af-c7c9a2a5fa9a_302face0_517_73_264_360_00003.png,3.75,3.75,0 0 0 0
f298e1df-e80b-4645-87a4-11ebed44e5ae_2face0_441_626_127_168_00007.png,3.75,3.75,0 0 0 0
71a624d0-4455-460a-b6b0-d5cb037310fd_1801face0_401_720_217_305_00001.png,3.75,3.75,0 0 0 0
433b7727-4094-4b35-8e62-33c97de7895a_2face0_307_137_289_399_00002.png,3.75,3.75,0 0 0 0
ba7cef1d-9bac-4098-8bb8-7f6c9f5588e2_2face0_250_246_637_845_00002.png,3.75,3.75,0 0 0 0
c681027a-18ab-4ccb-b6c7-47ecf92e3d17_2face0_267_457_399_519_00006.png,3.75,3.75,0 0 0 0
26f6562b-5f5f-45fe-8fca-a093e4a4e365_302face0_471_560_196_233_00010.png,3.75,3.75,0 0 0 0
d36d5587-6cd0-4f86-b57e-a491abda2a9e_902face0_381_383_418_540_00001.png,3.75,3.75,0 0 0 0
aeba8e00-4fff-4d79-bfe1-be073ad45843_2face0_571_369_343_429_00006.png,3.75,3.75,0 0 0 0
fdbda4be-ec53-4510-bcb7-cb8338eeea1d_2face0_607_384_268_353_00010.png,3.75,3.75,0 0 0 0
a25bca09-dc64-4dbb-b64c-074351302fdc_3602face0_667_807_196_270_00001.png,3.75,3.75,0 0 0 0
8022b74d-3313-440d-94c9-0bb39732fc56_2face0_378_531_478_623_00001.png,3.75,3.75,0 0 0 0
6224b215-dfaf-4d70-830a-21133adafbac_2face0_288_83_382_527_00002.png,3.75,3.75,0 0 0 0
da35866b-7baa-42fc-b993-ba6ab00c4c61_2face0_715_367_247_327_00011.png,3.75,3.75,0 0 0 0
75d012c3-4206-403a-8e12-aff1e0350c1a_302face0_170_149_858_1102_00004.png,3.75,3.75,0 0 0 0
84405517-7c63-4e65-83e9-0a6c1c071831_302face0_275_839_266_329_00006.png,3.75,3.75,0 0 0 0
ae97f9cf-d7aa-4bc4-93c9-e0700c702275_302face0_438_370_303_408_00001.png,3.75,3.75,0 0 0 0
db6ce562-388f-4ec6-b937-63e0e462fae9_2face0_494_218_264_373_00008.png,3.75,3.75,0 0 0 0
649d7c98-e65a-4d09-acc4-3d50c0315e0b_302face0_231_101_581_793_00001.png,3.75,3.75,0 0 0 0
3c658cb0-ec40-4c6a-a301-8e88b8d46f09_2face0_519_349_303_407_00008.png,3.75,3.75,0 0 0 0
2ee62d76-3a42-421b-9d66-2a3908286d24_10001740face0_356_700_170_223_00001.png,3.75,3.75,0 0 0 0
ad84645d-dfbc-4e2b-9e53-1e423e290dcc_2face0_423_508_240_316_00001.png,3.75,3.75,0 0 0 0
83b56c5b-718e-428a-b23d-db3bb454b663_2face0_486_855_239_301_00001.png,3.75,3.75,0 0 0 0
434693d6-126a-4151-bf84-b8c1342b4040_2face0_432_61_222_286_00005.png,3.75,3.75,0 0 0 0
ffc33edf-cbbf-4827-a517-8171bf7276e6_1800face0_316_750_302_392_00003.png,3.75,3.75,0 0 0 0
acb054fe-98af-4a30-b16f-677998cdf95c_2face0_314_462_299_382_00002.png,3.75,3.75,0 0 0 0
841290e5-0841-4b5b-9877-0424e67aed47_2face0_277_672_345_431_00001.png,3.75,3.75,0 0 0 0
1e0e91d3-eebc-4dcf-893d-e7cce10adddb_2face0_455_484_359_477_00001.png,3.75,3.75,0 0 0 0
f1f7a440-03fb-403d-bf58-b75571fa4aea_302face0_568_674_189_238_00004.png,3.75,3.75,0 0 0 0
36c7e6a5-8be3-4433-8708-8b2ec46757b4_1853face0_492_688_190_238_00001.png,3.75,3.75,0 0 0 0
00cace06-9c41-46be-a2cd-06f8d9dd7493_2156face0_609_521_149_194_00005.png,3.75,3.75,0 0 0 0
129cecb9-1ebc-46b4-9000-841b5e1ebbf8_1801face0_150_338_523_710_00004.png,3.75,3.75,0 0 0 0
6b1267c0-e972-4490-b6a2-6b27b5327107_2face0_78_193_753_1024_00001.png,3.75,3.75,0 0 0 0
eb9ce59a-0c0a-4f51-b6ca-735f976ce9f5_3600face1_414_368_323_412_00001.png,3.75,3.75,0 0 0 0
562451d0-3b6b-4740-9e37-3753af86cb09_2face0_437_522_205_270_00004.png,3.75,3.75,0 0 0 0
aa1fd355-3845-4eef-a026-f3245cbe65f9_302face0_287_583_236_316_00004.png,3.75,3.75,0 0 0 0
eac9c976-95e5-4a77-b52c-129906a4f320_302face0_172_401_200_259_00001.png,3.75,3.75,0 0 0 0
3f3d8ce4-cc10-4243-9a4e-26f67de73523_10001788face0_324_282_415_549_00001.png,3.75,3.75,0 0 0 0
b4424ec7-e57e-4479-9e71-2a0a7164c44d_302face0_316_389_407_521_00001.png,3.75,3.75,0 0 0 0
00f00731-95a5-40bf-b491-a1cf8869febe_2face0_684_123_212_294_00002.png,3.75,3.75,0 0 0 0
b5e1360a-0cae-4a27-b646-f23e2ab229cb_2face0_493_414_243_305_00007.png,3.75,3.75,0 0 0 0
8462cf6f-8a6c-483b-9e6b-0f626156416a_2face0_160_142_562_780_00001.png,3.75,3.75,0 0 0 0
aa7badd1-5ec5-43fa-9a44-271f440ab81e_902face0_94_691_292_384_00010.png,3.75,3.75,0 0 0 0
9a223e7b-5c32-453b-b5df-49adcafcfe4b_2face0_296_617_183_225_00001.png,3.75,3.75,0 0 0 0
e1ff071e-ac23-4dc3-a524-867c4366ea12_2face0_335_427_190_255_00002.png,3.75,3.75,0 0 0 0
cc05884b-a0af-47d1-8232-ea064e3d8ec0_2face0_623_193_235_301_00009.png,3.75,3.75,0 0 0 0
2f24ac82-2e9c-45e8-a893-21ec00c6f726_1801face0_397_721_343_445_00002.png,3.75,3.75,0 0 0 0
59b90e51-4f0c-4429-b2c7-7f7dbf73d6bf_2face0_316_603_316_419_00001.png,3.75,3.75,0 0 0 0
ac65cf98-61d6-493c-9bc8-5a393be1623e_302face0_393_378_166_220_00012.png,3.75,3.75,0 0 0 0
372dbca6-f3d7-4964-8b2c-78ae1e5d7f13_2face0_381_203_313_384_00001.png,3.75,3.75,0 0 0 0
337ffab3-3af3-459b-9237-e5aae4e25ae2_10000978face0_434_423_338_479_00001.png,3.75,3.75,0 0 0 0
7c39565e-864c-4109-98aa-4dd1ea52f77d_302face0_341_304_287_401_00004.png,3.75,3.75,0 0 0 0
1f19d09d-e287-4613-9af0-6c8012c771b6_2face0_412_435_275_364_00005.png,3.75,3.75,0 0 0 0
dabb502b-afa0-45cd-a08c-50bdc3bc182d_10002698face0_280_488_326_447_00009.png,3.75,3.75,0 0 0 0
4504c935-1b8d-48e1-9f07-52c136a56ff7_2face0_461_465_343_455_00001.png,3.75,3.75,0 0 0 0
2789d679-7ac5-457f-a68b-69e39c50c0e5_2face0_330_268_527_708_00006.png,3.75,3.75,0 0 0 0
60208c51-c3a8-4ff6-9bb7-0730916ea040_302face0_421_304_219_312_00002.png,3.75,3.75,0 0 0 0
467ee688-48d4-4d2c-bef4-bc294599fbfe_2face0_662_399_236_325_00001.png,3.75,3.75,0 0 0 0
1b4b7b43-132e-430e-a331-55af197e752b_1502face0_55_265_774_997_00006.png,3.75,3.75,0 0 0 0
e50e3265-bea6-48a2-9152-9eb8b03310d8_2face0_469_197_308_405_00001.png,3.75,3.75,0 0 0 0
3e5ab973-2238-4d74-98f2-e832f12a162c_1801face0_421_428_254_334_00001.png,3.75,3.75,0 0 0 0
c698e1b9-a3c7-4346-9dda-a8d3ea37ab9b_2face0_237_63_336_453_00001.png,3.75,3.75,0 0 0 0
90d1502e-c830-4804-9383-9db63a596571_2face0_410_155_441_562_00001.png,3.75,3.75,0 0 0 0
6e140aed-5653-411d-a324-90e7f1b3454d_2face0_422_429_393_540_00001.png,3.75,3.8421052631578942,0 0 0 0
2c04e73f-8bd1-4ecb-8b45-199b087abab1_1801face0_555_457_219_283_00001.png,3.75,3.75,0 0 0 0
51f577d6-e1a6-4aa6-b269-99ff3c10b6d1_2face0_485_490_177_222_00002.png,3.75,3.75,0 0 0 0
be539da6-7f0b-4b55-8f14-e334603829fc_2face0_253_1046_180_247_00001.png,3.75,3.75,0 0 0 0
b386969c-f54d-4397-adc3-e7b10ee4cc78_10000001face0_406_727_224_296_00001.png,3.75,3.75,0 0 0 0
b03ed051-ad72-41c6-a38b-7ecab8ca8e35_302face0_407_397_464_584_00001.png,3.75,3.75,0 0 0 0
6bf1cff3-a7eb-4cb4-8866-f79737791a9f_10000002face0_517_655_166_233_00003.png,3.75,3.75,0 0 0 0
617093ba-3c78-4315-b317-09608097e30c_2401face0_262_632_211_273_00001.png,3.75,3.75,0 0 0 0
94d0aadb-2658-4f24-bcd0-fcc16dc731ec_10000588face0_703_662_254_327_00005.png,3.75,3.75,0 0 0 0
1ce5e692-22a3-4245-932a-965e53abeedd_2face0_94_343_324_438_00003.png,3.75,3.75,0 0 0 0
c26e4f4b-1a68-4552-a546-b4be26c349e2_2face0_287_147_331_460_00002.png,3.75,3.75,0 0 0 0
4b9f24f6-dea9-41b5-9aeb-df674aafcbb1_3face0_262_546_184_231_00001.png,3.75,3.75,0 0 0 0
6e5b9762-8e24-4fab-960c-28d2d4fe452c_2face0_315_547_456_555_00009.png,3.75,3.75,0 0 0 0
978e2de5-d872-42ac-a146-6d72df6c65cb_2face0_431_507_228_294_00001.png,3.75,3.75,0 0 0 0
07c8e9df-e80b-4b71-b001-0e1325ef0b96_902face0_138_569_282_375_00002.png,3.75,3.75,0 0 0 0
093a5c49-369d-4ba1-aea4-9fc5c552e58a_2face0_276_424_520_660_00001.png,3.75,3.75,0 0 0 0
d4f1d74f-b737-4a25-a3d2-33a51f08c53e_2face0_512_429_194_264_00004.png,3.75,3.75,0 0 0 0
d7cd3a37-ceff-4bb5-8476-978b8b5e4465_302face0_164_134_230_301_00006.png,3.75,3.75,0 0 0 0
9df29876-8940-484e-838e-fa2f60bad02a_2face0_439_351_191_251_00001.png,3.75,3.684210526315789,0 0 0 0
b061151c-27a3-4a47-a9d8-8d5b9029470b_302face0_372_396_183_229_00004.png,3.75,3.75,0 0 0 0
5038c650-c80e-47c5-b677-d9643a4bc05c_2face0_450_482_396_493_00001.png,3.75,3.75,0 0 0 0
02d8cb91-b17c-4530-b196-5e816800619b_10002114face0_456_667_261_329_00002.png,3.75,3.75,0 0 0 0
10a94602-1421-42c3-ba17-11074feabe6c_302face0_485_91_228_329_00002.png,3.75,3.75,0 0 0 0
b0cc1949-2010-42e5-9216-431d30f656a4_2face0_286_323_260_329_00001.png,3.75,3.75,0 0 0 0
bcd2a828-2b12-4e89-ae60-405501fbe6c9_2face0_477_358_177_233_00001.png,3.75,3.75,0 0 0 0
394902c0-cc31-4d0a-a55c-1671866aae34_2face0_410_141_208_307_00001.png,3.75,3.75,0 0 0 0
dfecb015-9093-4c36-a735-6d8baa463c57_1801face0_426_1018_127_170_00001.png,3.75,3.75,0 0 0 0
47d2ddf2-757f-4dee-ac91-c5a6f4ec97e6_302face0_344_273_322_436_00001.png,3.75,3.75,0 0 0 0
5b05f220-3846-4206-b3dc-7a4c544fce4d_2383face0_401_674_177_212_00001.png,3.75,3.75,0 0 0 0
fd69317c-e067-4631-961a-6c6c58492fd2_10000299face0_180_361_565_695_00005.png,3.75,3.75,0 0 0 0
bfae011f-b1f8-4d9e-ba76-d51aac0dd297_2face0_387_275_175_229_00001.png,3.75,3.75,0 0 0 0
6a601e76-bdc3-485a-931a-795340e85fa5_2face0_353_61_390_551_00008.png,3.75,3.75,0 0 0 0
4e05fcce-a466-4133-8fcb-15cb9ff2ff71_10000075face0_311_450_170_216_00001.png,3.75,3.75,0 0 0 0
e6bb3753-9db3-490e-882b-6bd837729cd1_3289face0_778_685_182_220_00006.png,3.75,3.75,0 0 0 0
ee782bd3-6ade-4cdf-830a-f2b0a054dc38_2face0_487_714_323_403_00003.png,3.75,3.75,0 0 0 0
3759392c-c57b-4850-8df4-853d1761f41f_302face0_334_95_233_344_00001.png,3.75,3.75,0 0 0 0
ad44abc8-c9fe-4900-a444-c042910c0c2a_2face0_485_165_226_292_00001.png,3.75,3.75,0 0 0 0
badbe8a9-8b25-43b2-8442-9b15b2ea18ce_2face0_422_1022_294_371_00001.png,3.75,3.75,0 0 0 0
20d2fa2f-e371-48ed-bc38-f3d4a8d2ffae_1785face0_449_596_236_305_00001.png,3.75,3.75,0 0 0 0
96722d4b-a9cb-410b-8634-d74fa1916485_2face0_619_318_217_286_00002.png,3.75,3.75,0 0 0 0
8e3f8b5a-c054-47da-847d-006f6dd83888_2face0_410_404_410_525_00001.png,3.75,3.684210526315789,0 0 0 0
07dece03-9eeb-4807-a738-fe5ba9c6ed53_2face0_370_305_450_641_00010.png,3.75,3.75,0 0 0 0
6a6bb782-f0d7-462d-946e-79293c7e24c8_2face0_484_770_292_373_00001.png,3.75,3.75,0 0 0 0
a39eabcd-5d2f-4d9f-9038-beb7802408cc_2face0_540_795_155_210_00001.png,3.75,3.75,0 0 0 0
ef10d09c-769f-45b0-bda0-54a21a58837c_3face0_136_69_665_863_00005.png,3.75,3.75,0 0 0 0
c6073e15-4723-429f-8144-8d585c44c0ab_2face0_256_341_407_560_00001.png,3.75,3.684210526315789,0 0 0 0
1a99d5a2-6aaf-4646-ad6f-d3c2779f8319_2face0_140_64_485_682_00006.png,3.75,3.75,0 0 0 0
098a169d-6919-4bbb-961f-b35c272925b5_302face0_278_368_177_231_00001.png,3.75,3.75,0 0 0 0
fffbbde0-9c97-43ce-85d2-1423d632b9c3_2face0_160_88_666_900_00003.png,3.75,3.75,0 0 0 0
a1187d43-6c6b-4db8-89a1-ddeae5f93d97_4201face0_550_87_289_414_00005.png,3.75,3.684210526315789,0 0 0 0
e05b13e5-4fef-4179-a79c-fbab3e2fe7ab_2face0_497_290_390_505_00002.png,3.75,3.75,0 0 0 0
e32558be-e696-4c25-ab07-6d9a5ba25301_302face0_286_353_310_445_00001.png,3.75,3.75,0 0 0 0
c74e5c26-7009-488f-8407-e9d4cdd831b9_2face0_314_309_404_516_00005.png,3.75,3.684210526315789,0 0 0 0
9b894e34-34b6-44e2-b4a6-b0d8e74f3e5f_2face0_234_308_232_308_00004.png,3.75,3.75,0 0 0 0
0445b023-a245-41f1-88f2-8e707fa9f140_2face0_297_147_320_416_00001.png,3.75,3.75,0 0 0 0
99adc041-7160-4b67-a1fd-e4ee7dac4e7a_2face0_430_584_156_207_00001.png,3.75,3.75,0 0 0 0
dff01d29-595b-4bbb-b20d-510054529ef1_1857face0_484_492_186_244_00001.png,3.75,3.75,0 0 0 0
2d1c7045-1f4d-4677-9ab5-e9b05f07729c_302face0_282_82_648_926_00005.png,3.75,3.75,0 0 0 0
bcd54b19-1559-4db7-8859-9060ced340b8_602face0_340_257_176_240_00007.png,3.75,3.75,0 0 0 0
74f8a7b5-7d39-4d18-8f69-b14795854572_2face0_458_360_236_305_00005.png,3.75,3.75,0 0 0 0
3b2511b8-f889-461a-9c63-47861752590e_2face0_354_215_313_412_00001.png,3.75,3.75,0 0 0 0
39b625af-684b-470c-a408-9be62527a636_1797face0_466_762_182_236_00001.png,3.75,3.75,0 0 0 0
4f15bd9f-cb2f-4903-90f5-8afa40659b91_1801face0_455_551_156_223_00001.png,3.75,3.75,0 0 0 0
2d4ff879-6a1a-4723-8504-d370f13d369d_302face0_330_63_357_460_00001.png,3.75,3.75,0 0 0 0
0540770c-3f61-4d69-a4bb-3d0307a4e7d1_302face0_596_295_190_242_00001.png,3.75,3.75,0 0 0 0
5a18e13d-dde1-4faa-8dc9-07cec907993b_2face0_458_462_228_275_00003.png,3.75,3.75,0 0 0 0
7fd1fa0b-63c1-4651-a516-d4e30966ac13_10002972face0_638_655_165_209_00011.png,3.75,3.684210526315789,0 0 0 0
21de1fc9-3fb8-471c-8bbb-ed9274225ff1_2face0_778_526_217_271_00001.png,3.75,3.75,0 0 0 0
17124d08-c488-4b1c-b6e4-11e35c067dca_302face0_386_610_316_408_00001.png,3.75,3.75,0 0 0 0
7b0cdc77-5af0-4d46-bbad-2959c6c09059_2face0_386_160_312_442_00012.png,3.75,3.75,0 0 0 0
1332712b-5ef0-4e7b-9f85-9d13ed165e39_1801face0_358_629_253_329_00001.png,3.75,3.75,0 0 0 0
f60644d2-f7cb-4463-99f4-9578b638a960_10000012face0_383_706_177_233_00001.png,3.75,3.75,0 0 0 0
288ae411-d9e4-4baf-919a-1cab55a28fe7_2face0_492_257_228_286_00001.png,3.75,3.75,0 0 0 0
017ce168-4548-4cda-9032-61aee50d44b0_602face0_512_150_235_301_00012.png,3.75,3.75,0 0 0 0
cc4ab833-d5b5-43bd-8724-208b41376580_602face0_426_532_312_408_00001.png,3.75,3.684210526315789,0 0 0 0
1d620b46-09bd-42e3-9493-0b63f4012c62_2face0_56_233_646_819_00003.png,3.75,3.75,0 0 0 0
d9abfb60-6dd8-48aa-b324-440eeb06e97d_2face0_223_534_219_279_00001.png,3.75,3.75,0 0 0 0
b1c88551-7a4e-4836-afd9-51adfdf1cdd7_302face0_432_414_275_358_00002.png,3.75,3.75,0 0 0 0
5e1d4e92-89ff-402f-8e8a-b96a791221f0_1558face0_354_642_298_377_00002.png,3.75,3.75,0 0 0 0
33a1fad8-a1c9-4f16-ad10-e82d72c5c75c_902face0_578_310_372_501_00003.png,3.75,3.75,0 0 0 0
201adc64-03bc-45c3-8462-2d000cd6aa80_1790face0_308_493_176_227_00003.png,3.75,3.75,0 0 0 0
73959cd7-e0eb-4e47-aa25-cb8edd29c409_2face0_434_105_298_395_00001.png,3.75,3.75,0 0 0 0
54b9fad6-14d7-4ab3-a8f1-e218fd4395a4_2face0_402_110_243_338_00003.png,3.75,3.75,0 0 0 0
00a9c689-97f1-4f14-a2c2-c9590521a6e4_2face0_374_414_268_344_00001.png,3.75,3.75,0 0 0 0
cd69d3dd-9324-438c-b5b2-81458c3a3cfd_302face0_544_472_201_259_00002.png,3.75,3.75,0 0 0 0
86ef6442-28d6-4624-8519-63f99e8d12c8_2face0_341_709_407_542_00004.png,3.75,3.75,0 0 0 0
fedec5d7-2b19-44e5-95cb-06d8bc5d0379_2face0_306_333_411_562_00001.png,3.75,3.75,0 0 0 0
93923a04-e4e5-41ca-af0e-dca387f09c8b_2face0_647_272_246_336_00001.png,3.75,3.75,0 0 0 0
a1f909cc-5093-4105-9bb4-ea3c05cf3353_302face0_429_304_306_408_00001.png,3.75,3.75,0 0 0 0
11f1274e-46e1-4e13-a8fc-88048cabf6f6_2face0_359_370_285_407_00001.png,3.75,3.75,0 0 0 0
f73b8ac7-b230-4c65-8a3e-d3c437867295_2face0_276_371_379_490_00001.png,3.75,3.75,0 0 0 0
26175192-af5d-4cde-8b0a-b4abc65f3495_3688face0_491_475_201_259_00001.png,3.75,3.75,0 0 0 0
0397222a-a2c6-4eac-9515-e24231611292_1801face0_421_411_275_382_00008.png,3.75,3.75,0 0 0 0
2e7d1b46-13e0-485f-a379-7808ef85e386_1800face0_507_583_133_172_00001.png,3.75,3.75,0 0 0 0
a7d7112d-5bdd-4fe5-8538-25f2652a12e5_602face0_653_419_168_227_00001.png,3.75,3.75,0 0 0 0
848600cc-c8b3-43d7-b2aa-cb3c09f3923d_2100face0_659_617_198_262_00004.png,3.75,3.75,0 0 0 0
0f4695c5-3860-4f41-86ba-39f906920722_3859face0_247_315_446_558_00002.png,3.75,3.75,0 0 0 0
4f505099-7130-47be-b5a0-4dc2c8465709_2face0_69_271_240_321_00003.png,3.75,3.75,0 0 0 0
cab906bd-6937-4191-89d9-4d4b9e51d748_10000106face0_336_619_351_481_00001.png,3.75,3.75,0 0 0 0
2f3be547-df72-4933-8832-91ce394d37be_302face0_502_377_222_305_00002.png,3.75,3.75,0 0 0 0
77e6af8f-1559-4812-8058-5d79d44de755_302face0_443_501_151_188_00001.png,3.8,3.8,0 0 0 0
12397540-2015-4b19-9908-ac0229085806_302face0_509_511_338_419_00001.png,3.8,3.8,0 0 0 0
08422309-9145-4a05-8032-70394c5d6bea_302face0_662_332_215_273_00005.png,3.8,3.8,0 0 0 0
63f8c11c-1e53-4c4f-8f5c-707dada8efaf_2face0_404_150_372_453_00001.png,3.8,3.8,0 0 0 0
6ec397b1-69fe-4e80-81fb-69855811bd28_302face0_239_228_428_592_00002.png,3.8,3.8,0 0 0 0
605ea826-2d9d-425f-bab6-c4515ab70e4d_1801face0_363_442_173_227_00002.png,3.8,3.736842105263158,0 0 0 0
70e707b9-498a-48f7-8898-dd77aec8e3c3_1888face0_458_742_180_231_00001.png,3.8,3.8,0 0 0 0
a23bb4d8-60b6-489b-af19-656ff8f51982_1923face0_429_584_133_170_00002.png,3.8,3.8,0 0 0 0
62685268-23e5-48f4-b4e3-d59abf88b515_302face0_431_784_200_257_00010.png,3.8,3.8,0 0 0 0
c829f32a-dc3e-4a32-935f-57c3c876992a_10000306face0_726_507_200_270_00001.png,3.8,3.8,0 0 0 0
a2f81c57-595d-40c4-9939-795f262683f1_2face0_483_1249_273_358_00001.png,3.8,3.8,0 0 0 0
6f85994a-70e6-4689-93b7-499c1b9e1176_2face0_430_220_296_429_00001.png,3.8,3.8,0 0 0 0
c73d2d85-30e9-4463-b4c6-2b54174e8e0a_2face0_77_236_686_858_00005.png,3.8,3.8,0 0 0 0
a76e1a91-9c5f-4a67-bd5c-a7d6fbfbf7f9_1801face0_392_567_372_462_00001.png,3.8,3.736842105263158,0 0 0 0
9f0aee9a-9253-426b-a795-a9ad48fe9830_10000001face0_442_463_228_277_00002.png,3.8,3.8,0 0 0 0
194bd007-7c04-4577-8001-5c19c49731b5_302face0_364_598_163_218_00008.png,3.8,3.8,0 0 0 0
ac5e7e19-af5f-4b2c-92da-260c0f585b58_1727face0_432_682_221_299_00001.png,3.8,3.736842105263158,0 0 0 0
a03a4f89-3795-42bb-8d7d-642c62e6cf8f_2face0_560_538_159_196_00001.png,3.8,3.8,0 0 0 0
0a5a484a-2fa1-45bd-af79-17516dfa02f4_2face0_444_238_369_501_00007.png,3.8,3.8,0 0 0 0
1d98d045-6da5-4458-979d-2b8742a56e55_2face0_568_331_222_299_00002.png,3.8,3.8,0 0 0 0
8b4bd13a-6146-4bad-97c0-ff58e236d251_2face0_344_105_422_536_00007.png,3.8,3.8,0 0 0 0
8d848719-3366-41ec-a6f2-0370fb51d555_2face0_428_690_257_340_00010.png,3.8,3.8,0 0 0 0
89778716-05c1-4b6e-bcfc-f74ba39f931c_2face0_396_642_288_386_00001.png,3.8,3.8,0 0 0 0
028539ab-d254-47ac-81a2-ebda7d4be206_2face0_396_703_267_333_00001.png,3.8,3.8,0 0 0 0
11588770-2f61-4fd6-8303-c626f3523bcd_1791face0_536_576_228_290_00001.png,3.8,3.8,0 0 0 0
6b534002-8f0b-4e67-a011-9cb422d87c66_302face0_446_540_140_194_00002.png,3.8,3.8,0 0 0 0
e936a40a-190f-4396-acdb-cd3cb33fd720_10000281face0_410_448_183_242_00005.png,3.8,3.8,0 0 0 0
43bbdb0e-13cf-4c55-ad9a-ae82ce32a4b0_2face0_218_361_309_392_00002.png,3.8,3.8,0 0 0 0
95ac81a4-c7e6-4a97-a95e-cbc45763c6d2_2face0_318_367_194_253_00003.png,3.8,3.8,0 0 0 0
4294f11c-ceea-4119-a33d-e9310c8ca4e5_302face0_494_449_320_384_00009.png,3.8,3.8,0 0 0 0
5d2f8514-0d59-4948-9331-abf993145748_302face0_373_554_243_305_00001.png,3.8,3.8,0 0 0 0
9a0aee84-3c79-4316-8e06-03930c5c44f7_2face0_274_607_357_469_00001.png,3.8,3.8,0 0 0 0
dcbd9c81-f7d8-43b6-8bde-328dc3eaf2c4_2face0_342_169_243_331_00012.png,3.8,3.8,0 0 0 0
c4e31de4-902c-4c24-97a0-766d14f7797e_2101face0_425_748_257_321_00001.png,3.8,3.8,0 0 0 0
4a0cdfaa-4a58-4dfc-8b27-9cf333c119df_302face0_275_494_173_225_00001.png,3.8,3.8,0 0 0 0
c9630678-7a18-4819-b782-bb3c0a76324d_10001790face0_474_576_260_357_00001.png,3.8,3.8,0 0 0 0
fdfd258c-3eaf-4bd1-8506-111be29dd72c_10000057face0_521_699_298_381_00001.png,3.8,3.8,0 0 0 0
f2ebde8a-7d9a-4983-8a55-c4663ae50feb_2face0_402_868_198_249_00002.png,3.8,3.8,0 0 0 0
8d14d5cd-5bd5-49ac-b11f-2fffe1a598e5_302face0_205_378_317_447_00001.png,3.8,3.8,0 0 0 0
86377d26-28ef-4491-90b8-c5826b9458b2_2face0_370_552_161_227_00001.png,3.8,3.8,0 0 0 0
d3b86d48-3bf0-4faf-8647-d016ff357b5b_1801face0_385_290_267_364_00001.png,3.8,3.8,0 0 0 0
c7db1239-8a22-4e08-ad05-4f21431ab557_10000299face0_365_391_165_209_00002.png,3.8,3.8,0 0 0 0
4a3f70c5-91e5-4ba9-8d92-eb25084f9777_2face0_406_490_225_283_00001.png,3.8,3.8,0 0 0 0
0cc0b6d4-ba53-4abb-90b6-e3159bad968f_2face0_505_147_308_427_00011.png,3.8,3.8,0 0 0 0
69ff3116-3a45-4ab9-b2b9-699f5ee0093b_2face0_375_274_237_344_00001.png,3.8,3.8,0 0 0 0
1ad71381-a8bd-4c46-b095-748c3b6e9897_2face1_116_512_190_242_00012.png,3.8,3.8,0 0 0 0
1d74b74f-97ff-436f-a46c-9d24c31d4bb5_602face0_486_649_149_197_00001.png,3.8,3.8,0 0 0 0
a02419b1-f682-4cca-a7c3-79c2f446783a_602face0_469_527_315_412_00008.png,3.8,3.8,0 0 0 0
f3ac39b4-239d-41b5-9ae4-357a19ba1eb0_2face0_136_100_410_519_00002.png,3.8,3.8,0 0 0 0
b2849db2-7052-4b20-8b8a-48d4b0a43b43_2face0_124_137_513_693_00001.png,3.8,3.8,0 0 0 0
6eaebe8d-4af8-4a5f-b342-509bb24bdee4_1801face0_77_133_358_488_00001.png,3.8,3.8,0 0 0 0
d21e8109-af01-4ac5-8ecf-3682b58305b5_2face0_494_828_130_173_00004.png,3.8,3.8,0 0 0 0
f500bcea-25e1-4931-a91e-ed0d02bc58b8_2face0_382_279_162_212_00011.png,3.8,3.6666666666666665,0 0 0 0
18aaee99-97fe-4329-920f-08ab75c94593_302face0_359_579_394_486_00001.png,3.8,3.8,0 0 0 0
3db0ccbd-04c6-452c-b455-31ca7a205115_302face0_446_551_158_212_00004.png,3.8,3.8,0 0 0 0
a131ec8b-3092-4562-b46d-f4a1133bb730_2face0_448_120_406_543_00002.png,3.8,3.8,0 0 0 0
fe975914-c9a8-4716-b57b-b0d28d5f768d_2face0_552_609_259_336_00002.png,3.8,3.8,0 0 0 0
0bbd1b4b-9eb7-4be3-864e-75ee764f04b6_302face0_569_396_207_264_00003.png,3.8,3.8,0 0 0 0
50f6045f-125b-4ca6-af84-9f80ba94ea86_2face0_253_216_266_333_00003.png,3.8,3.8,0 0 0 0
716b021d-6963-440c-9027-d0aa63ae08ea_2face0_260_291_198_253_00010.png,3.8,3.8,0 0 0 0
8a98627a-c24d-4491-bc17-fa87042ea74b_2face0_647_421_242_321_00001.png,3.8,3.8,0 0 0 0
f1c32154-8475-419d-8f37-70733050d939_602face0_499_553_175_249_00001.png,3.8,3.8,0 0 0 0
2ffa3593-3a9a-4d01-a0e6-a052826dc4f7_1802face0_395_353_212_301_00007.png,3.8,3.8,0 0 0 0
31b8e7f5-d80a-4e75-8aa2-748e556cdb9a_302face0_461_734_233_314_00001.png,3.8,3.8,0 0 0 0
e3193209-c633-4e3c-9455-908e19cf2e6f_2face0_392_362_169_229_00011.png,3.8,3.8,0 0 0 0
6c0290c2-8150-41d4-804b-933558121a46_2face0_356_476_219_314_00001.png,3.8,3.8,0 0 0 0
e2b49766-932e-4bf9-aaf3-a9bb6a5713d9_2face0_435_694_201_262_00009.png,3.8,3.8,0 0 0 0
ef7accf0-7303-4fe6-81fd-9298eb3af396_2face0_181_235_520_673_00001.png,3.8,3.8,0 0 0 0
460af951-0d5b-41a5-81ff-760c8b102177_2face0_350_358_295_360_00001.png,3.8,3.8,0 0 0 0
d5d330ff-b498-4684-815a-212f2d5d4f81_2face0_386_596_244_331_00002.png,3.8,3.8,0 0 0 0
a180f99e-f1ff-4fe9-8cd3-f1c5da59aa4f_2face0_652_679_336_418_00001.png,3.8,3.8,0 0 0 0
fe986a5a-998d-4732-a6a5-42c3895e5e9d_10000681face0_152_341_645_826_00004.png,3.8,3.8,0 0 0 0
8b2022b7-56dd-4541-99ff-48e6e6c2c70f_2face0_450_569_340_456_00001.png,3.8,3.8,0 0 0 0
d8a5983a-740c-4ccf-8240-09b79ce89146_302face0_468_223_229_310_00002.png,3.8,3.8,0 0 0 0
21d4daa6-ec89-4bad-a3c3-36ca5026ecf5_2face0_404_558_254_321_00001.png,3.8,3.8,0 0 0 0
9b30d767-008b-468a-9e20-56bb7f79c6c7_2face0_383_357_568_741_00003.png,3.8,3.8,0 0 0 0
c2d5b6fc-26ca-4673-9331-f60b4f71cda5_2face0_296_445_246_327_00004.png,3.8,3.8,0 0 0 0
b3d0f25d-0d54-476d-bca5-ea1f3c8ab85b_2face0_268_419_505_643_00001.png,3.8,3.8,0 0 0 0
a8abed95-3e79-4eb6-8d2b-a0d8f1f98c84_2face0_449_395_162_214_00001.png,3.8,3.8,0 0 0 0
fa29abfd-ea61-416e-a861-9207e98bf333_302face0_685_310_204_303_00006.png,3.8,3.8,0 0 0 0
b88a2f69-f922-4e51-8bf4-9096ca82b76a_1784face0_419_728_267_338_00001.png,3.8,3.8,0 0 0 0
4388472f-fb93-4342-aa84-15243ac7f5d4_10001430face0_422_754_239_321_00001.png,3.8,3.8,0 0 0 0
67c14ee1-2fba-4bea-8579-6ea81c4cc74d_602face0_542_52_407_545_00008.png,3.8,3.8,0 0 0 0
75d3018e-e712-47b6-b18b-da85cbd50a10_2face0_250_386_550_715_00004.png,3.8,3.8,0 0 0 0
5b5948a8-66a5-4ea4-a88c-19106b3a6a50_2face0_239_242_244_316_00003.png,3.8,3.8,0 0 0 0
d25c6e91-1914-4e0a-9ce6-842ca60a45d1_302face0_439_835_140_179_00001.png,3.8,3.8,0 0 0 0
a29b1209-d923-4590-8463-773775cf0636_1801face0_655_365_365_481_00001.png,3.8,3.8,0 0 0 0
41d33649-6a31-4f0b-b4c7-1063e4beb62c_2face0_489_365_200_266_00001.png,3.8,3.8,0 0 0 0
53bb9d74-f0aa-45dd-b49e-5ba1a66df92a_2face0_300_309_526_684_00001.png,3.8,3.8,0 0 0 0
01a695f0-2a9d-4982-ae46-227b7ef034a0_302face0_681_571_315_37400012.png,3.8,3.8,0 0 0 0
5a9263fe-bf0c-4036-9667-10e67215e576_1800face0_340_511_368_521_00001.png,3.8,3.8,0 0 0 0
af1935ac-ee1b-403b-84d5-114e5b389bed_1801face0_473_355_159_220_00009.png,3.8,3.8,0 0 0 0
a199087a-a47b-4cb6-9a6f-b7a340894340_2face0_226_208_340_468_00009.png,3.8,3.8,0 0 0 0
0ba33462-e678-4603-be85-3a609beaddbf_2face0_251_440_205_264_00006.png,3.8,3.8,0 0 0 0
19896198-f5b6-411f-808a-b8b4095796e3_2face0_345_199_278_368_00001.png,3.8,3.8,0 0 0 0
59bcf7ac-7819-4c06-90da-cfc49d76ffc7_3600face0_364_769_261_320_00008.png,3.8,3.8,0 0 0 0
4b7c9f0e-2007-4d1d-b9f9-90ba3a28e71e_2face0_320_78_498_640_00010.png,3.8,3.8,0 0 0 0
682134ab-b4ba-4f9d-8f8a-19f3ec342922_2089face0_254_809_149_199_00003.png,3.8,3.8,0 0 0 0
6104e97e-1735-46fb-95f0-c54d034b8485_302face0_455_301_298_379_00001.png,3.8,3.8,0 0 0 0
75cdaf9b-da7d-4ac6-9e43-b7a55f49d7fd_302face0_545_154_282_379_00001.png,3.8,3.8,0 0 0 0
c40a196d-34f8-458f-a3ec-00f605640cb6_302face0_184_369_488_643_00002.png,3.8,3.8,0 0 0 0
f0d8f313-b6ca-4929-89df-df075ce17d0a_2face0_409_478_142_190_00009.png,3.8,3.8,0 0 0 0
fef7cd2a-831e-4ab0-b202-881f2c2cc2c2_2face0_497_516_270_345_00009.png,3.8,3.8,0 0 0 0
befb52c9-1b19-407a-b68f-2e73fe4fb5d3_2face0_515_337_224_290_00001.png,3.8,3.8,0 0 0 0
3189ca1b-c082-4d9a-b38c-3b18c541b1bc_302face0_289_474_406_523_00002.png,3.8,3.8,0 0 0 0
4515d5b3-89c1-4d29-9908-38daff1ea806_302face0_350_630_159_212_00003.png,3.8,3.8,0 0 0 0
78292110-241f-4bae-83d5-db58f2cf5692_1509face0_433_1023_161_216_00005.png,3.8,3.8,0 0 0 0
d7b1366c-ade8-495f-91fb-54735d7bdac3_2face0_324_153_263_351_00004.png,3.8,3.8,0 0 0 0
b635a42c-6fda-4912-a39f-11b39c9ab01f_2face0_161_558_406_44900009.png,3.8,3.8,0 0 0 0
a0ec956a-1785-4a43-a829-9e77fd6b402a_1801face0_458_567_259_364_00001.png,3.8,3.8,0 0 0 0
335d4a86-19bc-4c70-bd24-0d892f7d2b19_2face0_214_417_457_660_00001.png,3.8,3.8,0 0 0 0
8124de64-b176-4e32-abde-c3176c5ef6bb_2face0_329_265_235_301_00002.png,3.8,3.8,0 0 0 0
6806d297-d333-46ea-8f4d-a77efff48e32_1801face0_251_813_285_370_00002.png,3.8,3.8,0 0 0 0
434d0262-983d-45a2-a9ad-0d663d5fd59c_2face0_431_441_326_418_00001.png,3.8,3.8,0 0 0 0
7706c5ac-03b7-477b-9a94-39904c3aa04c_2face0_288_81_496_667_00003.png,3.8,3.8,0 0 0 0
bff7fdcd-e27b-4fa1-a1f1-20dd00e33492_2face0_439_361_251_336_00004.png,3.8,3.8,0 0 0 0
e4328446-9bd6-42b0-aa8a-94db3fe6b3d1_1801face0_405_598_273_353_00001.png,3.8,3.8,0 0 0 0
8f52e8c4-77bd-44ce-9b4b-aed2ad4fec64_2face0_528_303_228_303_00002.png,3.8,3.8,0 0 0 0
288580ab-318e-46e3-91ac-6003ea5fe13b_2face0_489_143_284_364_00008.png,3.8,3.6666666666666665,0 0 0 0
c56de430-1334-40ba-a12c-db370bc1d63c_302face0_293_225_289_379_00001.png,3.8,3.8,0 0 0 0
c6727ea5-5312-4d87-948f-77ed31336f59_2face0_201_67_680_897_00006.png,3.8,3.8,0 0 0 0
ebf7d5ae-d8ff-4473-872d-f7f47beba568_602face0_828_544_190_242_00008.png,3.8,3.8,0 0 0 0
74f95e98-8719-4305-8837-6e57f49ac5d3_10000857face0_489_760_337_419_00001.png,3.8,3.8,0 0 0 0
1cc1fce0-0f7d-4975-b2dc-7ed8e79371cb_1802face0_327_601_287_386_00009.png,3.8,3.8,0 0 0 0
bc503456-ad86-487e-8f90-eb275f854358_2face0_478_668_243_327_00002.png,3.8,3.8,0 0 0 0
7bf98f26-412f-41b2-99fb-afad869027e5_302face0_593_180_280_388_00001.png,3.8,3.8,0 0 0 0
51138a1d-07d2-4a92-8433-23a9e3ec01b8_1800face0_591_331_222_303_00001.png,3.8,3.8,0 0 0 0
adf153f3-988e-4546-9f13-2646dd0c99e0_2face0_199_489_655_814_00010.png,3.8,3.8,0 0 0 0
206e1e83-f9bd-4cca-9538-eacee7cd7f46_1777face0_410_344_249_338_00001.png,3.8,3.8,0 0 0 0
056333a4-ee96-44ea-8384-e16233cbeca4_2face0_168_338_152_201_00006.png,3.8,3.8,0 0 0 0
60106f63-0c4c-42e4-a97f-81cca763f64d_2face0_510_490_306_394_00001.png,3.8,3.8,0 0 0 0
9514b3d7-10dc-47bd-b770-6273fcb5f1f4_2face0_227_200_194_277_00012.png,3.8,3.8,0 0 0 0
7fff454e-7ed7-417c-addf-61b2c03b0907_302face0_348_645_204_262_00001.png,3.8,3.8,0 0 0 0
d2d724cf-4df8-4190-8c98-e7b4e91769af_2face0_415_336_177_251_00006.png,3.8,3.8,0 0 0 0
022cbcab-f799-4e19-9c2f-215172db8e93_2face0_291_347_218_294_00002.png,3.8,3.736842105263158,0 0 0 0
0aa6eaac-0f83-4b8e-b0c2-82965cb4d5a8_602face0_66_264_217_290_00010.png,3.8,3.8,0 0 0 0
c608ee81-71bd-49a2-b70e-7254ac6b69b0_2face0_606_371_212_275_00002.png,3.8,3.8,0 0 0 0
0ab7a9e7-7ee1-4b02-a2a2-03e75d701616_302face0_418_539_158_196_00007.png,3.8,3.8,0 0 0 0
f7b38b55-b8b6-47d2-8dc9-e052b5822496_2face0_445_683_194_242_00001.png,3.8,3.8,0 0 0 0
cf5d7761-2f64-44ff-9521-046f853a7fe9_2face0_379_81_324_453_00001.png,3.8,3.8,0 0 0 0
b510d42a-2cbd-4ae8-aee1-264322de50d7_2face0_658_668_277_340_00001.png,3.8,3.8,0 0 0 0
23038c9c-c1bd-4aac-aa96-b350699831c7_302face0_232_327_303_412_00002.png,3.8,3.736842105263158,0 0 0 0
21e6714c-ca97-4a5c-b87c-be90f8e0236c_602face0_534_538_175_222_00003.png,3.8,3.8,0 0 0 0
9812b321-4084-4600-85e1-83c518948148_902face0_687_125_323_431_00002.png,3.8,3.8,0 0 0 0
a6d76b8a-f46c-421d-80ae-e9d34d7f91fb_1801face0_407_596_298_370_00001.png,3.8,3.8,0 0 0 0
5eb2bc14-9977-4352-a904-bd31d88b3a80_602face2_476_516_162_225_00004.png,3.8,3.8,0 0 0 0
0079127b-a8d6-4158-b7a9-0b8fb7a8f7fd_2face0_482_336_229_307_00002.png,3.8,3.8,0 0 0 0
ef538980-e3c7-4be6-a691-fad44a77af8d_1801face0_501_789_196_253_00001.png,3.8,3.8,0 0 0 0
52a6d2a5-e64b-46d5-a18f-a2140c3bc345_902face0_556_133_280_395_00003.png,3.8,3.8,0 0 0 0
dd0af588-e280-4ecf-8475-0018866dc86b_10000000face0_192_526_478_634_00001.png,3.8,3.8,0 0 0 0
807da997-b871-4876-ac79-6d850132c2b6_2face0_546_507_280_351_00001.png,3.8,3.8,0 0 0 0
352f7d2a-a3b6-4878-86c2-fade6ac83eba_302face0_387_512_125_173_00003.png,3.8,3.8,0 0 0 0
ddb68ce2-0a82-462f-bec0-32872c463d6e_902face0_161_159_399_532_00001.png,3.8,3.8,0 0 0 0
f7b02fca-b2ae-4dc0-a9c9-3c2005c60d85_302face0_496_417_316_412_00001.png,3.8,3.8,0 0 0 0
d065aca8-09f2-4845-b411-d3b3142fde1a_2face0_548_346_130_175_00001.png,3.8,3.8,0 0 0 0
3be93084-ad9b-4119-aea7-346897784c61_2face0_182_458_302_399_00001.png,3.8,3.8,0 0 0 0
8be30802-c617-4d86-bdbb-81cfaebe7081_302face0_331_286_204_297_00004.png,3.8,3.8,0 0 0 0
b0865a69-d692-42ad-9626-653a60658420_10001859face0_394_182_232_307_00004.png,3.8,3.736842105263158,0 0 0 0
8b5f37a1-bcce-44d1-be60-75b57b81f456_2face0_337_199_387_508_00008.png,3.8,3.8,0 0 0 0
5a44dcb7-eb48-47e5-8900-b774a5f0d1db_302face0_662_652_277_353_00001.png,3.8,3.8,0 0 0 0
35a215b0-3833-4610-89ad-162f1551d2aa_302face0_556_112_225_292_00003.png,3.8,3.8,0 0 0 0
a7be8984-2363-47dc-b07e-ff8b6267eaca_2face0_556_435_175_246_00011.png,3.8,3.8,0 0 0 0
fa08d83f-8fe9-4785-8813-fe7856ea3e68_1801face0_381_463_274_362_00001.png,3.8,3.8,0 0 0 0
92e60bc7-5d57-44ed-8b90-5727c8733c4d_2face0_124_107_700_945_00002.png,3.8,3.8,0 0 0 0
8de21316-5577-4647-8a17-c9c97611f139_1542face0_500_568_310_449_00001.png,3.8,3.8,0 0 0 0
4f0350e1-23a8-4d38-8520-ddf9990945e2_2face0_400_446_228_305_00001.png,3.8,3.8,0 0 0 0
249af518-bc5c-4626-a9bb-b4837802f9d6_10003612face0_404_556_196_275_00001.png,3.8,3.8,0 0 0 0
50656629-7116-4e8f-8b96-71734422a82e_10000247face0_419_51_319_401_00011.png,3.8,3.8,0 0 0 0
253918a1-6d1b-4e69-a905-5a99932fbe40_2face0_450_688_210_281_00001.png,3.8,3.8,0 0 0 0
1b6b0045-c715-4fd4-8435-7d111f886bf0_2face0_783_270_203_260_00001.png,3.8,3.8,0 0 0 0
5d4bd9ac-1336-49f5-83ee-5b771a443b54_10000032face0_446_560_211_279_00004.png,3.8,3.8,0 0 0 0
725df6e2-e9d8-4628-aa21-3fb698163f75_1785face0_278_445_525_671_00001.png,3.8,3.8,0 0 0 0
f5245f81-6484-420e-90e5-647ae4d2d6a4_10000162face0_591_327_236_320_00003.png,3.8,3.8,0 0 0 0
444d67ad-3d0e-49ed-9fb2-fcb134865868_2face0_623_743_149_194_00001.png,3.8,3.8,0 0 0 0
de479759-130d-4ae7-ac54-d72a2a5c73be_2face0_417_322_336_434_00001.png,3.8,3.8,0 0 0 0
703139ae-c91c-413f-9fbb-1d40744545f8_2face0_434_401_306_438_00005.png,3.8,3.8,0 0 0 0
6956c765-bcea-4431-971a-784dd49eacaf_302face0_487_279_172_240_00001.png,3.8,3.8,0 0 0 0
00e89692-c0c0-47f8-8b99-b3981a5fe3cb_2face0_552_469_380_493_00008.png,3.8,3.8,0 0 0 0
233bebfc-ef7e-4a84-a64e-4c0804a3fd13_10000299face0_374_635_246_320_00002.png,3.8,3.8,0 0 0 0
c4eaf082-d1f6-4567-8631-1f05ce95eb3a_2face0_314_599_571_695_00007.png,3.8,3.8,0 0 0 0
7346b1b4-1e81-464e-a8e0-646f8d3d6f08_302face0_391_463_162_223_00001.png,3.8,3.8,0 0 0 0
6e431f2d-909b-44b0-9622-4a214369a865_602face0_411_750_194_259_00009.png,3.8,3.8,0 0 0 0
99ec6db4-e0e2-43ed-a657-77fa1d84a3a2_2face0_442_386_219_294_00001.png,3.8,3.8,0 0 0 0
377d644a-18aa-4181-a4d5-863498a2f418_302face0_456_496_194_255_00001.png,3.8,3.8,0 0 0 0
a99312e2-91b7-4ff0-8433-da99fae31d4f_302face0_553_94_326_432_00006.png,3.8,3.8,0 0 0 0
68c583f6-85ec-4bba-ab28-eab16c240a94_10000150face0_160_66_743_960_00002.png,3.85,3.85,0 0 0 0
27797ce7-8f68-4d42-84b6-3d2015e81ccd_2face0_236_487_459_49900009.png,3.85,3.85,0 0 0 0
78f304cc-33fc-45a9-b8bf-7f74a4a695ad_2face0_171_662_212_290_00004.png,3.85,3.85,0 0 0 0
e0a39762-3aa3-437b-a34a-45c49e2a7a3a_2face0_208_447_536_697_00001.png,3.85,3.789473684210526,0 0 0 0
bc8ec8b9-c9c1-4542-abd0-a1f641fd8562_1801face0_416_725_135_181_00001.png,3.85,3.85,0 0 0 0
acdbbdde-0205-40a3-b213-c42e60e01698_2face0_386_505_361_462_00001.png,3.85,3.85,0 0 0 0
8f7e2f12-712f-4fc9-a392-cd93829253f1_10000001face0_398_621_271_366_00001.png,3.85,3.789473684210526,0 0 0 0
f5eb1fc4-8cdb-4361-834b-d76fd7926192_10002063face0_438_611_159_197_00001.png,3.85,3.85,0 0 0 0
945c8c79-e403-451b-9e1a-3d0d26c353b7_2face0_447_299_229_316_00002.png,3.85,3.85,0 0 0 0
bf6a89c4-df8c-4c21-8297-2710708a565c_2400face0_518_884_130_166_00001.png,3.85,3.85,0 0 0 0
aaced42a-c710-44ad-9614-3195fad945af_302face0_226_276_533_740_00008.png,3.85,3.85,0 0 0 0
32dbc102-5699-4401-8f75-a169669bbbd3_602face0_419_461_144_177_00008.png,3.85,3.85,0 0 0 0
90aa2ddc-f9a2-4288-9c32-135992bfe20a_2face0_191_239_336_475_00001.png,3.85,3.85,0 0 0 0
6d47a7a3-57f5-4f8f-a6d0-f93207eff0b8_302face0_432_468_348_477_00001.png,3.85,3.85,0 0 0 0
d6e49bb5-b46a-4f66-a1c8-6a7dd0ea921a_302face0_357_322_205_266_00003.png,3.85,3.85,0 0 0 0
b39ea676-f9e1-4acd-8a25-7785ff21b935_1799face0_463_607_215_283_00001.png,3.85,3.85,0 0 0 0
9aed6261-5d81-4f18-ac39-95dc101b6d4a_302face0_322_541_225_277_00008.png,3.85,3.85,0 0 0 0
322c8383-6879-460b-a9c8-65d9f5161c26_2face0_540_317_250_340_00003.png,3.85,3.85,0 0 0 0
86811b77-ec14-4b2d-88b7-916ab584a63b_302face0_429_638_230_303_00001.png,3.85,3.85,0 0 0 0
9077e957-6daf-47ce-ac68-e2baa94bcaf5_2face0_440_528_280_29600001.png,3.85,3.85,0 0 0 0
55ed6dca-56d1-45d9-9829-44cfbe95b233_10000050face0_329_121_421_536_00001.png,3.85,3.85,0 0 0 0
e3e465bb-a442-476a-868b-b053ab5b481a_602face0_498_476_198_259_00002.png,3.85,3.85,0 0 0 0
5d2f3193-4ee5-4093-982a-f64495ffecbf_2face0_253_531_441_45700002.png,3.85,3.85,0 0 0 0
c7e00b10-a048-4bcd-ba5a-2af9893fd904_302face0_426_505_294_384_00007.png,3.85,3.85,0 0 0 0
474ad87a-cdf2-45a9-bb9c-abc7b43f4763_2face0_427_792_184_227_00003.png,3.85,3.85,0 0 0 0
4eafe86a-a42f-4994-96d5-82b44fce93a4_10000000face0_258_244_484_586_00001.png,3.85,3.85,0 0 0 0
d0ed0a47-d12e-4cad-9cbf-e6ee16f4d4df_602face0_595_510_290_30000009.png,3.85,3.85,0 0 0 0
527a0990-566e-4b7b-9be1-55c37d6ee073_2face0_310_579_259_349_00004.png,3.85,3.85,0 0 0 0
85b5c5bd-b174-4aba-b09a-372a801ca78e_2face0_368_204_197_273_00001.png,3.85,3.85,0 0 0 0
a0f7f60b-1b7d-4103-b0a5-75a1b4e88ccd_902face0_391_560_148_218_00002.png,3.85,3.85,0 0 0 0
3c2adeed-da3d-44b7-8427-0d841c310ddf_2face0_303_241_670_913_00004.png,3.85,3.85,0 0 0 0
17cd60e7-8f90-4dcb-89c4-a6cd01cb1697_1800face0_379_130_296_373_00009.png,3.85,3.85,0 0 0 0
3f657561-d659-4a69-bb8c-e686567f4d74_602face0_150_400_635_791_00002.png,3.85,3.85,0 0 0 0
1cc5b4f0-443e-4d3d-8f24-fca794ffc5a9_302face0_473_281_212_260_00001.png,3.85,3.789473684210526,0 0 0 0
d8f69022-c8ae-4636-81d4-297fcbc17aaf_2face0_435_275_203_301_00001.png,3.85,3.85,0 0 0 0
acb43101-b11d-4dc6-a037-91a64d1e5834_2face0_295_279_200_301_00002.png,3.85,3.85,0 0 0 0
59caafc9-ff83-4263-b9d4-6acffd8cc2a6_2face0_441_465_158_188_00001.png,3.85,3.85,0 0 0 0
030f3e33-5d78-4a09-a50c-9ea81e7b8581_2face0_306_68_644_860_00001.png,3.85,3.85,0 0 0 0
d873fa56-00cc-4c80-a9a4-c428014d68fb_2face0_150_303_439_582_00001.png,3.85,3.85,0 0 0 0
c915ed67-187e-4cdf-a658-d9db74a90ee0_2face0_495_264_289_368_00003.png,3.85,3.85,0 0 0 0
1ad32c9f-b632-4799-abce-0c533463f37f_302face0_250_159_275_370_00001.png,3.85,3.85,0 0 0 0
56295cbc-50b3-4b22-abd1-8861aff09b52_2face0_334_148_400_542_00004.png,3.85,3.85,0 0 0 0
a9ee23eb-a137-4b95-81a4-adf32f370348_2face0_307_172_418_573_00001.png,3.85,3.85,0 0 0 0
7b880cc9-efd2-49a3-a528-7d4697374639_2face0_308_236_239_331_00002.png,3.85,3.85,0 0 0 0
e8bd433f-df3e-4d25-b287-39bc87adc98f_302face0_289_525_375_503_00006.png,3.85,3.85,0 0 0 0
9b4af2c7-bcaf-4ffd-a520-429a9986cfea_10000001face0_156_89_268_368_00010.png,3.85,3.85,0 0 0 0
bfcfcc8c-9dd4-4862-b1e3-cbf2a243c27c_2face0_386_343_394_492_00001.png,3.85,3.647058823529412,0 0 0 0
59a88c42-0a6e-4637-a8c1-01b69ac4ece4_2face0_308_262_242_297_00001.png,3.85,3.85,0 0 0 0
61c68cbd-3e34-4f10-8fe0-b949c6b23eb5_2face0_542_213_480_673_00001.png,3.85,3.85,0 0 0 0
a83db93c-5d6b-490b-81e8-4118795c9f46_1789face0_426_638_267_345_00005.png,3.85,3.85,0 0 0 0
b58cd089-96a3-40e6-9ffe-6e4de456e3f4_2face0_664_402_246_342_00003.png,3.85,3.85,0 0 0 0
8461dfb0-c5d6-4086-ba34-f5f034147565_3601face0_303_419_301_386_00001.png,3.85,3.85,0 0 0 0
2dd84224-9fcc-4e14-b634-4ee60c1dec3e_2face0_421_813_215_286_00001.png,3.85,3.85,0 0 0 0
7278ff2b-7c68-41dd-acc0-b07f462081cb_2face0_400_431_316_419_00005.png,3.85,3.85,0 0 0 0
4effd502-dec4-4a3d-bb7f-cb62f3f4349d_1801face0_570_572_299_397_00001.png,3.85,3.85,0 0 0 0
51484476-63e2-4fed-a8ea-85ba745e5b74_302face0_338_281_441_608_00003.png,3.85,3.85,0 0 0 0
7fa24bdb-7022-4596-a19e-33ef3b6a3115_2face0_110_314_557_669_00004.png,3.85,3.85,0 0 0 0
1905cb0c-85cb-4233-b7f0-598851f0f5d3_602face0_465_146_197_281_00009.png,3.85,3.85,0 0 0 0
4b7eef5a-e74a-4e34-8b69-42b6e0a6858e_2face0_229_382_401_558_00001.png,3.85,3.85,0 0 0 0
5d138aa8-4685-4798-8229-74d26e873c22_302face0_519_412_172_216_00001.png,3.85,3.85,0 0 0 0
1f278401-8f01-44f1-8850-1b930e570a8a_2face0_393_434_371_501_00001.png,3.85,3.85,0 0 0 0
0e9b56f8-a88c-4a55-8c2a-9e9730e6ce84_2face0_361_673_230_310_00006.png,3.85,3.85,0 0 0 0
45309fbd-9a5a-42a6-9111-093843ea6789_2face0_377_77_467_614_00001.png,3.85,3.85,0 0 0 0
594c685e-ef89-416b-9bb3-cc536a242387_2face0_169_111_540_717_00001.png,3.85,3.85,0 0 0 0
0abd2109-a3dd-4327-ae7b-4ad41601bc71_2face0_646_169_308_403_00001.png,3.85,3.85,0 0 0 0
7b10be3f-00fd-4a8e-8870-98d266568f3a_302face0_611_446_212_314_00004.png,3.85,3.85,0 0 0 0
9a4871c0-7bdb-413b-9568-2989ff475263_2face0_247_395_237_318_00003.png,3.85,3.85,0 0 0 0
08d2da9b-d0e5-4d0f-8885-27fe19501ff9_1801face0_367_355_172_229_00001.png,3.85,3.85,0 0 0 0
8a979825-bcda-4312-a9cc-f904df706ff6_302face0_165_170_282_353_00001.png,3.85,3.85,0 0 0 0
a37847a5-fe5a-44ac-9523-7e36d1c1e919_2face0_206_341_327_408_00005.png,3.85,3.85,0 0 0 0
c58c3576-5e3c-4566-943b-68fc838517b0_10002042face0_331_576_345_451_00011.png,3.85,3.85,0 0 0 0
13a30fb1-10e0-4b68-a484-8edcb09ef369_1657face0_423_404_376_510_00001.png,3.85,3.85,0 0 0 0
5eaabcdf-1283-425c-ad4a-7eeb649b633e_1800face0_408_594_212_299_00001.png,3.85,3.85,0 0 0 0
10faa7b3-c42c-46f0-ad1f-e5c0e1de52b9_2face0_97_56_887_1061_00008.png,3.85,3.85,0 0 0 0
d5910b8c-7a8d-43e1-bd47-aa3e6e6f29f5_1801face0_207_829_236_310_00003.png,3.85,3.85,0 0 0 0
11db3aa8-c56b-4a13-9a8b-ccc6ba95998f_2face0_361_363_445_603_00005.png,3.85,3.85,0 0 0 0
28eb8b61-2429-43b2-baa7-c1466d3754a0_2face0_56_223_282_382_00001.png,3.85,3.85,0 0 0 0
c3bd7633-d1b1-4e81-90d8-d07af794f277_2face0_232_411_343_456_00012.png,3.85,3.85,0 0 0 0
db8e7276-8b05-44a7-9e6c-adc16f741522_2face0_438_652_207_273_00001.png,3.85,3.85,0 0 0 0
24ee5a6b-4187-4236-95ad-4939604947d7_2face0_349_495_162_210_00009.png,3.85,3.85,0 0 0 0
61135c90-d502-4e17-84ca-804e0c82853a_302face0_279_450_246_312_00003.png,3.85,3.85,0 0 0 0
31dbe75d-c258-46a0-8da9-eb84d1f80a44_2face0_293_181_320_399_00001.png,3.85,3.789473684210526,0 0 0 0
853c056f-890c-4d00-afc4-ad4999e68f18_2face0_501_491_201_271_00001.png,3.85,3.85,0 0 0 0
1733ced5-5cd1-4dd5-ba46-f32525a09482_2face0_327_100_420_549_00001.png,3.85,3.85,0 0 0 0
3eb5cdef-c6a8-442d-91cc-8f29cd75ad71_2face0_210_171_432_571_00003.png,3.85,3.85,0 0 0 0
ada618f7-ab62-4210-8d6e-ab3ecef8aa28_2face0_424_369_348_473_00002.png,3.85,3.85,0 0 0 0
0e3de112-4b99-4634-a40e-16054cee462c_1801face0_384_685_222_297_00001.png,3.85,3.85,0 0 0 0
ea9660f7-055c-4eba-b88a-96f1f3b2b31c_2face0_592_290_221_297_00012.png,3.85,3.85,0 0 0 0
d34e075e-90b0-4d5c-98ca-f77515a2b8e9_2face0_300_407_345_455_00001.png,3.85,3.85,0 0 0 0
6a6110b2-9ff3-4707-ae22-db247853c351_10001680face0_440_652_197_234_00006.png,3.85,3.85,0 0 0 0
e980eb9d-4d5d-408f-8eb3-1f14033702b9_2face0_558_326_162_210_00001.png,3.85,3.85,0 0 0 0
df334f16-e791-453a-9ae3-08fbef179ec3_1801face0_63_403_403_538_00001.png,3.85,3.85,0 0 0 0
9c9299a2-a903-47d4-9520-654f184cdde3_1801face0_189_607_616_808_00008.png,3.85,3.85,0 0 0 0
1999bdc2-b61e-45dd-8575-c2c9fa5a8eb2_302face0_555_691_230_299_00001.png,3.85,3.85,0 0 0 0
c55c8e43-5e8a-4643-85bc-0074f57a7ffb_302face0_469_250_277_381_00003.png,3.85,3.85,0 0 0 0
cea4fec7-b6f5-4e92-9795-e8d9ce63d8da_2face0_523_603_210_253_00005.png,3.85,3.85,0 0 0 0
efbca1ba-e8f5-4421-ad32-089757b116bf_10000289face0_245_282_135_175_00001.png,3.85,3.85,0 0 0 0
58476404-1025-455c-bab6-2826782acc70_2face0_201_102_515_728_00001.png,3.85,3.85,0 0 0 0
6220394d-3676-4382-a6f5-2634417df66d_2face0_445_699_217_284_00001.png,3.85,3.85,0 0 0 0
fbc4a74d-fa44-44c9-821a-7a20fac3fde1_2face0_493_747_309_414_00004.png,3.85,3.85,0 0 0 0
2b665464-a582-4c3b-bd69-17846efd50b6_2face0_465_833_207_273_00001.png,3.85,3.85,0 0 0 0
0ddd7568-0ba7-4641-8c6d-543f6b6eacf3_302face0_333_535_525_656_00003.png,3.85,3.85,0 0 0 0
1f0aca9f-f5c3-44c6-af07-48584f62b369_1801face0_434_749_177_240_00001.png,3.85,3.85,0 0 0 0
a76c4d0a-f944-439d-9496-4cb3eddf9d19_2face0_502_429_180_260_00001.png,3.85,3.85,0 0 0 0
313f390a-e5d4-471c-a116-369428ec1ebd_2face0_430_469_532_727_00002.png,3.85,3.85,0 0 0 0
adee4b47-beae-4bf4-830e-ea19d90ef673_302face0_230_504_509_723_00001.png,3.85,3.85,0 0 0 0
9f0d7031-3a15-4275-8838-f6ea3974c5e9_2face0_520_434_263_357_00001.png,3.85,3.85,0 0 0 0
3d035ab0-2355-4bac-99d8-d2b2371ba15d_2face0_497_272_259_340_00001.png,3.85,3.85,0 0 0 0
cbdab270-15b2-4d82-aeac-b66317a0b3ea_2face0_347_181_277_379_00010.png,3.85,3.85,0 0 0 0
f4e6a48f-9f53-46ae-9ac7-800f42d3b49c_2face0_391_553_257_344_00003.png,3.85,3.85,0 0 0 0
8eb6672c-53ec-4766-8719-f3bf2d8e9763_2face0_371_143_249_334_00001.png,3.85,3.85,0 0 0 0
14221c5e-4ec0-4179-9f43-ad9e6396d7a8_2face0_358_601_243_308_00002.png,3.85,3.85,0 0 0 0
6a35628b-641c-4acc-86f9-648a60545190_1799face0_116_538_537_719_00001.png,3.85,3.85,0 0 0 0
523569f7-2841-434c-bcb3-c7e8ab2d3e67_2face0_358_532_212_296_00001.png,3.85,3.85,0 0 0 0
a7076fed-51cd-413a-a118-2df535af5c9a_2face0_449_252_203_284_00001.png,3.85,3.789473684210526,0 0 0 0
d9d93499-b100-4911-8695-826b42ef1348_10001800face0_413_613_273_377_00006.png,3.85,3.85,0 0 0 0
3f41157f-976d-4b81-96a3-89b037b26053_602face0_224_97_217_297_00005.png,3.85,3.85,0 0 0 0
5b17dd77-d175-4a78-ae4d-14159ff4b760_2face0_416_173_324_410_00001.png,3.85,3.85,0 0 0 0
1d71bf5e-d483-45bc-8a0b-fa9a767ae35e_10002203face0_189_598_173_199_00001.png,3.85,3.85,0 0 0 0
7949d830-3ff0-460d-afae-cbc8b325af13_302face0_61_606_273_358_00003.png,3.85,3.85,0 0 0 0
a69c97b3-0f4b-4068-ab21-752850b50e84_2face0_358_739_277_360_00001.png,3.85,3.85,0 0 0 0
ba3f9ae8-e386-4cca-8061-ce25630ccf55_1802face0_612_341_259_334_00001.png,3.85,3.85,0 0 0 0
047b88db-5293-4e34-91df-33393d3f34e7_302face0_368_157_460_577_00001.png,3.85,3.85,0 0 0 0
779d8714-0cad-42ed-ad94-0906734ea661_10001784face0_342_557_280_366_00001.png,3.85,3.85,0 0 0 0
d48b5766-d088-47b8-b722-51d5f5ec0fac_2face0_70_100_564_745_00001.png,3.85,3.85,0 0 0 0
37df3296-6521-4aaa-8ce8-bc27ef2c3b52_2face0_409_535_271_358_00001.png,3.85,3.85,0 0 0 0
d039562e-c621-4a44-b963-5f5a30956e25_2face0_518_990_211_301_00005.png,3.85,3.85,0 0 0 0
4c99e81b-faf6-406d-a6bc-5b007239d63b_2face0_350_88_230_308_00001.png,3.85,3.85,0 0 0 0
83ba27c2-220e-44b1-a6cd-090c64189e04_302face0_362_306_316_440_00002.png,3.85,3.85,0 0 0 0
0f5ad8ce-acb0-4201-a085-8466a6f0fe1a_1789face0_528_573_134_179_00003.png,3.85,3.85,0 0 0 0
c304163d-6c23-4f49-9b62-2a24daba678a_1801face0_106_432_347_451_00006.png,3.85,3.85,0 0 0 0
5b60ceb9-d747-490e-b1eb-422622bbc49a_1799face0_666_699_166_233_00007.png,3.85,3.85,0 0 0 0
8213a16f-3e27-40ea-85d5-e3d487f4e9d5_2face0_390_240_261_325_00010.png,3.85,3.85,0 0 0 0
8f5a9920-72e8-4ad5-9537-20c94cbaaadf_302face0_704_384_280_390_00002.png,3.85,3.85,0 0 0 0
8cf618e5-d3e9-4370-bd48-fe2d337a4202_2126face0_573_694_176_240_00007.png,3.85,3.85,0 0 0 0
6ac2a7ef-c491-42ba-b766-a1fc51086cfe_2face0_190_376_498_638_00010.png,3.85,3.85,0 0 0 0
ecc0b0a2-8242-4cce-89c2-c5f3105ab548_302face0_448_383_274_358_00001.png,3.85,3.85,0 0 0 0
a4cea9bf-762a-48c0-858e-e13fe07ee9b1_302face0_235_439_375_41000001.png,3.85,3.85,0 0 0 0
a85aedf7-6b42-43b8-99fc-e29837dda50a_2face0_424_413_154_197_00001.png,3.85,3.85,0 0 0 0
38498fe1-5e81-43bf-91bd-8227d24f4672_2face0_543_674_145_186_00001.png,3.85,3.85,0 0 0 0
a84623b0-389c-4fce-86ef-dfe5919d666c_2face0_307_233_417_593_00001.png,3.85,3.85,0 0 0 0
241b1034-0d7a-4585-ae1e-84eb5ce06e21_602face0_449_318_354_514_00006.png,3.85,3.85,0 0 0 0
5877ced2-7583-49d5-96e5-ebd8f267511c_1800face0_404_540_254_342_00001.png,3.85,3.85,0 0 0 0
6b235367-fa7f-4327-a144-89928e2ce51e_1789face0_468_444_336_442_00001.png,3.85,3.85,0 0 0 0
5c00f23a-651a-474a-8fac-c19d550940d4_302face0_477_56_215_297_00001.png,3.85,3.85,0 0 0 0
60bd180b-6615-48a1-a41a-c572da883222_302face0_241_96_230_292_00002.png,3.85,3.85,0 0 0 0
a776ea49-e248-48fb-9ac8-995442319755_2face1_404_725_151_190_00001.png,3.85,3.85,0 0 0 0
cffd8f17-aa8a-47b4-8886-f6a512d3fd0b_2face0_298_152_254_342_00003.png,3.85,3.85,0 0 0 0
46638dce-4c69-4842-8ef6-b4576a9357cf_2face0_287_352_180_238_00004.png,3.85,3.789473684210526,0 0 0 0
ca0ae7e8-6f33-4fbe-b4ec-ce36aced4590_2face0_600_252_327_438_00008.png,3.85,3.85,0 0 0 0
37ead850-5fd4-4a74-bd4b-42db07399606_302face0_227_701_194_262_00001.png,3.85,3.85,0 0 0 0
7832573f-3f12-45fe-b08a-686d39945391_10001860face0_347_436_158_207_00001.png,3.85,3.85,0 0 0 0
634d331f-1cec-4957-9c6a-fd9c3e4b6725_2face0_296_340_145_183_00012.png,3.85,3.85,0 0 0 0
37340f8c-aeb2-4687-9a1d-f754da69f24e_2face0_500_415_244_327_00002.png,3.85,3.85,0 0 0 0
03097af0-a98d-4ad2-b69e-df8d416ff7b2_2face0_333_187_208_270_00001.png,3.85,3.85,0 0 0 0
f618048b-14d1-456c-9f94-adec683ff23a_2face0_215_241_344_468_00008.png,3.85,3.85,0 0 0 0
1d56f4cd-f660-4e92-8451-09ab991a01bc_2face0_338_397_214_25200001.png,3.85,3.85,0 0 0 0
34238b9f-c133-4ded-896e-c8e35aa29b76_2face0_131_300_284_392_00004.png,3.85,3.85,0 0 0 0
26fd1341-05a7-4081-87ee-0d36d0774111_302face0_272_299_510_706_00001.png,3.85,3.85,0 0 0 0
2e623297-34b2-4941-8b2a-0cbee8ab5e32_2face0_617_133_338_440_00014.png,3.85,3.85,0 0 0 0
e654b8a2-80c7-417b-901c-aa10703188b8_2face0_322_433_510_682_00006.png,3.85,3.789473684210526,0 0 0 0
cd014314-5b04-4b06-967d-7b6b6be559cc_902face0_65_110_369_468_00011.png,3.85,3.85,0 0 0 0
88540d82-9373-4335-8979-c17d4ed02ce7_1801face0_413_496_201_266_00001.png,3.85,3.85,0 0 0 0
110a1aa5-b0f5-49bd-823f-08388b672430_302face0_444_88_392_527_00009.png,3.85,3.85,0 0 0 0
0904335f-4906-4322-a175-a1233e29dcf6_2face0_625_314_308_401_00001.png,3.85,3.85,0 0 0 0
572f6a23-824a-4d2a-a38a-2b45710cf9a0_302face0_417_537_151_197_00001.png,3.85,3.85,0 0 0 0
88e3b4b6-8f6f-49c1-be3d-1621a29aba1b_2face0_416_674_165_214_00001.png,3.85,3.789473684210526,0 0 0 0
25940833-bcb0-4e70-8bac-2fd494a9b43c_302face0_433_642_552_60300008.png,3.85,3.85,0 0 0 0
fc79ae8a-d59e-4da2-856b-5f4e1cad6384_1857face0_446_750_232_303_00001.png,3.85,3.85,0 0 0 0
d9b4a407-1269-45bd-8478-cc658d825e2c_302face0_617_219_350_469_00002.png,3.85,3.85,0 0 0 0
8520ae97-2c31-4139-92aa-fe834fc8808c_2face0_386_280_616_810_00001.png,3.85,3.85,0 0 0 0
5b5c1bbd-2536-4ad7-bff6-377116343d5e_2face0_421_85_271_364_00008.png,3.85,3.85,0 0 0 0
931f7751-ac64-4712-947b-b13ffe0fe484_302face0_396_572_326_421_00001.png,3.85,3.85,0 0 0 0
a467d328-175a-4ae1-9629-7901bf457c14_1854face0_253_321_670_886_00001.png,3.85,3.789473684210526,0 0 0 0
519f913b-871d-406b-aedb-2d420ad26b8c_302face0_444_373_320_423_00005.png,3.85,3.85,0 0 0 0
5b713c57-7de2-447c-8fb8-be0d7e71acf8_2face0_249_368_375_43900004.png,3.85,3.85,0 0 0 0
94904a2d-cea8-4d02-ba36-736489410266_2face0_447_478_267_362_00007.png,3.85,3.85,0 0 0 0
cf8f4bc8-1e5c-4b04-837c-dcdc24222835_2face0_417_426_251_327_00004.png,3.85,3.85,0 0 0 0
feb993e5-2323-42d6-b9e9-366d567272ed_2face0_713_200_299_431_00004.png,3.85,3.85,0 0 0 0
0f7d5e6b-705d-4c60-9607-4d3c30b791cc_2face0_385_710_256_351_00001.png,3.85,3.85,0 0 0 0
e8d0cb73-f0c2-4b0b-930f-c84e23fc7e23_2face0_436_330_172_236_00013.png,3.85,3.789473684210526,0 0 0 0
31dbd536-be68-41c9-966a-b9e0c3222cd8_2929face0_433_274_194_286_00001.png,3.85,3.85,0 0 0 0
fcf3ac56-09e1-4bea-9e6d-eddb69cf98b4_2face0_626_329_142_199_00001.png,3.85,3.85,0 0 0 0
0310b105-7cb9-4566-84ee-2f177dd92cbb_902face0_530_501_285_386_00004.png,3.85,3.85,0 0 0 0
81f1b6fc-d8fe-4c89-a3df-e0b54b9841ad_2face0_413_483_302_401_00001.png,3.85,3.85,0 0 0 0
9ee7e628-1ea8-4459-8ac8-4e3a679c6a79_2face0_458_254_362_490_00006.png,3.85,3.85,0 0 0 0
3090616a-4ce3-48e8-93bd-b78722a129db_2face0_445_633_225_305_00001.png,3.85,3.85,0 0 0 0
a54df2fa-832c-41e3-b1c8-4a05d5293a64_2face0_686_307_236_316_00001.png,3.85,3.85,0 0 0 0
ee0fcbde-934c-4431-8a10-2da0683ad498_2face0_489_285_264_336_00001.png,3.85,3.85,0 0 0 0
e3ac575a-5308-4eb8-af66-4dac4bb2a9d0_1855face0_77_82_271_371_00002.png,3.85,3.85,0 0 0 0
349c51e3-9598-477e-9301-4abf4b5fb521_2face0_536_610_180_231_00005.png,3.85,3.789473684210526,0 0 0 0
12e30668-c57a-4ea7-b473-79794be5492b_2face0_560_231_243_323_00004.png,3.85,3.85,0 0 0 0
472674bf-566c-4d90-92a1-2d2c4b42552a_1797face0_366_855_260_358_00001.png,3.85,3.85,0 0 0 0
5732e5ed-0b6b-4df7-98e3-0a186dc2d8b7_2face0_221_383_242_316_00010.png,3.85,3.85,0 0 0 0
2d51686f-f77e-46ec-853c-04521a792d06_2face0_326_152_287_418_00001.png,3.85,3.85,0 0 0 0
c21d68e7-8429-4cf1-8e35-d28eafc2dbeb_2face0_659_59_284_375_00001.png,3.85,3.85,0 0 0 0
1386ffad-613b-4918-9286-733bb3ad8851_302face0_262_54_369_475_00006.png,3.85,3.85,0 0 0 0
f0a27d0f-e645-4c5d-9b6e-ca8d7e773057_2face0_478_323_288_397_00003.png,3.85,3.85,0 0 0 0
eb509366-be16-46e6-bf38-293661eb9e46_2face0_391_374_341_447_00003.png,3.85,3.85,0 0 0 0
efde80a1-d538-46c2-8f78-87fefdefd432_10000848face0_395_406_441_592_00010.png,3.85,3.85,0 0 0 0
8dec9144-4f5e-41e4-8fa2-a9d87f8c4bcf_2face0_294_159_193_264_00008.png,3.85,3.85,0 0 0 0
e3f9cb28-9cd4-4747-9970-8db1d63643c5_302face0_440_126_551_723_00010.png,3.85,3.85,0 0 0 0
fdb6882a-cf88-4d0f-ab8e-e5d057ddbc7a_2face0_365_745_296_395_00001.png,3.85,3.85,0 0 0 0
5ef8c3b0-4ada-495f-a2c8-824d0a4b32e6_10004282face0_721_703_198_244_00001.png,3.85,3.85,0 0 0 0
9d56ddf4-f72f-4d9a-a889-27b7a3981b16_902face0_276_401_664_67200003.png,3.85,3.85,0 0 0 0
b1f440c1-873f-4451-bcf8-d2156b8e41d0_2face0_520_411_156_214_00002.png,3.85,3.85,0 0 0 0
aafaab53-7edc-496c-b3f4-b938fd641683_10000700face0_670_457_343_440_00005.png,3.85,3.85,0 0 0 0
b46f9129-6d63-4cfe-9a27-6e8fb9cda0dd_2face0_179_719_239_333_00005.png,3.85,3.85,0 0 0 0
4d07f669-3379-45af-9fdd-fd22ae98c8fd_10000001face0_600_242_156_205_00003.png,3.85,3.85,0 0 0 0
9cdcc6db-fdea-4903-a348-ed2fb185a7c8_2face0_141_599_320_425_00001.png,3.85,3.85,0 0 0 0
f208ead9-5432-4648-989c-662585e629eb_2face0_270_915_189_220_00006.png,3.85,3.85,0 0 0 0
9ea70909-2866-4dcc-a652-42c3e13fe18e_2face0_262_119_156_218_00001.png,3.85,3.85,0 0 0 0
3075bfcb-8f5b-4888-86b9-c0fd42cd6f20_302face0_689_448_184_246_00006.png,3.85,3.647058823529412,0 0 0 0
cba2df6a-3bb0-454f-a0b6-22618370d4ad_2face0_446_260_287_408_00012.png,3.85,3.85,0 0 0 0
54069841-0abe-4ba1-b4b9-284d054678b3_2face0_434_286_382_534_00004.png,3.85,3.7222222222222223,0 0 0 0
cb8fc96a-4cc2-46ce-8029-0957d7f3ad57_1802face0_432_716_169_222_00002.png,3.85,3.85,0 0 0 0
4ce779cf-78fc-4e16-bce4-f0117eaee547_902face0_717_347_198_277_00001.png,3.85,3.85,0 0 0 0
b9365ead-d446-4d1b-ae81-7464d9c56a50_2face0_603_143_228_318_00004.png,3.85,3.85,0 0 0 0
ffbdc0d8-11c6-4295-8857-649fa8c54626_2face0_202_138_148_194_00007.png,3.85,3.85,0 0 0 0
081d9b50-0c34-4424-8fff-724298cb7eb1_2face0_227_682_606_758_00002.png,3.85,3.85,0 0 0 0
053a6463-2859-48dc-83c3-c91b915057a0_1801face0_421_181_326_427_00001.png,3.85,3.85,0 0 0 0
715af15b-83c6-4beb-ab03-4826f51f0801_2face0_234_331_663_876_00001.png,3.85,3.85,0 0 0 0
63f4065b-695d-4627-b8a3-148c4adc597b_2face0_392_295_301_399_00002.png,3.85,3.85,0 0 0 0
c61e7030-885d-49b4-adac-ab7a11aa0b12_602face0_559_55_267_364_00009.png,3.85,3.85,0 0 0 0
ed1879f3-d511-41e0-95b0-0761c7a1494d_10000281face0_171_184_520_727_00001.png,3.85,3.85,0 0 0 0
3c483574-6935-44db-8c74-dfbe8ca4167f_2face0_688_766_285_338_00001.png,3.85,3.85,0 0 0 0
91f260a9-6dea-46d1-8603-475be8b4e2ee_302face0_303_619_151_188_00002.png,3.85,3.85,0 0 0 0
a7a45f4e-cf36-496e-8f15-af5acbb0658b_302face0_335_479_145_183_00003.png,3.85,3.85,0 0 0 0
6a4b3a45-0fbf-40e3-a5a5-706461f9a0b5_3face0_660_933_218_297_00002.png,3.85,3.85,0 0 0 0
b342a092-fa51-46a1-88cd-e05ae674063c_2face0_220_338_312_360_00003.png,3.85,3.85,0 0 0 0
c21d6896-02d1-4d26-8d76-c0764bbfcbfb_302face0_295_502_144_196_00001.png,3.85,3.85,0 0 0 0
cc6819cb-99a0-4170-8e15-7b7a521570c0_2face0_496_373_152_209_00008.png,3.85,3.789473684210526,0 0 0 0
8b2e2db3-3fd4-4a6c-85f7-75ec094e08dc_2face0_558_60_369_475_00001.png,3.85,3.85,0 0 0 0
a3d84572-5ca4-41ba-bad5-730c642a83d6_10000279face0_205_318_316_407_00001.png,3.9,3.9,0 0 0 0
536a485e-6b4d-4f69-8650-62402fa17925_2face0_428_697_226_301_00001.png,3.9,3.9,0 0 0 0
e12aba86-e0e0-4ec2-a583-fe0cb01d35e5_2face0_264_502_344_455_00006.png,3.9,3.9,0 0 0 0
1bf54814-abf0-4557-94b3-fa565044c8a8_302face0_427_519_154_210_00001.png,3.9,3.9,0 0 0 0
6f72da61-4c8f-4d46-963d-4532cdf71fc1_2face0_185_144_415_545_00001.png,3.9,3.9,0 0 0 0
afddbfc7-4da0-4421-8caa-4ca98ac459f1_1202face0_276_173_564_754_00003.png,3.9,3.9,0 0 0 0
c1fd5d1a-9bdf-42ee-9681-05e6b30ca6d2_1802face0_295_260_130_172_00001.png,3.9,3.9,0 0 0 0
ab930017-91a2-40d3-8796-edeaa7a19981_2face0_310_399_289_379_00001.png,3.9,3.9,0 0 0 0
b573c1d0-b390-45cd-8967-48661606cd03_2face0_523_589_228_314_00002.png,3.9,3.9,0 0 0 0
2961fea0-894d-4618-9fd8-02d86e7556f6_2face0_488_528_148_205_00001.png,3.9,3.9,0 0 0 0
64147375-0caf-43ea-81b9-8d5b3f1e9cb8_2face0_359_231_313_421_00001.png,3.9,3.9,0 0 0 0
0119e41b-6c27-4602-a56b-31302ecfa612_2face0_472_404_201_284_00001.png,3.9,3.9,0 0 0 0
794e8142-5c61-407f-8559-cee9ff482d7d_2face0_365_640_267_342_00001.png,3.9,3.9,0 0 0 0
08c44a1a-3095-4ab3-9f7d-29e0cbe48ab2_2face0_519_180_261_334_00001.png,3.9,3.9,0 0 0 0
a7b33a99-5857-4532-b853-f39f75bf98ff_1801face0_546_511_152_199_00004.png,3.9,3.7777777777777777,0 0 0 0
d2380075-1a04-4d94-8821-af37bd092669_2face1_401_667_140_175_00001.png,3.9,3.9,0 0 0 0
f9e82232-180b-44d7-ad8f-bec285302a8f_1802face0_427_268_298_386_00011.png,3.9,3.9,0 0 0 0
54159c54-8a3f-481d-be32-d8486f5e3b48_2face0_313_711_251_336_00001.png,3.9,3.9,0 0 0 0
88bb018c-9845-47be-8380-a01e51c37572_3601face0_411_561_287_362_00001.png,3.9,3.9,0 0 0 0
a12fa8d3-d7b1-46cf-9097-be3c29c187f2_10001198face0_403_365_264_338_00001.png,3.9,3.9,0 0 0 0
2488e1d8-2e42-46a9-af74-28dceba51b86_2face0_336_382_418_566_00003.png,3.9,3.9,0 0 0 0
2d48dda8-c5c0-4995-8d45-64b4d3f8d58e_302face0_434_267_191_251_00001.png,3.9,3.9,0 0 0 0
a4a4e56e-933e-42b9-b1bc-97f68ffb8bc1_2face0_176_479_474_53400007.png,3.9,3.9,0 0 0 0
c7a9ca0e-e3fa-4acd-a5ab-1e57b98bded6_2face0_502_513_177_246_00005.png,3.9,3.9,0 0 0 0
87ebeb93-4acf-4a59-9961-2b4081bd59d3_1801face0_173_270_287_379_00001.png,3.9,3.9,0 0 0 0
589a63a5-b2fc-4f08-bab8-e65755692224_2face0_219_294_281_357_00003.png,3.9,3.9,0 0 0 0
94feee62-4bac-4db3-b408-396d6d01b57f_2face0_332_329_158_199_00009.png,3.9,3.9,0 0 0 0
bdc10ec3-3fb9-47d4-8055-6772e15024af_1502face0_242_171_604_777_00005.png,3.9,3.9,0 0 0 0
9b2d597b-08b7-40a6-98e5-426d94d04018_2face0_416_336_291_371_00001.png,3.9,3.9,0 0 0 0
014a7b22-c730-4e0d-8c4f-53929090bc44_2face0_256_319_309_401_00007.png,3.9,3.9,0 0 0 0
a4cdbbdf-f2cf-4425-98f6-82e7902cf901_2face0_449_600_205_284_00005.png,3.9,3.9,0 0 0 0
a7c0dd46-e056-4aa9-8fbf-f6ea2f2a4eed_2face0_441_692_128_179_00001.png,3.9,3.9,0 0 0 0
e79748c1-68aa-4262-bf78-fe3b4dec9a4a_2face0_343_295_232_320_00010.png,3.9,3.9,0 0 0 0
36dc37b6-5d21-40bb-9b07-31cfbf473693_302face0_389_332_207_257_00002.png,3.9,3.9,0 0 0 0
3f670a34-b9c0-4975-9260-3fffadb6f516_10000290face0_482_459_228_297_00001.png,3.9,3.9,0 0 0 0
b881a79e-6ebd-4075-abad-0211a9c8f9b2_2face0_521_322_273_347_00001.png,3.9,3.9,0 0 0 0
ef11a7ac-e36a-4bde-b8da-e9bea878144b_2face0_425_262_205_277_00011.png,3.9,3.9,0 0 0 0
b302b249-ddb5-43bf-96a9-380d77bab4c4_2face0_281_218_581_717_00001.png,3.9,3.9,0 0 0 0
feb7842a-20f3-4842-ae21-cad8831ebbab_2face0_289_475_585_775_00002.png,3.9,3.9,0 0 0 0
361b58bb-bddc-4794-9edd-619ecf431590_1801face0_427_553_236_314_00001.png,3.9,3.9,0 0 0 0
0b90d0b9-11da-4ce5-a5f7-4605a07671b5_2101face0_374_612_246_329_00001.png,3.9,3.9,0 0 0 0
2f3180bd-ed90-471e-b3ee-15920422927b_10001787face0_308_260_230_321_00008.png,3.9,3.9,0 0 0 0
2c47d70d-8adc-4462-9d1f-93aae680c939_2face0_464_405_266_357_00009.png,3.9,3.9,0 0 0 0
35c61f53-b1f3-4cc5-ba84-8e76fa72e446_302face0_508_259_156_207_00001.png,3.9,3.9,0 0 0 0
48fd6608-003f-4cf7-a6cb-c9598c95c7a8_302face0_455_671_230_316_00001.png,3.9,3.9,0 0 0 0
f10496d4-7265-4fe4-a914-7ecf113ef27d_2101face0_494_610_225_284_00001.png,3.9,3.9,0 0 0 0
de8cb2fa-00bf-4b4e-ad67-7057f751f9ad_2face0_602_365_242_329_00010.png,3.9,3.9,0 0 0 0
c7013f33-2a4c-494b-b814-7c34834016f6_2face0_366_632_232_288_00002.png,3.9,3.9,0 0 0 0
017476f0-8ccb-48dc-b127-181034791d42_2face0_334_100_240_323_00006.png,3.9,3.8421052631578942,0 0 0 0
48eb7df8-0bfe-46e9-9509-7080b7b6c900_2face0_531_314_380_519_00004.png,3.9,3.8421052631578942,0 0 0 0
ba994a7f-d90c-4178-a2a3-2e99f784956c_1801face0_378_374_341_399_00001.png,3.9,3.9,0 0 0 0
1c54670a-e145-4699-9070-de453eaeabbd_2face0_790_248_237_301_00001.png,3.9,3.9,0 0 0 0
db360dfa-a03a-4f8c-94d2-756d1ad7191c_10003628face0_391_727_219_277_00003.png,3.9,3.9,0 0 0 0
7982a4f9-7a6b-48e4-8787-661b2cd6e2b6_1801face0_291_413_334_442_00005.png,3.9,3.9,0 0 0 0
03100f7f-a35a-4fc1-a08f-9b0dd79836b8_302face0_230_478_313_419_00001.png,3.9,3.9,0 0 0 0
dfe392c0-c19b-4ecc-a18a-1d884b8b0aba_902face0_341_644_456_569_00001.png,3.9,3.9,0 0 0 0
2528ee0c-7c30-4de9-aa39-3ca9415c3bd9_2face0_461_831_141_192_00002.png,3.9,3.9,0 0 0 0
8263572d-fb58-4719-af06-f2002ae69b1b_302face0_369_637_161_214_00012.png,3.9,3.9,0 0 0 0
b86389dd-6713-4d0f-8d29-c7f605465ae6_2face0_281_89_744_1030_00003.png,3.9,3.9,0 0 0 0
30f9a008-25d0-4067-94d4-8af852cc4821_1801face0_351_670_266_362_00001.png,3.9,3.9,0 0 0 0
f0261c00-0f00-47e3-b054-370159f385c6_2face0_374_259_274_377_00001.png,3.9,3.8421052631578942,0 0 0 0
f6f91f7f-6301-4e38-964a-208714f6fed1_602face0_378_61_289_382_00001.png,3.9,3.9,0 0 0 0
8f4e660c-0de0-483c-b2cd-eeb96b64d11f_1580face0_413_450_228_284_00001.png,3.9,3.9,0 0 0 0
2e4d1a0a-eb12-4e33-b54b-d12a62e36d9f_2face0_217_480_562_728_00002.png,3.9,3.9,0 0 0 0
e0e5fb11-44e9-4768-bee0-784a0be23566_2face0_440_435_260_344_00001.png,3.9,3.9,0 0 0 0
a6389050-f5c6-46dc-81de-2924db0132e4_2face0_354_61_175_20200003.png,3.9,3.9,0 0 0 0
73bebf38-ef7f-4aea-b29d-a1c404af6436_2face0_433_86_313_431_00012.png,3.9,3.9,0 0 0 0
c9b55425-96ec-4f06-8614-ea69cf8fc391_1802face0_416_612_275_334_00001.png,3.9,3.9,0 0 0 0
f103a771-fb06-4909-a755-8b2ddda2fb9d_302face0_361_174_446_599_00001.png,3.9,3.9,0 0 0 0
6c0f3204-c718-4208-8e6c-17ef85d39f24_2face0_343_328_251_334_00010.png,3.9,3.9,0 0 0 0
2c149b74-7964-4365-9451-8fa8f16b929f_10000001face0_533_914_259_27500001.png,3.9,3.9,0 0 0 0
cdcacff7-7021-4b9d-8c63-5de26d7be68d_2101face0_409_626_301_370_00001.png,3.9,3.9,0 0 0 0
f12f816b-d23b-4c6e-a4c4-3029bf6b88bd_2face0_50_138_431_553_00004.png,3.9,3.9,0 0 0 0
8443b320-8bac-436c-bd34-26a038c4a32d_2face0_482_410_250_325_00007.png,3.9,3.9,0 0 0 0
5100f0cb-ab58-49be-a484-d29b9c01873e_302face0_191_263_159_218_00003.png,3.9,3.9,0 0 0 0
4ac23c38-1cbc-42c0-b31e-f3f51c8074b8_2face0_387_83_289_399_00001.png,3.9,3.9,0 0 0 0
1d9a412b-6242-49c5-b0aa-f54ad71a494c_2face0_444_691_240_308_00001.png,3.9,3.9,0 0 0 0
4579a657-4fea-4264-9336-5811a71149d0_2076face0_472_678_179_242_00001.png,3.9,3.9,0 0 0 0
2b227dfa-d944-45c4-877b-36a49d938d30_302face0_217_558_401_547_00001.png,3.9,3.9,0 0 0 0
840642ce-e660-41a1-80a9-2b776693df08_302face0_445_575_161_207_00006.png,3.9,3.9,0 0 0 0
4054aa52-0704-49e9-a474-c7079dd3c6d6_602face0_222_103_656_858_00003.png,3.9,3.9,0 0 0 0
9530fdb5-88a8-435a-a75b-d1e1ae0fa843_2face0_108_66_441_597_00001.png,3.9,3.9,0 0 0 0
5cd4e821-9177-4a7a-9fc5-fff010b6daa8_2face0_414_829_250_329_00007.png,3.9,3.9,0 0 0 0
1aaa95c1-9089-40c2-b2d8-03f38fbde5e2_10001795face0_452_628_232_316_00001.png,3.9,3.9,0 0 0 0
9be75cde-6a20-4631-a2b7-9d65691b30aa_2face0_504_250_267_364_00001.png,3.9,3.9,0 0 0 0
0dfea98c-dd3c-47ff-b2a6-8cae73bf253f_302face0_506_493_502_56800001.png,3.9,3.9,0 0 0 0
ded56f58-3889-4a34-830b-8c9bd4675a1c_2face0_472_514_204_260_00001.png,3.9,3.9,0 0 0 0
50dfba26-7ba9-4e31-b921-7272d7216636_1801face0_406_576_270_329_00001.png,3.9,3.9,0 0 0 0
f6f6b366-adf4-4eb2-b44d-6fdcc740ffa2_602face0_382_773_189_251_00006.png,3.9,3.9,0 0 0 0
011865cf-e1ca-4db8-852b-e77150c6f0e7_2face0_382_657_151_203_00001.png,3.9,3.9,0 0 0 0
642bd53d-5752-463a-aaa9-8e21c425465d_2face0_249_601_125_177_00002.png,3.9,3.9,0 0 0 0
c4cd9467-bbd6-4778-bc80-17e27e130a82_302face0_187_560_261_355_00001.png,3.9,3.9,0 0 0 0
f3b92699-05e8-4e77-b518-263e9c56b682_10000302face0_461_652_386_503_00001.png,3.9,3.8421052631578942,0 0 0 0
b7b4e367-7641-4170-85ee-2223089f4f5c_2face0_259_515_142_188_00001.png,3.9,3.9,0 0 0 0
f27e40ee-393a-487c-867f-710f95afaba3_2face0_325_349_235_320_00002.png,3.9,3.9,0 0 0 0
9fc3095a-bc8d-47d0-b462-89c708772016_2face0_383_554_320_416_00001.png,3.9,3.7777777777777777,0 0 0 0
349b0efd-a4b4-4259-abac-98ea839cc40d_2face0_385_538_128_177_00002.png,3.9,3.9,0 0 0 0
eaa5a07a-d7da-4990-996e-676b69a94d77_10002245face0_632_322_218_270_00007.png,3.9,3.9,0 0 0 0
adc026e5-8b5c-48bb-bc41-e7cabdf940a5_1801face0_526_527_373_486_00001.png,3.9,3.9,0 0 0 0
deeb9de7-a3b0-41d7-b880-fb945ddfcd21_2face0_453_436_212_286_00005.png,3.9,3.9,0 0 0 0
d41b7b35-285c-4e89-a918-9eb6bb4e74bb_2face0_410_625_226_294_00001.png,3.9,3.9,0 0 0 0
df4c44d9-cefb-46c4-ae85-4731fd7eb324_2face0_248_574_336_408_00001.png,3.9,3.9,0 0 0 0
a41b0265-9833-436f-b1e0-60ca1df0a04b_2face0_221_606_366_469_00010.png,3.9,3.9,0 0 0 0
a83c6917-8f51-497e-9ace-03f63582f1ea_302face0_490_196_354_477_00001.png,3.9,3.9,0 0 0 0
1a04daba-39ab-4ea3-b818-6d80d3735720_2face0_393_631_295_375_00004.png,3.9,3.9,0 0 0 0
623d271d-984f-41ed-8bd1-6acba2085eb7_1801face0_469_377_217_307_00001.png,3.9,3.9,0 0 0 0
f1566e06-13d2-41dc-ae94-7fbd975867f2_1801face0_644_1365_163_203_00001.png,3.9,3.8421052631578942,0 0 0 0
e68d2273-922e-45e3-ae83-98666b90eea8_302face0_392_517_201_266_00012.png,3.9,3.9,0 0 0 0
ab97ed2b-da2e-41b8-a812-ab989e7efe13_2face1_593_629_170_220_00001.png,3.9,3.9,0 0 0 0
35572794-2ac3-42f5-b1db-83dd8b6904a6_302face0_496_135_278_336_00002.png,3.9,3.9,0 0 0 0
f48a1ced-f1d4-4404-b10c-e051a6ca12c3_302face0_146_240_208_314_00006.png,3.9,3.9,0 0 0 0
87d69fd5-135d-4214-be9f-a31ff83c33a0_2face0_594_560_208_281_00001.png,3.9,3.9,0 0 0 0
ac7da889-10c8-4cf1-9181-0238d7549e68_302face0_191_64_651_932_00003.png,3.9,3.9,0 0 0 0
e32d3fef-fdb0-4b50-ab04-586bbb2584f9_2face0_463_477_180_240_00001.png,3.9,3.9,0 0 0 0
bf3af083-a137-48a6-888f-8a875ddec6ee_2face0_189_119_357_471_00001.png,3.9,3.9,0 0 0 0
35b0b2ba-9424-424c-9f96-e315a220ac21_302face0_231_255_200_257_00001.png,3.9,3.9,0 0 0 0
a09548fa-6836-4d97-b990-fd062570a3c9_1797face0_428_626_225_294_00001.png,3.9,3.9,0 0 0 0
61e4e007-c0d9-4908-b596-47369413b210_2face0_460_748_222_277_00001.png,3.9,3.9,0 0 0 0
1472ed97-c2f2-4ad1-991c-1e5c8dead05c_2face0_351_373_320_392_00003.png,3.9,3.9,0 0 0 0
d3f2e168-7341-4dec-88a5-866c1af9d221_2face0_389_495_158_218_00001.png,3.9,3.9,0 0 0 0
3ae17191-07af-44eb-b0a7-09ddbc07d74b_2face0_399_549_270_351_00001.png,3.9,3.9,0 0 0 0
70abebc2-7a17-490f-afd5-61dfb64f4b42_302face0_364_655_224_296_00001.png,3.9,3.9,0 0 0 0
d61adc99-3fb0-4c4d-8e81-71174ce29f0e_2face0_314_260_247_314_00012.png,3.9,3.9,0 0 0 0
d71e161e-f8ea-466a-ad78-86f59c4920b3_2face0_393_112_536_715_00001.png,3.9,3.9,0 0 0 0
deff9933-d8c7-4565-984e-de9d686eff4b_2101face0_429_534_284_366_00001.png,3.9,3.9,0 0 0 0
ae6a0538-cf8f-47f1-ab6d-caf850d8fb7f_2face0_450_227_263_344_00001.png,3.9,3.9,0 0 0 0
1ee6afb0-d8a0-4744-a572-fcf72eb00a30_302face0_552_633_267_30000001.png,3.9,3.9,0 0 0 0
3e986760-1735-461c-972a-becf607ff2ce_602face0_248_348_158_197_00011.png,3.9,3.9,0 0 0 0
5a9a48b5-f644-40ea-958f-d8b7a21c1b38_302face0_413_318_236_329_00010.png,3.9,3.9,0 0 0 0
015b03f3-a9a9-4b35-b5d9-bcbec6ba507d_2face0_362_326_400_534_00010.png,3.9,3.8421052631578942,0 0 0 0
ba146374-3e4b-45a6-87ce-580f9f06d016_2face0_322_131_385_484_00005.png,3.9,3.9,0 0 0 0
4f2207d4-d587-494e-a479-6032a53e516d_2face0_305_240_621_801_00001.png,3.9,3.9,0 0 0 0
2ea79a2a-d55e-4f29-ba81-7eb9194d91c1_2face0_306_335_301_403_00012.png,3.9,3.8421052631578942,0 0 0 0
c26da8d4-4e56-4006-94d5-b99132459d57_10001651face0_328_324_303_399_00001.png,3.9,3.9,0 0 0 0
8e197c9f-9a4d-4e62-a84b-9e3455d54b49_302face0_428_534_266_353_00001.png,3.9,3.9,0 0 0 0
a12fb749-cbcd-46e5-95f3-a83e25e58df9_2face0_484_503_249_316_00003.png,3.9,3.8421052631578942,0 0 0 0
69f4f208-8bc1-41d0-9c24-e2ea1e76cfef_2face0_401_895_237_296_00001.png,3.9,3.9,0 0 0 0
4e7a445d-ac06-4271-9264-cbeb56c46b13_2face0_141_479_301_394_00001.png,3.9,3.9,0 0 0 0
6b163e75-7608-4080-ab27-7a948bd968c4_2face0_115_429_221_290_00001.png,3.9,3.9,0 0 0 0
6a18497c-dd98-49c5-82b8-3734cb7faa33_2face0_443_323_152_210_00001.png,3.9,3.9,0 0 0 0
713ebdc1-4ba4-40e0-9c52-fffbb611d803_302face0_298_287_180_234_00001.png,3.9,3.9,0 0 0 0
ec95f7e8-507b-4edf-8353-c0e5d3e6b676_1801face0_521_147_308_427_00001.png,3.9,3.9,0 0 0 0
7546ea47-6360-4afc-971a-67943fa2ff69_1801face0_457_499_277_364_00003.png,3.9,3.9,0 0 0 0
25b730d4-ee17-4c96-84a8-dd33ef299766_2face0_450_460_260_364_00002.png,3.9,3.9,0 0 0 0
c684c206-dcbd-4798-b875-5b1b17ecb78e_2face0_465_628_211_283_00001.png,3.9,3.9,0 0 0 0
6357c763-584a-4697-bfe7-af9caf6efa5d_302face0_218_323_215_301_00001.png,3.9,3.9,0 0 0 0
1bc8bcd1-da53-4020-a4e9-4769825ea39c_302face0_633_464_302_405_00001.png,3.9,3.9,0 0 0 0
75283757-707c-4173-82b5-35c84f0177b7_2face0_448_606_138_179_00006.png,3.9,3.9,0 0 0 0
940e5eea-50e2-4265-ac2c-0fbb3b11e6c4_2face0_414_220_224_292_00001.png,3.9,3.9,0 0 0 0
327a4cf6-4282-4d61-a706-96dc6d53fe5e_2face0_376_268_239_308_00001.png,3.9,3.9,0 0 0 0
3c0b2d0d-c153-4787-af51-4e5f00770a40_1800face0_486_674_183_238_00001.png,3.9,3.9,0 0 0 0
3dfcbb93-ce41-4724-8ae3-ed637df40236_2face0_637_559_222_294_00002.png,3.9,3.9,0 0 0 0
8aed9838-ad20-497e-a610-7ccd2c644af3_2face0_452_617_254_325_00002.png,3.9,3.9,0 0 0 0
15b57f61-2511-4539-845e-5cdaefb5e8e7_302face0_432_116_253_373_00002.png,3.9,3.9,0 0 0 0
f69429e2-c54e-4d45-be5b-e394721fa760_602face0_494_481_210_268_00001.png,3.9,3.9,0 0 0 0
07fde560-a27c-4e09-8df7-0732c1ba9e66_2face0_443_363_515_666_00001.png,3.9,3.9,0 0 0 0
b2e2c7eb-4e0d-4c20-8a22-5893aa8cb698_602face0_468_177_219_288_00005.png,3.9,3.9,0 0 0 0
5b6dfc7c-e692-4a7e-a3a0-2bacff6a2634_2face0_109_657_451_47000001.png,3.9,3.9,0 0 0 0
84e59cdb-1c33-49a6-8dd6-d7189985803a_302face0_353_753_135_166_00003.png,3.9,3.9,0 0 0 0
d7e2f0c8-4eb6-4838-b76b-77c115f30ec5_2face0_509_669_212_277_00001.png,3.9,3.9,0 0 0 0
445ecaf6-008f-497f-a444-c29047e2f63e_2face0_226_399_378_460_00003.png,3.9,3.8421052631578942,0 0 0 0
49fd003f-a3e7-41fc-8a5f-0d11545f2d4e_2face0_513_325_313_408_00001.png,3.9,3.9,0 0 0 0
53700a94-6b71-4c97-987d-4ff341ca0c61_1801face0_432_489_361_488_00001.png,3.9,3.9,0 0 0 0
76321a3d-187a-4cce-9caa-23646ab935a3_602face0_494_306_176_229_00003.png,3.9,3.9,0 0 0 0
2237f530-e7b3-4f6f-90c6-931b51ab5587_2face0_291_547_460_614_00004.png,3.9,3.9,0 0 0 0
95e8393c-082c-4f84-ba98-17d90d152416_10000208face0_277_435_175_222_00005.png,3.9,3.9,0 0 0 0
6d4a6c06-8404-4d5d-a84b-d47acac9c7e6_2face0_315_325_481_653_00010.png,3.9,3.9,0 0 0 0
aa0151c5-b5ed-4a9f-bcb1-804c1e7f30de_2face0_242_66_237_323_00005.png,3.9,3.9,0 0 0 0
b40db245-2e6c-4754-9f11-4850447572e0_602face0_493_451_228_294_00001.png,3.9,3.9,0 0 0 0
80f02de7-d455-4033-bec2-57dcdfb1daf9_2face0_500_480_225_305_00001.png,3.9,3.9,0 0 0 0
5f44ec7a-3ebe-4b05-8254-1c915574f3bc_302face0_437_483_196_20400001.png,3.9,3.9,0 0 0 0
b7e853b8-20d3-4eaa-8a51-98b9b1e404fb_2face0_370_494_225_296_00002.png,3.9,3.9,0 0 0 0
837364d0-55f8-4a85-b168-d6381cec7890_3601face0_436_595_218_288_00001.png,3.9,3.9,0 0 0 0
29c4c1b5-b82b-45df-b1ee-40d5bc7a666d_302face1_197_410_154_212_00001.png,3.9,3.8421052631578942,0 0 0 0
5cfe213a-2b0f-4a63-8836-4044489cd1a5_1809face0_199_138_263_347_00012.png,3.9,3.9,0 0 0 0
8ceedb72-79c7-44e2-8169-8105334937d4_602face0_393_357_246_318_00003.png,3.9,3.9,0 0 0 0
0bb84688-d907-4932-9b7d-9b64cc8620ec_1802face0_466_436_239_294_00001.png,3.9,3.9,0 0 0 0
7e386be3-1792-43fd-86a0-8527e5ece72b_1800face0_371_450_435_538_00002.png,3.9,3.9,0 0 0 0
4b9246b4-e077-4f7f-8daa-c82636def021_10000901face0_289_308_237_316_00002.png,3.9,3.9,0 0 0 0
92e33592-bb4b-4396-8e5c-36592418852f_2face0_463_405_278_362_00001.png,3.9,3.9,0 0 0 0
0e0db8e3-bc5c-47f0-8dfd-39616043d000_2face0_425_248_295_390_00001.png,3.9,3.9,0 0 0 0
4fd80bc6-5e76-46c0-b722-fbec276e70c2_1801face0_286_637_203_264_00001.png,3.9,3.9,0 0 0 0
244bece2-715f-4e87-98ec-efbf1c6d494e_2face0_466_274_249_334_00002.png,3.9,3.9,0 0 0 0
c6bb620d-81ef-4218-a911-ecda483fe6d0_302face0_483_278_277_364_00001.png,3.9,3.9,0 0 0 0
d31dddf1-1855-4a01-9b1b-e775c87a5bb6_302face0_372_384_184_249_00001.png,3.9,3.9,0 0 0 0
59442a37-2de5-42cd-b4e8-6f7c9d0dcf32_10001618face0_305_588_436_560_00004.png,3.9,3.9,0 0 0 0
5979b015-1499-449a-9c66-c40046381e65_2face0_226_361_194_257_00005.png,3.9,3.9,0 0 0 0
c3a1b602-8fd9-4855-84e3-70c0cd9bba22_2face0_370_508_506_680_00006.png,3.9,3.9,0 0 0 0
13f1db7b-6a58-4abc-9340-d20b55c122e5_2face0_374_115_330_451_00001.png,3.9,3.9,0 0 0 0
52dd17ce-d8cd-451f-98d3-ec8698ea3289_602face0_276_877_201_260_00007.png,3.9,3.9,0 0 0 0
12471803-2c71-47e2-994d-1788ba3bc5e6_1801face0_378_623_251_325_00001.png,3.9,3.9,0 0 0 0
3deaa468-7b3b-4600-88bf-a743c75029c6_10000001face0_392_468_495_645_00001.png,3.9,3.9,0 0 0 0
6046ba9a-1bff-4793-879f-b172efb2d65b_2face0_373_565_331_418_00008.png,3.9,3.9,0 0 0 0
93ebcd68-378f-40fd-ac07-d34682c008b3_2face0_429_273_358_466_00002.png,3.9,3.9,0 0 0 0
ad425c8c-a836-405e-a757-d9b56353498f_2face0_262_418_147_175_00002.png,3.9,3.9,0 0 0 0
dcf9b9d8-752c-4232-b6cc-2a59e2e116c3_10000890face0_469_548_237_290_00001.png,3.9,3.9,0 0 0 0
631a16b5-7e47-46bf-9f16-35e32ec3f0cc_1801face0_453_881_194_246_00001.png,3.9,3.9,0 0 0 0
29c9b1b9-4882-40a5-89fc-1d29bb130e39_10001786face0_304_584_362_484_00002.png,3.9,3.9,0 0 0 0
3ff90d2f-b490-4328-a8dd-09a7f012f0ad_2face0_457_513_207_23000001.png,3.9,3.9,0 0 0 0
810ec796-8ba3-4861-aa3c-c23976fcd41d_1801face0_115_473_184_253_00009.png,3.9,3.9,0 0 0 0
bed205ce-e817-467c-b392-8e063df8716d_10000295face0_95_571_688_73100001.png,3.9,3.9,0 0 0 0
2d8137e0-1f39-4b93-aa0f-471bb98ee63b_10001800face0_400_811_291_345_00001.png,3.9,3.9,0 0 0 0
ef50e2d0-78d9-42ab-bace-4de87681bc81_2face0_222_580_225_290_00006.png,3.9,3.9,0 0 0 0
ac99c329-14ce-4563-8a67-9399a0cc9073_2101face0_384_487_288_362_00001.png,3.9,3.9,0 0 0 0
c6755bf1-538d-42b2-9632-0ba4ee4d2fbb_2face0_408_397_434_590_00001.png,3.9,3.9,0 0 0 0
40c34fce-dd22-46b4-8331-3ced9aaa621d_2face0_453_391_163_227_00004.png,3.9,3.9,0 0 0 0
720469d7-867c-48bb-9618-786bd8e7013b_2face0_353_455_257_351_00007.png,3.9,3.9,0 0 0 0
b6a17539-4bca-4b02-ba51-614d82dbda9e_1801face0_222_649_303_388_00001.png,3.9,3.9,0 0 0 0
37ae1767-b493-4f19-b682-8fba0427014b_10000354face0_340_815_260_321_00001.png,3.9,3.9,0 0 0 0
47a64e05-14fd-46f7-bc66-d3da4b823742_302face0_628_148_257_342_00011.png,3.9,3.9,0 0 0 0
85013cf4-647a-4d3b-a430-b071e71ecdc9_302face0_561_123_322_449_00001.png,3.9,3.9,0 0 0 0
13d11db1-6b45-4af5-8fec-dc28cf651cad_902face0_432_267_217_305_00012.png,3.9,3.9,0 0 0 0
9dfa1db3-9e43-4c9a-b714-7ce13397f7e3_10001791face0_285_702_154_194_00001.png,3.9,3.9,0 0 0 0
93982ddf-cbdf-4df0-93cd-3745ed658b8f_1801face0_338_389_298_403_00001.png,3.9,3.9,0 0 0 0
57ad7aea-335f-4d6a-b308-f5b80d7ff5a5_602face0_434_427_351_462_00005.png,3.9,3.9,0 0 0 0
2de64a99-ef17-4069-820f-1c6fd1584420_302face0_305_359_480_599_00004.png,3.9,3.9,0 0 0 0
ccc4300f-8820-4816-9e24-acc2ab14b0be_302face0_268_406_303_403_00001.png,3.9,3.9,0 0 0 0
94a505a6-17c8-4d10-b66d-f732a2fced23_2face0_445_605_165_220_00001.png,3.9,3.9,0 0 0 0
a180ebee-4ecd-4dd0-826d-150c5a018c35_302face0_650_363_226_307_00005.png,3.9,3.9,0 0 0 0
45a3580d-40b4-439d-9b58-7fdd3039abcf_3601face0_265_553_441_584_00001.png,3.9,3.9,0 0 0 0
e0b0e6aa-5cbc-40d5-bf00-aac6f24ebc3e_2face0_284_277_457_564_00003.png,3.9,3.9,0 0 0 0
311ddd3d-176b-4759-8b60-2787d1fefe2c_2face0_437_703_230_299_00001.png,3.9,3.9,0 0 0 0
cba5b44a-54da-4368-a8ea-c75add65cbef_302face0_496_154_239_323_00001.png,3.9,3.9,0 0 0 0
4b6cfc22-0a28-43be-99c6-e76f6fcb76da_2face0_370_134_415_536_00001.png,3.9,3.9,0 0 0 0
ce425c4a-1674-47ae-9d93-c01753312e7a_602face0_296_76_512_708_00001.png,3.9,3.9,0 0 0 0
8ba6e762-a95f-4753-892b-4d3241303da8_2face0_402_141_243_338_00001.png,3.9,3.8421052631578942,0 0 0 0
baffa4c2-38b5-435e-938f-ce868bb2e3fc_2face0_307_191_348_466_00003.png,3.9,3.9,0 0 0 0
e8f3c80d-4473-481b-885c-d4215ea014c4_2face0_570_342_289_382_00001.png,3.95,3.95,0 0 0 0
47ebf252-4012-4578-b1ca-606847833b3f_1202face0_364_217_214_279_00010.png,3.95,3.95,0 0 0 0
2a46d7ba-22c3-4435-a782-1ef0ebdcca49_10000561face0_495_479_254_331_00001.png,3.95,3.8947368421052633,0 0 0 0
0596ec72-e626-4cbe-9de8-c2c6a14049d4_302face0_472_567_230_316_00001.png,3.95,3.95,0 0 0 0
c2c73492-0d56-4033-a083-3489544a5738_2face0_374_495_253_325_00002.png,3.95,3.95,0 0 0 0
a6e42e4e-d627-49ae-babd-4965eefd08ff_302face0_367_238_228_323_00003.png,3.95,3.95,0 0 0 0
4380a673-427c-4e8d-8338-d56ffcd0f862_2face0_509_101_257_344_00010.png,3.95,3.95,0 0 0 0
17b49839-cc83-4108-ae06-6b01e227aafe_2face0_355_102_259_362_00001.png,3.95,3.95,0 0 0 0
0e6d306f-7c2a-4f83-9c9b-f42db45c072c_2face0_507_694_257_342_00008.png,3.95,3.95,0 0 0 0
81556fa1-6160-4b07-899a-bb33e25b0a2f_1801face0_436_733_182_242_00001.png,3.95,3.95,0 0 0 0
d08491c6-e018-4cf3-8921-1372d6a6235a_2face0_520_306_273_347_00004.png,3.95,3.95,0 0 0 0
0715ef9d-6d1c-4009-b358-befcbba78fb5_2face0_531_160_267_362_00001.png,3.95,3.95,0 0 0 0
419b2a15-c031-4957-8c24-0ea282cce5f4_2face0_474_632_256_312_00001.png,3.95,3.95,0 0 0 0
2b234a7e-237a-445d-92e1-5eae3b2ea669_302face0_364_625_230_310_00001.png,3.95,3.95,0 0 0 0
b6f1f7f5-eca2-4357-b95a-43365406688c_2face0_328_654_210_273_00004.png,3.95,3.8947368421052633,0 0 0 0
8d2ca762-61f6-46d2-9fde-72ddd32882cd_2face0_420_513_212_301_00001.png,3.95,3.95,0 0 0 0
f9c8856b-9bcc-434c-aea5-a8b8722ac4af_2face0_424_177_257_325_00001.png,3.95,3.8947368421052633,0 0 0 0
78b803b1-407b-4d0c-9877-f997be4c4b0e_2face0_61_293_383_510_00003.png,3.95,3.95,0 0 0 0
74f53ad7-a375-4557-87e4-edeae83b9140_2face0_393_138_274_364_00001.png,3.95,3.95,0 0 0 0
439b14a2-2dd0-482a-afdc-60201d3d7acd_2face0_793_63_225_321_00012.png,3.95,3.95,0 0 0 0
9768270f-a9f9-4ec0-9a72-ba2badbc1211_1547face0_392_631_210_262_00001.png,3.95,3.95,0 0 0 0
b2efc660-d458-452c-9009-3a404b75dbc0_602face0_76_307_624_819_00007.png,3.95,3.95,0 0 0 0
4684eeaa-cf27-4c84-9597-3e1f80c36646_302face0_377_624_236_314_00001.png,3.95,3.95,0 0 0 0
7d0fbb5d-313a-4db0-bafd-5503b42ca88c_2face0_181_61_515_727_00005.png,3.95,3.95,0 0 0 0
60200211-8b8e-4b33-894e-b0693fd8c84b_2face0_306_637_480_625_00001.png,3.95,3.95,0 0 0 0
3194a437-678f-4b48-a2f7-3f799599465c_10003515face0_466_551_203_266_00001.png,3.95,3.95,0 0 0 0
8cfaf902-2504-4bb7-96bc-7405fedad383_2face0_526_346_275_379_00001.png,3.95,3.95,0 0 0 0
81ad678b-fa68-4a57-a039-2a76fbf1342e_2face0_631_558_169_227_00012.png,3.95,3.95,0 0 0 0
50814fad-5888-4460-a3e1-c057b7726289_2face0_341_54_226_294_00003.png,3.95,3.8947368421052633,0 0 0 0
93823fa2-9ea4-4e99-8a3e-272b9bba77ff_902face0_427_476_131_181_00004.png,3.95,3.95,0 0 0 0
76c46efe-d0cb-4228-807e-26582e44c3f0_302face0_403_266_327_416_00001.png,3.95,3.95,0 0 0 0
9e1641cf-b342-4a71-8d7b-818e0fb1c317_2face0_457_543_173_220_00001.png,3.95,3.95,0 0 0 0
448e626f-dcb2-4364-841c-21108254bd3a_2face0_359_419_189_249_00006.png,3.95,3.95,0 0 0 0
ef247e2e-61b7-4583-b6c7-f8299db955a6_2face0_230_394_138_183_00007.png,3.95,3.95,0 0 0 0
c921c843-fff3-4dc1-b032-8c3d617bef7d_902face0_578_455_151_209_00002.png,3.95,3.95,0 0 0 0
b3afe2ac-653b-447d-a0a8-4b5f651d0718_302face0_439_693_200_266_00003.png,3.95,3.95,0 0 0 0
57f2a117-9394-4f21-91ff-140d1f04a379_2face0_442_514_204_268_00001.png,3.95,3.95,0 0 0 0
34e69e69-9e4c-4de7-a9a3-e11730f3c05f_302face0_490_260_317_421_00001.png,3.95,3.95,0 0 0 0
8ecfde13-6024-4b90-84ad-0eb699c033cf_2face0_498_126_302_407_00001.png,3.95,3.95,0 0 0 0
9c8a551e-4d50-4bd3-8258-0e00a3143f63_2face0_403_576_184_238_00002.png,3.95,3.95,0 0 0 0
910f87da-5c7c-4b05-b7f4-0758490b1071_302face0_504_249_464_580_00002.png,3.95,3.95,0 0 0 0
3e50cd9b-d5e6-449a-9747-44f1c991f522_302face0_293_68_366_510_00001.png,3.95,3.95,0 0 0 0
34bc7671-157e-4879-9d43-95500a0ee82f_2face0_435_547_232_307_00001.png,3.95,3.95,0 0 0 0
e1954be6-cefe-4859-b6d2-1756a773db59_302face0_507_177_244_320_00006.png,3.95,3.95,0 0 0 0
1eb5cd61-70a3-4336-9e7b-11387bcd7815_602face0_418_352_176_20400001.png,3.95,3.95,0 0 0 0
5e8e73f9-9112-4e4e-9a2b-e5a472fb7408_602face0_240_123_200_268_00001.png,3.95,3.95,0 0 0 0
a2fb5c5c-03c7-4851-b597-0661e62b4b51_302face0_421_770_210_279_00009.png,3.95,3.95,0 0 0 0
96e5f188-548d-4feb-afad-4fc8b47a6812_2101face0_131_835_197_255_00001.png,3.95,3.95,0 0 0 0
4677abb3-e332-43ec-b26d-60642d15f64d_1502face0_355_384_228_294_00001.png,3.95,3.95,0 0 0 0
5ce2a27e-86bf-4b27-967d-e75ef892cbab_10000001face0_289_424_247_314_00001.png,3.95,3.95,0 0 0 0
976dd3d0-2108-4561-b113-422b170e1a50_602face0_432_530_207_275_00001.png,3.95,3.95,0 0 0 0
1b77b568-ba01-450d-92f1-fdb7032c3393_2face0_534_430_392_519_00010.png,3.95,3.95,0 0 0 0
dec180a0-1729-4f0c-99e8-294c343a438c_2face0_427_148_448_610_00001.png,3.95,3.95,0 0 0 0
47495fa3-2385-4f41-9586-e230f16b6f25_2101face0_384_609_313_414_00005.png,3.95,3.95,0 0 0 0
c5da2544-aa38-41a6-9399-1172fa3ad4f8_2face0_319_125_386_512_00004.png,3.95,3.95,0 0 0 0
93a593f1-a578-4e53-b9d7-7ae191da5e95_2face0_288_489_393_493_00001.png,3.95,3.95,0 0 0 0
06a66db4-841b-4d07-bf79-865db10fae5d_302face0_484_611_125_177_00001.png,3.95,3.95,0 0 0 0
c33a5f25-3934-43e5-8888-9db090a3d94c_1801face0_296_330_237_303_00001.png,3.95,3.95,0 0 0 0
5692fc01-19f9-4e52-b2a8-46adf08c03ab_302face0_490_638_127_13900001.png,3.95,3.95,0 0 0 0
f5bd0177-c68e-46b7-a4b5-90ce3e419163_2face0_569_615_196_266_00007.png,3.95,3.95,0 0 0 0
d95c6a7d-d966-41f3-995e-b3f4deaf90aa_10000283face0_453_262_159_222_00006.png,3.95,3.95,0 0 0 0
b8e3eed8-b03e-4092-ae1d-f6fc09c0f190_2face0_315_371_170_223_00001.png,3.95,3.95,0 0 0 0
626e750a-49ef-403d-9999-4c260d13367c_2face0_412_132_200_264_00003.png,3.95,3.95,0 0 0 0
d648cc03-a9f4-494d-8849-8f2877b64e57_10003525face0_457_505_162_209_00005.png,3.95,3.95,0 0 0 0
de719dc3-b9af-4274-98fd-c3b03e75b80c_602face0_406_198_201_260_00012.png,3.95,3.8947368421052633,0 0 0 0
531c24c4-4c30-4050-bad1-63525aa8ce68_2face0_507_104_337_471_00001.png,3.95,3.95,0 0 0 0
9bc575e4-3847-4a06-8d10-4a4f46b3b624_2face0_560_445_203_271_00002.png,3.95,3.95,0 0 0 0
c5e10ed8-bd25-484b-8b7f-6a34a513141a_2face0_466_629_182_264_00001.png,3.95,3.95,0 0 0 0
59ae5b8e-2076-41cb-aa5d-179bc94fb502_2face0_190_155_569_741_00011.png,3.95,3.95,0 0 0 0
5f91c49a-3939-4545-bf71-8e6481e2f99b_2face0_70_869_205_21800001.png,3.95,3.95,0 0 0 0
02818d06-1710-4150-b099-ba36f6cc3d75_3face0_440_522_218_297_00001.png,3.95,3.95,0 0 0 0
16eda224-b180-475b-a3b8-b9965578c01a_2face0_478_481_204_288_00001.png,3.95,3.95,0 0 0 0
3eedd68b-0874-4abd-9dfb-d69b6fb09835_1802face0_415_592_338_444_00001.png,3.95,3.95,0 0 0 0
209cf9b7-8f30-41db-9ab7-4f6979873f7a_2face0_658_421_306_395_00001.png,3.95,3.8947368421052633,0 0 0 0
0e5d343f-3b74-43a4-a050-764a21370eb3_2456face0_539_621_133_170_00002.png,3.95,3.95,0 0 0 0
b0a0fc0f-b86a-4107-b926-2fe0f5c75228_10001800face0_389_483_228_318_00001.png,3.95,3.95,0 0 0 0
344285f7-72a5-4bb2-8335-d2c3ac6e267a_2face0_568_560_165_222_00006.png,3.95,3.95,0 0 0 0
b93cb198-950a-44f1-832f-321d284d30c1_2face0_295_151_392_42600002.png,3.95,3.95,0 0 0 0
fcdc1587-021d-44a0-9491-065b28f141ea_1498face0_365_687_237_288_00007.png,3.95,3.95,0 0 0 0
3e89a7ea-a109-4625-9136-3d84b72bc8f9_10002258face0_526_83_240_318_00003.png,3.95,3.95,0 0 0 0
678aead7-759f-4718-86fb-d0e7a3a6efa2_2face0_386_405_278_382_00001.png,3.95,3.95,0 0 0 0
d5c0e4d9-6818-411e-99c0-b3358e47a7c4_2face0_256_250_404_530_00001.png,3.95,3.95,0 0 0 0
b372c875-0b5f-46ce-bf4c-737a8205c736_1801face0_354_628_249_334_00001.png,3.95,3.95,0 0 0 0
8379c7dd-0f1d-4f50-8f49-6d8a8b0bee18_2face0_509_519_177_222_00001.png,3.95,3.95,0 0 0 0
d2e97759-7bfa-4884-839f-062afa86c12a_302face0_640_424_212_290_00001.png,3.95,3.95,0 0 0 0
da013d50-e19a-4271-9db4-90fb2b543809_2face0_196_89_323_442_00012.png,3.95,3.95,0 0 0 0
baa04826-ce90-45d9-9202-a610847b80dc_2face0_456_487_324_451_00003.png,3.95,3.95,0 0 0 0
82fa8c4e-a7a8-49a5-83ba-c7cda3ef4927_302face0_432_819_249_327_00001.png,3.95,3.95,0 0 0 0
46705163-bb5f-4689-8f02-74a8c5f4a4fe_602face0_471_395_295_379_00002.png,3.95,3.95,0 0 0 0
2d9f60a8-1cb4-42bc-b99e-7fb316fa4faa_2face0_512_489_240_323_00001.png,3.95,3.95,0 0 0 0
59d952b9-163d-4f5f-a311-c43bf63e1a3b_10000001face0_376_100_387_556_00003.png,3.95,3.95,0 0 0 0
8fa5eaa9-81eb-4dc4-91f0-2638bd1be0b3_3601face0_464_391_222_292_00002.png,3.95,3.8333333333333335,0 0 0 0
c21c06c7-0df9-424e-b568-ec4832c38a55_302face0_383_595_257_360_00001.png,3.95,3.95,0 0 0 0
cfe945f2-329a-4ad2-b1b0-e806910e620d_2101face0_501_811_212_268_00002.png,3.95,3.8947368421052633,0 0 0 0
ce2874ec-8a97-4653-9925-5cd77fb455dc_2face0_523_376_369_495_00002.png,3.95,3.95,0 0 0 0
0d4d642f-017d-41a0-927a-a9b634e2981b_302face0_366_97_305_397_00005.png,3.95,3.95,0 0 0 0
3eabeac5-d06a-4ee4-8735-490805815fb1_10000291face0_402_280_212_297_00009.png,3.95,3.95,0 0 0 0
c15f4cc3-6051-428e-a5e4-d9a6f219ab0f_2face0_395_56_284_377_00006.png,3.95,3.95,0 0 0 0
11943d96-be4e-4fc5-afac-0b527501fca1_602face0_693_404_203_255_00010.png,3.95,3.95,0 0 0 0
ec056ec3-ef64-41bf-b0b7-6c7e2cf8c4c8_2101face0_445_728_201_244_00003.png,3.95,3.95,0 0 0 0
d7d9074b-9853-47de-b814-7415dbf8971d_2face0_350_335_529_701_00001.png,3.95,3.95,0 0 0 0
6174e671-42ed-4178-8f6d-03d824ec5cd6_602face0_339_477_193_264_00001.png,3.95,3.95,0 0 0 0
bb74201d-bba4-4b3e-a172-65a03c681d93_2face0_263_254_569_780_00003.png,3.95,3.95,0 0 0 0
1cdb58b2-c0f8-49f6-8181-2ef8b89a83ba_302face0_621_455_161_212_00001.png,3.95,3.95,0 0 0 0
7d66e707-928d-4cd5-9235-4aafbee6b7cc_2face0_336_250_312_460_00001.png,3.95,3.95,0 0 0 0
010ec757-eeaf-47fd-8411-c1c94aa9be2c_1801face0_117_494_204_271_00006.png,3.95,3.95,0 0 0 0
d35b03a6-e6b7-4d33-b848-595435e3bc0b_2face0_416_679_260_329_00001.png,3.95,3.95,0 0 0 0
3f9c6f76-1d70-4bb6-9dc1-0669e44f08c3_2face0_389_458_263_342_00001.png,3.95,3.8947368421052633,0 0 0 0
c6df9b63-a096-44ab-a4f7-b2af47414aeb_302face0_282_293_201_268_00006.png,3.95,3.95,0 0 0 0
d383b044-e93e-4adc-bd68-e66b7e98920f_2face0_473_362_306_423_00002.png,3.95,3.95,0 0 0 0
8bcfb3e6-a432-4c0a-86a5-06e197d3ac88_2face0_422_584_161_210_00003.png,3.95,3.95,0 0 0 0
50d28856-f03d-4453-9aa7-90b3ddc04165_2face0_437_99_407_530_00001.png,3.95,3.8947368421052633,0 0 0 0
f4bda7ee-4cf1-4ee1-98f3-3d6c9147de35_2117face0_209_398_296_392_00002.png,3.95,3.95,0 0 0 0
86112d4c-e6b6-434a-b9b8-cf6872614b0f_10000729face0_287_544_330_464_00001.png,3.95,3.95,0 0 0 0
9b49ff65-f4e2-4674-b513-3726d8c65ebd_2face0_379_155_278_386_00008.png,3.95,3.95,0 0 0 0
10b0126f-9ff8-4f49-9326-2075cd6a4b2f_10000301face0_384_312_422_532_00001.png,3.95,3.95,0 0 0 0
5b37207e-fa52-4565-b36a-6b5f52ad09b0_2face0_166_288_240_325_00001.png,3.95,3.95,0 0 0 0
d58248a6-0229-4ff8-a2f7-a14e848385a8_302face0_459_345_361_466_00001.png,3.95,3.95,0 0 0 0
36e5be24-4c8f-4da5-83b0-88b4318afba4_10001750face0_269_496_149_181_00001.png,3.95,3.95,0 0 0 0
4a2de068-d819-4acf-bb6a-ecdcf2b9f5e9_2face0_458_639_204_262_00001.png,3.95,3.95,0 0 0 0
aef81008-5711-4df4-9830-284d8154d3ea_2face0_237_407_599_819_00001.png,3.95,3.95,0 0 0 0
b4570b44-efe6-45e2-b16f-f04409c3d693_2face0_405_652_224_281_00001.png,3.95,3.95,0 0 0 0
8b363586-d019-4c47-9678-545620d30a70_2face0_597_162_301_397_00006.png,3.95,3.95,0 0 0 0
df9b1718-bbf8-4a20-8c2b-2b2138cfc3e7_1801face0_401_448_208_271_00001.png,3.95,3.95,0 0 0 0
a3b7a90c-26ec-48d9-bb5f-8dbd0c334734_2face0_492_736_232_308_00008.png,3.95,3.8947368421052633,0 0 0 0
a6f39ac8-77ce-4854-92a3-d2f6984c84ec_2face0_462_466_193_268_00001.png,3.95,3.95,0 0 0 0
504cf7f6-e0c0-43f4-abfd-1b8fe7b7ab6a_2face0_487_80_333_416_00004.png,3.95,3.95,0 0 0 0
6a483b09-2ac8-4b53-8fb4-276aaea978b1_2face0_476_65_275_392_00001.png,3.95,3.95,0 0 0 0
a88239a7-03e1-43fb-b413-9881af187fda_302face0_235_467_163_218_00001.png,3.95,3.95,0 0 0 0
aa48fdd2-3e2c-4f6b-a0a0-c490085433ee_302face0_351_380_210_270_00001.png,3.95,3.95,0 0 0 0
f29f7484-bf5c-499e-998c-a6d4185a540e_2101face0_328_284_366_505_00001.png,3.95,3.95,0 0 0 0
05371f96-cd1f-4389-af20-5b4c304e10b0_2face0_373_239_404_555_00010.png,3.95,3.95,0 0 0 0
afcb963e-01cf-49d8-a43c-5a1ef768bfd3_3602face0_693_486_198_268_00005.png,3.95,3.95,0 0 0 0
cb1f6f44-02f8-41da-8e98-6a61351bb7f8_2face0_333_555_441_547_00001.png,3.95,3.95,0 0 0 0
0ae000bf-c5df-4b2f-bff7-cb0f4f1c9c45_2face0_623_864_295_418_00001.png,3.95,3.95,0 0 0 0
faff5573-d098-4268-ba29-a1b9ee7d9ebf_2face0_321_674_420_503_00008.png,3.95,3.95,0 0 0 0
ba518d7f-cc50-4eba-8e5e-46b9e9e67803_2face0_209_370_400_512_00002.png,3.95,3.95,0 0 0 0
11fdfabc-fd86-4e0c-bfa4-8538c5236724_1721face0_224_338_190_259_00002.png,3.95,3.95,0 0 0 0
830f4e8e-66a4-474b-9fb6-c3097db66e3e_2face0_424_325_439_47500004.png,3.95,3.95,0 0 0 0
e00c6e0a-2654-48eb-b9f2-c0738b02bba1_2face0_390_605_251_347_00001.png,3.95,3.95,0 0 0 0
0713b07d-e18f-4acd-b93d-3cf6f483a468_2face0_385_402_229_286_00001.png,3.95,3.95,0 0 0 0
edf2df54-1e36-4af2-ba17-1717480fbd79_2face0_457_538_296_386_00003.png,3.95,3.95,0 0 0 0
8976840a-f9c3-40dc-82ef-4ee2a31ff4de_602face0_495_243_243_327_00001.png,3.95,3.95,0 0 0 0
9b427233-d03e-43ab-9b82-de91dd30f0a3_2face0_352_376_198_262_00006.png,3.95,3.95,0 0 0 0
13618af8-3fc6-4fbb-b71b-e3347a1f92df_2face0_209_174_558_732_00003.png,3.95,3.95,0 0 0 0
a247e356-cda3-4302-a478-e4d3918b1298_2face0_590_235_257_331_00010.png,3.95,3.95,0 0 0 0
e7aa5e20-53ea-4121-917d-15108f35c58c_2face0_536_842_233_305_00001.png,3.95,3.95,0 0 0 0
877ef2ab-1668-461e-81cb-9aa2909c662d_2face0_430_640_230_303_00001.png,3.95,3.95,0 0 0 0
010b8e87-30b1-4e98-a073-ea48dce8d1e8_1800face0_397_513_207_266_00001.png,3.95,3.95,0 0 0 0
4adec944-a6c8-44cb-988f-85a40e382ecf_1802face0_511_710_226_279_00001.png,3.95,3.95,0 0 0 0
57d4508b-d89a-4f17-ab72-b685522a8828_2face0_299_190_247_316_00001.png,3.95,3.95,0 0 0 0
29e6af41-f061-42ba-9f19-d9b0269cac53_1801face0_191_383_387_519_00001.png,3.95,3.95,0 0 0 0
f1d3b837-f0ce-4eee-abe9-e34f07d9896f_2face0_354_518_576_747_00001.png,3.95,3.95,0 0 0 0
55c66095-8bc8-4dfb-ae21-bb62d05365b1_2face0_468_468_203_273_00002.png,3.95,3.95,0 0 0 0
cf057902-e59d-4f4a-8838-dc8c4ee2b85e_302face0_325_445_200_266_00001.png,3.95,3.95,0 0 0 0
b845b564-e660-42ed-bf96-9f5a6e5242b6_302face0_309_145_399_530_00001.png,3.95,3.95,0 0 0 0
a6a68522-8f33-4615-9599-651dc6cdc1db_2face0_447_252_358_492_00010.png,3.95,3.95,0 0 0 0
c628f9e6-7dc4-45e4-a2e5-ab7fbba2b8cf_2face0_204_388_536_706_00001.png,3.95,3.95,0 0 0 0
d62d86f1-b91d-46ea-a805-8c684c64e073_3600face0_468_528_309_423_00001.png,3.95,3.95,0 0 0 0
f3d15df5-f172-4b9f-a9e5-fdeea8b331fe_2face0_365_84_244_321_00001.png,3.95,3.95,0 0 0 0
c6df69ff-866f-4577-ad0c-f63a5cd3f242_2face0_279_444_310_397_00005.png,3.95,3.764705882352941,0 0 0 0
3697bd0b-e92e-4c3f-89dc-2de0f967a4ad_2701face0_437_586_170_220_00004.png,3.95,3.95,0 0 0 0
1c267c56-56c1-4d57-b181-4bb9ddeee104_2face0_456_557_147_188_00002.png,3.95,3.95,0 0 0 0
4e924436-2795-4f39-b6f6-c43c5578bbf0_2face0_611_402_267_358_00011.png,3.95,3.95,0 0 0 0
e0bbe724-55a9-4d75-b28e-b999a6e65c9a_2face0_384_367_341_429_00001.png,3.95,3.95,0 0 0 0
7968cf63-3c71-4ea0-aa95-c74cafb6d898_1801face0_378_639_144_205_00001.png,3.95,3.95,0 0 0 0
94778a8a-1baa-4da9-9133-0f7bdd5e86f7_2079face0_489_698_326_397_00011.png,3.95,3.764705882352941,0 0 0 0
d6c25487-1b85-47a4-b4f5-2629bab047c2_2face0_369_186_301_397_00003.png,3.95,3.95,0 0 0 0
89d86c6a-6fa0-4979-9f9a-084dd0c88cfa_2face0_319_438_232_303_00012.png,3.95,3.95,0 0 0 0
d627021e-33e6-4ecf-82d7-f52bbbcc7ffa_2face0_397_349_232_316_00001.png,3.95,3.95,0 0 0 0
afa18a04-7688-4c24-966c-fb580fa13cee_2face0_508_613_237_307_00001.png,3.95,3.95,0 0 0 0
21632dc8-dc0f-49a4-8c4c-32721069105f_2face0_352_98_420_523_00001.png,3.95,3.8947368421052633,0 0 0 0
d369cfb0-1b1c-413f-ad88-e5271898e03e_2face0_66_351_459_601_00001.png,3.95,3.95,0 0 0 0
a479e67a-7f68-4ae3-afde-30b4cb15a495_2face0_409_280_200_279_00001.png,3.95,3.95,0 0 0 0
1d39a8e0-a271-42d1-970b-b0534abc3368_302face0_283_359_270_368_00001.png,3.95,3.95,0 0 0 0
9edf66e0-c957-4024-a20a-b21b5f7627a9_2face0_237_469_266_336_00004.png,3.95,3.8947368421052633,0 0 0 0
5d0df087-f251-4939-b255-854ea9b39670_2face0_432_486_163_18400009.png,3.95,3.95,0 0 0 0
8274c92b-c4da-4330-95ed-4e5d072dca63_2face0_305_449_210_283_00001.png,3.95,3.95,0 0 0 0
37898da2-db78-4bb8-a61c-e934db6a363b_1202face0_428_119_331_481_00009.png,3.95,3.95,0 0 0 0
60c28c7c-a1d0-4dbe-a2b6-6dcffde8b736_2face0_497_187_253_336_00001.png,3.95,3.95,0 0 0 0
8720e60b-a7ab-4644-887a-bab5dc3b5641_2face0_350_141_336_447_00007.png,3.95,3.95,0 0 0 0
798d6fab-87ae-4d14-bfd6-a54dedb4d6c1_302face0_492_251_226_305_00011.png,3.95,3.95,0 0 0 0
f46be2dd-5540-4f1e-ac28-a4e3dd8a62f7_302face0_405_564_275_355_00002.png,3.95,3.95,0 0 0 0
49013ebd-3653-4749-ad48-ccafce392f13_2face0_68_685_235_296_00005.png,3.95,3.95,0 0 0 0
acd4d503-fc45-4bb2-b38c-ae56c5195bd1_2face0_594_364_263_333_00001.png,3.95,3.95,0 0 0 0
65b0da14-5b1f-449e-9489-3562eb277f47_2face0_553_251_228_299_00001.png,3.95,3.8947368421052633,0 0 0 0
2703d052-7a06-4cd3-b9d8-9f20a278564c_2face0_374_210_480_647_00001.png,3.95,3.95,0 0 0 0
fecca812-422c-48e7-a032-7716a98a2ec5_2face0_484_496_254_321_00001.png,3.95,3.95,0 0 0 0
2546ba65-d81d-4b47-bec6-44e50e231e50_602face0_329_524_371_484_00005.png,3.95,3.8947368421052633,0 0 0 0
379ef33e-01d7-417b-83d8-77c0f42c6ba1_2face0_453_479_186_262_00004.png,3.95,3.95,0 0 0 0
64945f41-cf23-4bf5-a8df-0f4a9503391c_2face0_464_281_327_421_00001.png,3.95,3.95,0 0 0 0
a382120f-3c5a-424a-bb96-cf7461f65926_302face0_517_138_207_290_00004.png,3.95,3.95,0 0 0 0
1a8b5713-a26a-47fc-87c6-868cdce7f20a_1801face0_445_816_204_268_00001.png,3.95,3.95,0 0 0 0
90d9a3b7-04eb-464f-ada5-0b3125f58d9d_10000301face0_206_601_210_279_00001.png,3.95,3.95,0 0 0 0
322c4e23-ea9f-40e8-8b03-7508b6dfe208_2face0_174_160_452_590_00001.png,3.95,3.95,0 0 0 0
a35d164c-4c3e-40a2-b56b-765a3febdf68_2face0_483_423_151_196_00001.png,3.95,3.95,0 0 0 0
8ab1930b-857c-4a3c-948e-34dcc53bb1b5_302face0_401_562_287_368_00003.png,3.95,3.95,0 0 0 0
4ea3ecfa-7882-48d8-8a0c-3b81eb8db2b8_1849face0_425_288_294_390_00001.png,3.95,3.95,0 0 0 0
56b178fc-5262-4ee2-8264-717f1aa9e9bd_2face0_206_148_159_218_00005.png,3.95,3.95,0 0 0 0
04b5b60c-efc5-4684-a2b8-345b55c48a96_2face0_431_835_218_277_00001.png,3.95,3.95,0 0 0 0
fa0f3bf0-ee09-4a18-86fd-3ffd419c74f6_2face0_393_435_207_284_00001.png,3.95,3.95,0 0 0 0
227041cc-cae8-4198-b581-038499720ed7_1801face0_397_447_200_283_00001.png,3.95,3.95,0 0 0 0
86b395e2-5d1d-4e84-b722-1e85b3df62d0_2face0_374_607_273_366_00001.png,3.95,3.95,0 0 0 0
556c33a8-2552-48cd-8d8e-ab06fb20ff52_302face0_239_69_259_364_00001.png,3.95,3.95,0 0 0 0
09339a35-7be4-4d0f-ac23-bbda2ba39335_1801face0_542_285_250_327_00003.png,3.95,3.95,0 0 0 0
bc7783b7-e9e4-4d9c-8128-ede908796ca3_2face0_351_441_186_247_00003.png,3.95,3.95,0 0 0 0
8bf09bfb-1769-4661-a37e-bed32668bce6_2face0_279_798_159_197_00001.png,3.95,3.95,0 0 0 0
ef04ba0a-8997-4cf3-8587-badfa36b3f11_302face0_407_478_315_392_00001.png,3.95,3.95,0 0 0 0
3f8afdb7-7273-452d-81a8-033523390114_2face0_404_419_165_238_00011.png,3.95,3.95,0 0 0 0
adc3727a-4331-435f-9139-3997d2f441d0_302face0_459_543_205_277_00001.png,3.95,3.95,0 0 0 0
48a7d7a4-bb13-4fd4-8899-c174791637f2_2face0_236_85_501_54200001.png,3.95,3.95,0 0 0 0
641412f7-a494-4fff-b135-f2e02b6f0689_2face0_235_388_669_860_00003.png,3.95,3.95,0 0 0 0
5f3e0508-a92d-47ee-8eb0-3982cd4c6d97_10000001face0_649_788_196_244_00001.png,3.95,3.95,0 0 0 0
86c9c21d-edcf-4650-b115-bffb34ad0c83_302face0_291_412_222_297_00001.png,3.95,3.95,0 0 0 0
16ad8875-a135-4ad2-8bd9-7d58b9724970_10001789face0_467_890_190_259_00001.png,3.95,3.95,0 0 0 0
9948b199-df1b-4542-9e9b-bec2a0ea8377_2face0_453_626_229_284_00001.png,3.95,3.95,0 0 0 0
2e6304b9-ebec-4540-8fd0-9133021e6107_2face0_646_593_215_271_00001.png,3.95,3.95,0 0 0 0
f40b0ca4-b4b5-4cf4-86bf-a5a9b8db0563_2face0_427_106_219_301_00004.png,3.95,3.95,0 0 0 0
267eaa40-2417-409e-85df-7fa8f8bddb0f_2face0_391_648_310_418_00006.png,3.95,3.95,0 0 0 0
0758f57e-170c-41ba-9892-c8956f15d180_2face0_474_505_506_627_00010.png,3.95,3.95,0 0 0 0
0f166c57-7456-4861-91d9-289a58fbe7f7_302face0_229_391_125_166_00009.png,3.95,3.95,0 0 0 0
dd26186b-171d-4ff8-990b-311cccc86ccb_2face0_485_368_210_264_00001.png,3.95,3.95,0 0 0 0
4e1a6607-6ac1-469f-91d7-d5a0f24c0e60_302face0_397_236_401_560_00008.png,3.95,3.95,0 0 0 0
29882db4-46c2-4a09-b484-a25d982a51bf_10000001face0_437_418_463_614_00001.png,3.95,3.8947368421052633,0 0 0 0
944f921d-2f8c-4a36-8c63-a333df7a1288_302face0_421_158_428_588_00002.png,3.95,3.95,0 0 0 0
f3c8a8da-93a2-4b1e-a46f-e7f081d264d4_10000341face0_480_151_442_634_00001.png,3.95,3.95,0 0 0 0
a533cc1c-6dcc-4221-80be-be901367ce00_2face0_433_656_163_220_00001.png,3.95,3.95,0 0 0 0
ff64f335-3838-4402-b72e-d416efa20478_2face0_224_807_484_623_00003.png,3.95,3.95,0 0 0 0
f3cda8d0-c9f6-47f4-80b9-9f5a1bce6a2e_2face0_422_253_446_610_00002.png,3.95,3.95,0 0 0 0
7d5e3a9a-e06e-41fe-9390-b8a3d2080822_302face0_422_81_301_451_00012.png,3.95,3.95,0 0 0 0
9fd1a6d2-87ac-48cb-bd78-dfb32abc93d5_2face0_508_261_299_379_00001.png,3.95,3.95,0 0 0 0
6e504235-054f-45d3-9ac3-1ca4b9965a95_302face0_406_133_266_357_00002.png,3.95,3.95,0 0 0 0
5dc75ede-a6c5-4deb-9b9b-fa4afdd7e2b9_10000001face0_222_282_224_299_00011.png,3.95,3.8947368421052633,0 0 0 0
fc8ffbcb-b5f9-489d-afbc-85e0e87020ed_2701face0_617_604_170_236_00004.png,3.95,3.95,0 0 0 0
abbb3798-5c94-4a89-8ef8-4e22bb88788a_902face0_667_161_324_438_00005.png,3.95,3.95,0 0 0 0
4db30796-b311-4da7-b77f-31bde062ea9c_2face0_480_400_259_331_00005.png,3.95,3.95,0 0 0 0
e5ed4796-ab12-4321-916e-2bd2e95410c1_2face0_242_301_323_449_00001.png,3.95,3.95,0 0 0 0
6754b3a4-ddb9-40ce-bad3-b1af861046eb_2face0_392_73_322_449_00004.png,3.95,3.95,0 0 0 0
33b2afed-432a-40da-94db-9ac65545d5d2_1801face0_124_327_201_279_00002.png,3.95,3.95,0 0 0 0
0fba8183-036d-43ce-92dd-9f8be82863ae_2face0_368_618_288_360_00003.png,3.95,3.95,0 0 0 0
582d9c40-6953-4fba-aa7c-b2b63a2f3750_302face0_422_208_370_44000001.png,3.95,3.95,0 0 0 0
3d0e82ff-ca26-4ad0-a90a-8d460e318dc8_302face0_662_344_301_371_00002.png,3.95,3.95,0 0 0 0
6247f5a2-86a8-4128-b504-fbca3db6ac37_302face0_251_205_593_832_00001.png,3.95,3.95,0 0 0 0
b7472a20-e3f0-4179-ae35-042e4279c57e_2face0_473_207_310_414_00002.png,3.95,3.95,0 0 0 0
515fd4a6-1055-4c0f-8388-76bf7c20e988_2face0_503_539_138_183_00001.png,3.95,3.8947368421052633,0 0 0 0
0795e760-09e8-4311-aafe-c37224885b2e_2face0_602_611_189_257_00001.png,3.95,3.95,0 0 0 0
11d47a3f-d5a7-4268-aac8-e4976c1d16fe_2face0_398_173_189_259_00001.png,3.95,3.95,0 0 0 0
1e67f398-e196-4ed1-be0b-c2f12771fe04_302face0_326_191_316_436_00004.png,3.95,3.95,0 0 0 0
7c8ccb59-243b-4d12-9337-ec5b2725668b_2face0_574_315_244_318_00001.png,3.95,3.8947368421052633,0 0 0 0
437a3380-0551-4e9d-8c67-66ce7a1f634a_302face0_304_293_274_353_00001.png,3.95,3.8947368421052633,0 0 0 0
d1bb32df-e913-4ef8-a07d-0cd58dd68177_10001395face0_551_443_281_368_00001.png,3.95,3.95,0 0 0 0
27e41e02-0b8e-47de-bb55-c0f7d76f6b38_2face0_385_137_337_449_00001.png,3.95,3.95,0 0 0 0
ac9421ba-15c8-4d79-a8da-f0e8336aa0f0_2face0_514_582_313_414_00002.png,3.95,3.95,0 0 0 0
d423149b-1fa4-4672-8fbe-47a1b0cd151f_2face0_409_731_201_259_00001.png,3.95,3.95,0 0 0 0
e1e0d5bf-dd1a-4319-9d3d-d275fdf2f62a_2face0_392_261_230_27100001.png,3.95,3.95,0 0 0 0
511a6c1c-bb81-48cb-8bb2-2ff3cd9b72aa_2face0_261_405_473_604_00005.png,3.95,3.95,0 0 0 0
47080d55-b1fa-44cf-88e3-5bc481081298_1801face0_356_563_294_381_00001.png,3.95,3.95,0 0 0 0
8043b4ea-18d9-458c-8e10-9eb399b4a3f6_2face0_374_812_230_24800011.png,3.95,3.95,0 0 0 0
f41514b3-c6d5-4b4b-8b34-03f851917310_1801face0_241_378_235_299_00001.png,3.95,3.95,0 0 0 0
86d093b9-2e3f-4792-ad99-09c4c6587e24_2face0_477_176_219_312_00001.png,3.95,3.95,0 0 0 0
ec4062f7-41a7-439a-b188-b8b656bcfe26_1202face0_444_618_128_168_00003.png,3.95,3.95,0 0 0 0
f27b8bca-087c-4dec-98d8-26ef7c956943_2face0_513_472_162_220_00004.png,3.95,3.95,0 0 0 0
c73a6012-3351-41c2-b877-98d1c26eea7c_2face0_90_314_420_44900005.png,3.95,3.95,0 0 0 0
c85197d7-fda7-46fd-9c54-3223eafb09fa_1801face0_464_652_197_244_00001.png,3.95,3.95,0 0 0 0
0ace5bfb-70da-43d7-92cb-0f288c9211d9_2face0_625_221_257_340_00002.png,3.95,3.95,0 0 0 0
4030995d-fd7c-4b75-9a0f-68ecfd4ea70c_2face0_353_394_340_442_00001.png,3.95,3.95,0 0 0 0
a433b320-ebc7-412b-9c97-d63aafac8ff6_1801face0_257_703_274_362_00002.png,3.95,3.95,0 0 0 0
5148dc3c-dd3d-42a0-a994-7ce94f8c3ed0_2face0_288_307_168_216_00001.png,3.95,3.95,0 0 0 0
20cf2bd4-64aa-4670-8e2a-63b56b93eb02_2face0_83_227_359_455_00001.png,3.95,3.95,0 0 0 0
504b6f2e-79e8-43b3-b280-5ff1c203afd9_2face0_263_285_561_754_00004.png,3.95,3.95,0 0 0 0
e35e1bfd-50ed-4bd3-83b1-f79e043b3583_302face0_488_579_271_364_00011.png,3.95,3.95,0 0 0 0
0e132343-e988-4c1f-9a7a-3aa936694be8_2face0_402_523_291_379_00001.png,3.95,3.8947368421052633,0 0 0 0
0b885877-4f10-4a01-a997-0b50cae46457_2face0_547_90_162_231_00005.png,3.95,3.95,0 0 0 0
7be500ec-c9fa-45ca-bfbe-012816f063f0_302face0_458_653_225_292_00001.png,3.95,3.95,0 0 0 0
2aecbdbe-dbee-48e1-b8db-df94370e4ced_2face0_466_625_233_312_00001.png,3.95,3.95,0 0 0 0
cfe487fc-2733-4517-891b-8cf717b7e3a9_2face0_147_244_540_695_00009.png,3.95,3.95,0 0 0 0
b76f4fd6-3ba1-4f88-83d4-aa6bf588ac8d_2face0_367_509_392_39500005.png,3.95,3.95,0 0 0 0
6ec07f46-a550-491d-b8d0-f85d92530519_2face0_698_182_315_427_00003.png,3.95,3.8333333333333335,0 0 0 0
f09388ab-f0a7-4ecd-be55-e15c9b20a1da_2face0_348_472_399_540_00005.png,3.95,3.8947368421052633,0 0 0 0
fea143ff-f046-4464-97e5-ddbfdbffeb38_2face0_511_554_337_418_00005.png,3.95,3.95,0 0 0 0
f49f8a4c-c4f5-4eb4-a474-282e3bff7bbe_1840face0_379_399_212_281_00001.png,3.95,3.95,0 0 0 0
427205c1-4209-4920-8d4a-fe8f07874a8c_2face0_409_459_187_257_00002.png,3.95,3.95,0 0 0 0
2e8b81be-d4bb-4c3c-97c5-ea279747002e_2face0_487_204_226_271_00002.png,3.95,3.95,0 0 0 0
9b628dda-0b9b-4c3a-9932-51ee33b580d8_2face0_520_477_219_312_00001.png,3.95,3.95,0 0 0 0
5a86907c-d09d-4615-9444-ec0a582be5b4_2face0_391_494_352_466_00001.png,3.95,3.95,0 0 0 0
9b030a9c-7046-49da-a177-21978498c267_2face0_381_129_224_301_00001.png,3.95,3.95,0 0 0 0
5629bd79-6104-4468-b734-805d1211eb9e_2face0_246_436_161_210_00004.png,3.95,3.764705882352941,0 0 0 0
e625d6a3-fbb5-4814-ac5d-f26dd1dac906_602face0_327_545_359_479_00001.png,3.95,3.95,0 0 0 0
9d6773cc-a9f2-44be-8018-2e3e12677553_2face0_291_323_319_421_00001.png,3.95,3.95,0 0 0 0
15509a6b-0a00-43e0-aaea-b87b77a2be9b_2face0_193_190_830_1058_00009.png,3.95,3.95,0 0 0 0
7c6d84f2-2a10-42d3-9d49-f6e59a55b28c_2face0_433_371_313_421_00009.png,3.95,3.95,0 0 0 0
000f4c16-8656-458c-8b2c-e6bf5f856432_10000281face0_251_442_135_179_00006.png,3.95,3.95,0 0 0 0
6b046410-2dbb-45bd-a8f2-36385a7bf240_1801face0_538_602_147_190_00001.png,3.95,3.95,0 0 0 0
40830122-1c06-4272-9d2b-41a751f86591_2face0_375_430_249_321_00007.png,3.95,3.95,0 0 0 0
2015bb39-e220-4014-8b5f-9a414e9d2b90_302face0_527_160_235_307_00001.png,3.95,3.95,0 0 0 0
caf75b2e-b17a-4917-ae87-c1e140dcc835_302face0_412_311_341_453_00002.png,3.95,3.95,0 0 0 0
2ff082dd-a868-454c-9fff-020820f474c7_2face0_328_69_247_355_00003.png,3.95,3.95,0 0 0 0
40aa11d8-61e7-4fcb-900d-b065b6bda9a8_2face0_286_534_226_283_00001.png,3.95,3.95,0 0 0 0
44d2acb4-6f7e-4b4c-891a-7c3797b096d7_2face0_339_714_285_366_00001.png,3.95,3.95,0 0 0 0
8737eec4-c3d2-4d0e-90bf-3f5295ee9058_2face0_412_529_222_296_00003.png,3.95,3.95,0 0 0 0
bba58222-f96d-4737-9228-31938605e408_2face0_248_396_330_447_00001.png,3.95,3.95,0 0 0 0
db060f4c-729e-4e51-b41a-653315273d9a_2face0_365_574_198_249_00001.png,3.95,3.95,0 0 0 0
a02f1274-9670-4e59-8a28-7e3d75e0d527_302face0_575_283_233_308_00002.png,3.95,3.95,0 0 0 0
ddc1ceee-fd63-484b-a5e7-9576927e38f7_10000901face0_445_725_130_170_00002.png,3.95,3.95,0 0 0 0
721470db-dfd4-43c3-8be0-2763d4eea613_2face0_361_108_588_852_00008.png,3.95,3.8947368421052633,0 0 0 0
645bf805-02ef-4276-9502-707e5c4a4527_2face0_336_327_315_408_00012.png,3.95,3.95,0 0 0 0
487dcf22-798d-4401-9d8e-00d1a1eb3d22_2face0_369_252_172_238_00004.png,3.95,3.95,0 0 0 0
835eca1d-4227-4870-bbcd-ed033043dd6d_902face0_528_563_187_238_00012.png,3.95,3.95,0 0 0 0
bf1fe153-ae13-4abf-b6a1-40ee96a06feb_10000001face0_424_693_130_170_00003.png,3.95,3.95,0 0 0 0
8bdd175b-b4c9-4dbf-8f2a-6e13e20d72b9_2face0_207_160_715_950_00001.png,3.95,3.95,0 0 0 0
56cdbbce-cd2f-40b0-a55d-8671f0099206_2face0_516_187_208_297_00002.png,3.95,3.95,0 0 0 0
5e792e42-6ba2-4ede-830e-8674626bb690_1801face0_421_532_138_197_00007.png,3.95,3.8947368421052633,0 0 0 0
9b02d2de-25ec-43f0-81c1-39f45e947595_2face0_220_189_411_536_00003.png,3.95,3.8947368421052633,0 0 0 0
67f5c6ac-915b-4aae-8c45-cf689160f923_2face0_274_368_324_429_00011.png,3.95,3.95,0 0 0 0
2f6011ae-bcfa-40aa-a936-746201b6c509_2face0_514_283_288_392_00005.png,3.95,3.8947368421052633,0 0 0 0
ec02cb00-6863-4032-9910-45a0126771fe_302face0_381_592_163_223_00004.png,3.95,3.95,0 0 0 0
864da060-3118-4fac-887d-2a93fcf5f103_2face0_306_130_296_397_00002.png,3.95,3.95,0 0 0 0
9af6ef3a-fca0-4c26-80fe-72d91ef5496e_2face0_550_659_137_175_00001.png,3.95,3.95,0 0 0 0
170e6f45-e103-4be7-b1ec-a736d8a82522_1779face0_390_834_230_301_00001.png,3.95,3.95,0 0 0 0
76844680-de3b-439e-87ae-83ce9ab2d8e8_2face0_503_290_230_288_00001.png,3.95,3.95,0 0 0 0
4d5b6a42-fb49-491c-b549-714281733cdb_2face0_616_233_280_327_00010.png,3.95,3.8333333333333335,0 0 0 0
6095652e-ef1d-45af-8557-617cd9e423a6_2face0_361_549_373_510_00001.png,3.95,3.8947368421052633,0 0 0 0
645f03b8-c522-43e5-b1b8-b3b0f05291bf_302face0_414_721_229_281_00006.png,3.95,3.8947368421052633,0 0 0 0
eb190fe2-38aa-48e3-9742-e93756e6ad9b_2face0_408_594_198_275_00001.png,3.95,3.95,0 0 0 0
41811686-f080-4eda-8a33-33bbe6b1620f_302face0_307_108_452_619_00001.png,3.95,3.95,0 0 0 0
4356236c-4541-40d3-aa77-5cf7fe3b708e_2face0_360_284_189_249_00001.png,3.95,3.8947368421052633,0 0 0 0
d39ade21-b903-4c7b-9c64-1e62632349c0_302face0_238_473_180_231_00001.png,3.95,3.95,0 0 0 0
c2b4f9bc-fafa-4e78-9c87-25c1d9a595d7_2face0_272_447_328_37900001.png,3.95,3.95,0 0 0 0
3abcb202-da94-4663-b6ba-ec57bc0a584d_2face0_558_225_292_403_00001.png,3.95,3.95,0 0 0 0
a0e7ed67-bb87-4458-8a10-612d893133a9_1801face0_232_227_287_379_00001.png,3.95,3.8947368421052633,0 0 0 0
bd7eba44-98e4-4e96-b95f-215cf65b22f3_2face0_363_301_348_468_00001.png,3.95,3.95,0 0 0 0
557b6978-0e6d-46c4-a71d-9cc2093d71f2_1724face0_727_605_165_227_00011.png,4,4,0 0 0 0
7308d8b3-cd34-44c5-864a-06b91b0bdbaf_2face0_408_631_201_21300001.png,4,4,0 0 0 0
e342aa7f-f1b4-4c2f-a3ac-f362c29d57da_10001470face0_439_404_198_257_00001.png,4,3.947368421052632,0 0 0 0
378ba7a9-5e62-4981-b353-d23e02cca8d0_2face0_250_305_541_712_00001.png,4,4,0 0 0 0
ff92c5af-1e99-4673-98a6-017095ff43ae_2face0_293_269_218_301_00001.png,4,4,0 0 0 0
439d0868-0468-4812-9e3e-7665f43cc951_602face0_698_363_201_264_00010.png,4,4,0 0 0 0
1ad02d79-7c1d-4d96-a40e-89b9fed887d8_2face0_396_639_181_19800001.png,4,4,0 0 0 0
dbf722dc-13d5-41cf-89d4-4690140b719c_302face0_271_101_392_495_00001.png,4,4,0 0 0 0
c19fba23-0520-47a5-8dd5-69f0058662cd_1801face0_301_545_232_305_00012.png,4,3.947368421052632,0 0 0 0
2634d85b-bc50-42f6-aee3-90eeb57811d5_1802face0_308_503_280_366_00001.png,4,4,0 0 0 0
c1aa54cd-9b2f-46c4-b998-9588764c07b0_2face0_159_393_340_431_00001.png,4,3.947368421052632,0 0 0 0
be66239b-6fab-421a-a394-052463b948c0_1801face0_431_282_207_281_00001.png,4,3.947368421052632,0 0 0 0
16ac5dbc-6575-4f91-8fac-24b4f3feeb7c_2face0_283_474_523_662_00009.png,4,4,0 0 0 0
8c2f36df-cb78-4657-9607-7e3855f5d1d7_2face0_206_381_411_525_00007.png,4,4,0 0 0 0
87274df5-ad72-40fc-a75e-e57f1532612e_2face0_375_332_379_534_00001.png,4,4,0 0 0 0
b5651462-96bc-45b0-8764-726b21cb6b1c_2face0_436_603_250_329_00001.png,4,4,0 0 0 0
cd947bbb-b24a-4a62-88c7-bb5e8666bb84_10001801face0_379_559_470_573_00001.png,4,4,0 0 0 0
8392288b-2977-4610-ba69-18556ba7de2d_2face0_560_476_261_345_00001.png,4,4,0 0 0 0
d6b807df-27d7-4112-a1d1-e8e87f738071_10000001face0_295_784_228_301_00004.png,4,4,0 0 0 0
b32df5df-9268-40a2-b9c9-5a9a056a6048_602face0_146_317_702_941_00009.png,4,4,0 0 0 0
613ece2b-fd43-482d-abd6-c2e429955a87_2face0_133_359_625_878_00005.png,4,4,0 0 0 0
3bd6d685-b3cf-4de5-a1ee-6cf4e808b6ce_2face0_530_131_425_545_00006.png,4,3.947368421052632,0 0 0 0
94b4e7df-4cc9-41a8-9064-29aa9f225fdb_302face0_436_384_288_434_00003.png,4,4,0 0 0 0
4c3305e1-1148-4831-9da7-4e8d58b512b5_2face0_421_612_362_38700005.png,4,4,0 0 0 0
ba292715-ddd5-4d57-b363-bbbe291d478a_2face0_521_942_229_286_00001.png,4,4,0 0 0 0
e8de4580-a814-4097-b203-f83fc1dcb084_2face0_443_498_214_284_00010.png,4,4,0 0 0 0
4f7e5d42-4f53-4a37-943a-b106235f08d6_2face0_542_190_271_370_00003.png,4,4,0 0 0 0
d8818a48-f48d-4178-9999-e07c44fc99ea_2face0_379_536_378_488_00001.png,4,4,0 0 0 0
961d78c5-dc04-4e82-a708-470e1f15223f_302face0_442_329_158_216_00001.png,4,4,0 0 0 0
972f9c3d-d8c0-4c5c-bae8-517e1111fff0_2face0_478_355_182_246_00001.png,4,4,0 0 0 0
b176f28c-aea3-49a9-be05-08ed630a8c11_602face0_320_244_551_760_00002.png,4,4,0 0 0 0
a30ee867-fb48-4b38-a14f-32f569c3a0f4_2face0_193_469_229_288_00003.png,4,4,0 0 0 0
362ad9d0-9607-4250-aeef-7f2380f5c092_1776face0_451_393_345_444_00005.png,4,4,0 0 0 0
5c625d9a-b3f4-42a8-ac23-4935838a948d_1800face0_462_278_278_379_00004.png,4,4,0 0 0 0
0e88641a-f1a1-4159-8687-c7cb7e16bee1_2face0_426_640_246_310_00001.png,4,4,0 0 0 0
013c1ee0-8a6d-4b16-b6cd-bb8e2915d091_2face0_403_529_198_257_00006.png,4,4,0 0 0 0
cf61d4ac-a375-45d1-8abb-85cec3ec3e73_1801face0_468_748_210_273_00001.png,4,4,0 0 0 0
9d855500-1fe9-4c14-842b-ff2362ba9794_2face0_261_400_233_294_00007.png,4,4,0 0 0 0
d7011bfb-e7af-49fb-b920-8dc2077494b4_1766face0_441_488_259_331_00002.png,4,4,0 0 0 0
0bbac9c3-b0ab-4172-83b5-9e6648000cf2_302face0_587_390_186_234_00001.png,4,4,0 0 0 0
25917feb-691a-470e-97ea-f5fd0115cdc4_2face0_263_113_204_257_00001.png,4,3.947368421052632,0 0 0 0
d6ac9816-3be6-4a54-a382-609959e984de_2face0_315_498_435_536_00001.png,4,4,0 0 0 0
c15feb6b-4ea3-4700-97da-a700a10fcb11_2face0_119_334_411_43800007.png,4,4,0 0 0 0
11d12ba4-7724-403e-95f6-a20a9b7b8002_2face0_480_488_266_370_00001.png,4,4,0 0 0 0
60046e2d-f244-4b08-84cf-b98c681f4656_10000868face1_166_392_224_23600003.png,4,4,0 0 0 0
5c8c7941-6c5e-4e77-861e-01887d94c866_2face0_404_346_184_253_00007.png,4,4,0 0 0 0
b0541dd7-fac1-442c-a8b6-1d066acaa04b_10000000face0_367_513_239_331_00002.png,4,3.947368421052632,0 0 0 0
811428ac-fb38-4f39-a598-d76efbb2af7a_2face0_650_589_203_283_00011.png,4,4,0 0 0 0
1d15755a-19b4-446a-99cc-dbefc845fe9f_302face0_295_984_114_12300001.png,4,4,0 0 0 0
2951c639-98ad-4678-902e-fd9a5ff971ce_2face0_567_513_130_179_00001.png,4,4,0 0 0 0
c1e65a06-843a-4825-9a8b-caca0efa3af4_302face0_368_278_177_236_00005.png,4,4,0 0 0 0
9313ba84-124a-40f7-9174-0689f5c1d5be_2face0_249_538_428_46900001.png,4,4,0 0 0 0
e39b900b-7837-49ee-b581-c83fae44c2ae_302face0_467_573_378_506_00005.png,4,4,0 0 0 0
46c8134d-71ed-4022-8083-04a2fda8640b_2face0_314_653_324_421_00001.png,4,4,0 0 0 0
c1990c3f-d8c1-48a3-8500-75464934fe5e_2face0_330_114_288_394_00001.png,4,4,0 0 0 0
26c20fe4-cbdc-4d90-bc09-ff9be31133da_2face0_401_252_284_379_00001.png,4,4,0 0 0 0
9128613c-ba90-4492-8ee6-09cb883a5ba5_2101face0_415_364_313_421_00001.png,4,4,0 0 0 0
e0131134-f156-4d48-b127-f749513a74e7_2face0_652_429_159_209_00002.png,4,4,0 0 0 0
2b7a1c31-a79a-4723-8cba-d9c706f0b4f4_2face0_356_300_340_449_00001.png,4,4,0 0 0 0
7c2c5816-aac0-40f9-99d8-2bfdd8db7c5c_10000001face0_566_765_175_233_00005.png,4,4,0 0 0 0
937d46f9-7f6c-4272-a97a-1a4cfd4d7198_1801face0_360_302_362_466_00001.png,4,4,0 0 0 0
768b2290-9ec6-4591-9751-027855353bba_602face0_406_377_244_316_00008.png,4,4,0 0 0 0
872bad05-b732-4642-b504-748e6afefe5c_2face0_491_624_176_234_00001.png,4,4,0 0 0 0
ae64a994-bc39-4b33-b846-cfbe89ea1440_10000273face0_478_651_133_177_00004.png,4,3.947368421052632,0 0 0 0
a1ba96a6-e236-43bb-92df-59d04e6926d3_4200face0_88_279_324_392_00005.png,4,4,0 0 0 0
df29fbdb-0d7c-480e-83b1-da4df9b32094_2face0_582_504_147_188_00004.png,4,4,0 0 0 0
e6c022e8-c38c-46e1-8a3b-1d78a8e4ed51_302face0_596_890_131_181_00010.png,4,4,0 0 0 0
45560b3e-2977-4d54-b477-ab565c57a534_2face0_557_196_253_353_00001.png,4,4,0 0 0 0
98a89bed-89bd-4bbf-b6f5-82f64d5f11f2_302face0_338_270_275_373_00011.png,4,4,0 0 0 0
6f1a16a9-111f-447f-85c8-1fc33d3d0a2f_902face0_377_414_175_234_00001.png,4,4,0 0 0 0
3f6de2bd-a763-49e7-83bc-616e27ca9b0b_2face0_401_264_253_347_00005.png,4,4,0 0 0 0
93c9f758-5d96-4150-9d19-6faef175331e_2face0_439_786_183_231_00001.png,4,4,0 0 0 0
39d1b770-ff35-4f63-821f-f237dae62dc7_302face0_208_212_329_466_00003.png,4,4,0 0 0 0
14c46e3b-0a8d-43a7-9788-f8dfb5bec654_2face0_368_523_172_240_00004.png,4,4,0 0 0 0
6aae2888-9978-4f11-940c-e1c63c12290d_10000321face0_391_320_341_434_00003.png,4,4,0 0 0 0
9f5a8ff8-6649-433a-b062-629b8f0800a3_2face0_229_107_554_764_00001.png,4,4,0 0 0 0
7f0529d5-972b-40e6-adef-6b939f421eea_10000245face0_151_453_263_334_00011.png,4,4,0 0 0 0
1a8d8076-9553-4341-8127-e1408c4c9aca_2face0_464_709_170_18500001.png,4,4,0 0 0 0
9b305992-8f1d-4e30-99a1-e8d98b690b0b_2face0_453_744_186_238_00001.png,4,4,0 0 0 0
eff9824a-8acd-4d54-b9d2-8af360a9a76e_2face0_660_438_172_244_00003.png,4,4,0 0 0 0
adb3578c-ea01-4e5d-8fed-8dffc74d91aa_1801face0_402_572_257_323_00001.png,4,4,0 0 0 0
72ce8872-ea39-47d9-b279-4a8aa8d699c3_10001800face0_229_227_203_271_00003.png,4,4,0 0 0 0
8b984a21-7fba-4129-8cf6-7e7a668b50b1_2face0_377_176_244_340_00001.png,4,4,0 0 0 0
cfecef7e-0887-41c8-98a3-766111007bef_2face0_442_504_301_34300012.png,4,4,0 0 0 0
ed17dc7a-93c1-4e44-89c5-25f690da17d7_2face0_465_591_251_331_00003.png,4,4,0 0 0 0
db7c45a0-917d-43a4-bfe9-2cc1ae3bd19e_2face0_544_429_152_203_00003.png,4,4,0 0 0 0
b99c19a3-9b80-470e-89f3-ae4ebe5b9eb4_10001021face0_481_894_201_262_00001.png,4,4,0 0 0 0
af4f203e-abb9-42ae-8f29-9797cd176ece_2face0_319_715_236_292_00011.png,4,4,0 0 0 0
60f92407-d366-4486-9127-a71ebb80f07f_2face0_440_425_215_277_00001.png,4,4,0 0 0 0
230fcaee-f6fc-40e3-a0ba-d6a6aabf6b59_302face0_700_358_243_316_00007.png,4,4,0 0 0 0
ded7c944-d790-4c96-a7ca-7e4ab28e2edc_10001850face0_195_744_326_408_00001.png,4,4,0 0 0 0
99e2a9ec-361b-4c32-b9fb-a5f45910da7f_602face0_198_52_606_810_00004.png,4,4,0 0 0 0
b3239c02-0c76-414b-ad3d-e2ef0e8b91df_2846face0_361_517_347_462_00002.png,4,4,0 0 0 0
7d41306a-3084-4dc8-974d-d77f2007137d_2face0_291_402_305_390_00001.png,4,4,0 0 0 0
860ed7e0-15e9-4e73-8908-f9a221859507_2face0_392_407_375_499_00003.png,4,4,0 0 0 0
9712b1e0-3535-43c3-b055-d974e239b254_2face0_401_201_224_303_00001.png,4,4,0 0 0 0
fd60dd2f-e729-4ff6-86fc-dee5c5212aa3_302face0_526_426_221_318_00001.png,4,3.947368421052632,0 0 0 0
c6caf878-fe7e-4a79-90e4-ae1ac68e8550_302face0_590_237_222_305_00008.png,4,4,0 0 0 0
a49d5f12-b137-4f18-a096-05bc36589d0c_2face0_212_227_630_817_00001.png,4,4,0 0 0 0
8ff39ae9-f9c8-4cd4-8df4-070564606330_2face0_410_655_280_368_00001.png,4,4,0 0 0 0
472004a6-0280-4484-afd5-7fcf8277cdd6_2face0_329_510_285_32300006.png,4,4,0 0 0 0
1630a73e-2905-4d5a-8fe8-aa27ced0aa75_2face0_259_605_212_262_00001.png,4,3.947368421052632,0 0 0 0
203ec67b-1211-405a-a49e-4cd7571f611e_302face0_351_336_244_347_00002.png,4,4,0 0 0 0
697700f0-3c1d-4f37-9db0-5ae9554d2a00_1801face0_395_520_263_344_00001.png,4,4,0 0 0 0
d429f516-21a9-468d-b1e1-2de5b9a67bc5_2face0_258_533_466_649_00012.png,4,4,0 0 0 0
2054be66-3000-45aa-9dbc-328acfc0e926_2face0_305_87_326_429_00012.png,4,4,0 0 0 0
f8776523-c904-44a7-bf8b-bdae91bd59bc_2face0_301_639_182_247_00004.png,4,4,0 0 0 0
7bfd0d0b-4e4d-4907-bb50-54ae916f59a8_1801face0_485_501_244_305_00001.png,4,4,0 0 0 0
602e3f7b-fb5e-4edb-87b9-8b18ce0fc044_2face0_304_672_188_20200001.png,4,4,0 0 0 0
38f88ed5-5794-47b3-8067-5bd77b09ab20_2face0_327_561_331_427_00001.png,4,4,0 0 0 0
56eb4410-8e42-4e5c-8178-41a87050b9d2_302face0_479_702_225_296_00008.png,4,4,0 0 0 0
0a321864-da22-4fec-ac16-da50ba420198_2face0_590_157_299_388_00001.png,4,4,0 0 0 0
a1fd3b35-7301-45cf-af86-3ed264b45286_2face0_88_96_520_623_00006.png,4,4,0 0 0 0
a79d89e9-8cb9-4829-9659-79c735e643d3_2face0_268_627_466_588_00001.png,4,4,0 0 0 0
a2ca2ea2-789f-4c41-b6c9-26f6a8ae6d17_2face0_336_517_500_57200001.png,4,4,0 0 0 0
ce03fea1-ed4b-4cf0-944d-0b4792c254bf_2face0_529_776_221_296_00001.png,4,4,0 0 0 0
4868dbf7-1ddf-489a-b1cd-f9e788e6b394_10000073face0_308_364_177_240_00001.png,4,4,0 0 0 0
f801cac0-e2df-402b-8d96-d214a5c93a3e_2face0_142_323_196_242_00001.png,4,4,0 0 0 0
502e52ac-804e-4468-8451-f6512e101419_2face0_572_451_211_297_00003.png,4,4,0 0 0 0
0070ea4b-d4e1-4266-9a92-34d126bb082e_2face0_294_378_225_23700009.png,4,4,0 0 0 0
795e2389-9b44-4a22-bae4-1010f5b7320a_2face0_315_257_296_381_00001.png,4,4,0 0 0 0
9f64de8e-9ba6-40a9-b542-5017c51a2ff3_2face0_417_404_229_288_00001.png,4,3.947368421052632,0 0 0 0
74453877-9479-41ba-bcea-e1fd4914cdf4_2face0_455_617_142_179_00001.png,4,3.947368421052632,0 0 0 0
0a6e90e2-a667-4983-ba87-8367fcd3016f_302face0_450_215_159_225_00001.png,4,4,0 0 0 0
d9a8a188-b07b-4e40-9f4e-4ff49c6ec6fd_2083face0_413_705_233_305_00001.png,4,3.947368421052632,0 0 0 0
1b130adb-955b-4f27-a199-f258e87adc81_2face0_354_529_403_40600003.png,4,4,0 0 0 0
d0ec94e7-fa6d-48f4-ad93-fb1f642171a2_10000226face0_264_471_344_38700001.png,4,4,0 0 0 0
c3506d75-bd43-4acc-bef9-55a221a8e895_1802face0_269_409_194_251_00001.png,4,4,0 0 0 0
c3067bee-f3e5-4658-bc72-9f63560508c2_2face0_342_214_410_47100001.png,4,4,0 0 0 0
b7415cf0-803c-41de-a1f7-10b880ec7e66_2face0_334_656_256_314_00009.png,4,4,0 0 0 0
31193e04-035f-4942-a995-406cce54b8b1_302face0_558_685_151_201_00001.png,4,4,0 0 0 0
2802da67-e6d1-46eb-96fa-3024c6f7c74e_2face0_400_493_141_194_00001.png,4,3.947368421052632,0 0 0 0
ce28dd46-ebee-4d31-92b5-fde84e26acfd_2697face0_361_310_189_253_00001.png,4,4,0 0 0 0
52a1a19f-99d7-422c-b7fe-24d875ce955f_2face0_426_403_197_257_00001.png,4,4,0 0 0 0
921496c9-ad8f-4302-b6c4-da4a2fdf6fde_2face0_156_163_268_355_00006.png,4,4,0 0 0 0
08c6ee3c-15ab-4eba-ae14-469fe3fbcec5_302face0_462_558_144_188_00001.png,4,4,0 0 0 0
3a4c48c7-fa49-44d0-b527-e3e9da9fb4ee_10000001face0_367_507_420_549_00005.png,4,4,0 0 0 0
6a22f293-3a9b-4cba-b10b-a7ee03a2fe15_2face0_623_890_248_26700002.png,4,4,0 0 0 0
34b06280-1d2b-4d7c-b622-64889326d7d0_2099face0_738_841_196_233_00001.png,4,4,0 0 0 0
8a5a18d4-748f-4db8-a701-dde78cca7aa3_10000001face0_141_971_186_247_00011.png,4,4,0 0 0 0
b65e6dc4-5429-4bbf-b9f7-52796bf5e101_302face0_527_629_208_268_00001.png,4,3.75,0 0 0 0
8a820d68-c824-4378-92a4-74a92b96065c_2face0_301_96_359_501_00001.png,4,4,0 0 0 0
0ea76aab-a06b-4f9d-b35c-52f8741abda3_2face0_118_277_400_43600004.png,4,4,0 0 0 0
9ffc7365-7140-49ee-84ae-65f4be0aef96_2face0_337_477_345_431_00001.png,4,4,0 0 0 0
5d9e4cca-3ef0-4958-b9b6-cfc4536ec90e_2face0_349_522_369_445_00002.png,4,4,0 0 0 0
593207eb-3525-482d-96f4-c5c864f9af51_1801face0_393_501_151_209_00009.png,4,4,0 0 0 0
9dc984a7-c81b-45bc-840c-26758f8b5ae9_10000302face0_119_308_396_540_00001.png,4,4,0 0 0 0
b0451642-09c7-425c-9a82-e95d87602600_2face1_137_203_371_551_00001.png,4,3.947368421052632,0 0 0 0
208a76ed-b5c0-4cd8-93b7-1be06f49b486_1502face0_502_518_169_227_00006.png,4,3.947368421052632,0 0 0 0
a4a1c594-0a3a-46a1-98fe-72374b5bf7c1_2face0_171_689_221_288_00006.png,4,4,0 0 0 0
b2b9aa62-5b5f-4ad5-8e16-0ddc48f35e60_2face0_535_157_401_571_00002.png,4,4,0 0 0 0
8f492aca-ed65-4154-a9ef-899f52111ecd_1801face0_410_653_244_318_00001.png,4,4,0 0 0 0
216b81ac-ebba-4d58-b643-348201a2ff8b_2face0_447_165_198_279_00005.png,4,4,0 0 0 0
8b8602b9-dc34-4a21-bcfa-3c15eff030d0_1801face0_406_590_215_296_00001.png,4,4,0 0 0 0
1ce11511-a541-4272-a761-6b39ac851787_2402face0_267_72_284_384_00009.png,4,4,0 0 0 0
b6616a0a-3557-4cde-9e98-a776ae0d64c1_2face0_371_60_232_320_00010.png,4,4,0 0 0 0
db1ce129-0e94-40c6-8f78-921bf8ad4c3a_2100face0_431_711_211_271_00001.png,4,4,0 0 0 0
39567677-4219-472e-a06e-34396bb85121_2face0_240_978_273_28300004.png,4,4,0 0 0 0
acf282f1-cce2-48b3-9596-d93191b91699_2face0_419_207_271_379_00010.png,4,4,0 0 0 0
457da5ee-eca1-458f-a10c-71c818d12fb9_1202face0_335_539_142_196_00001.png,4,4,0 0 0 0
b5beb08a-c8f8-4638-b46f-03e88a38ec3e_2face0_435_541_138_188_00001.png,4,4,0 0 0 0
147acac6-b5da-4af5-94a2-c016e9a93afc_10001800face0_358_629_260_333_00003.png,4,4,0 0 0 0
d07ed1ec-eb75-4ad2-a67a-c1230fd492f9_2face0_354_477_217_296_00001.png,4,4,0 0 0 0
1f8aa0fa-dacd-48ff-9870-688ce26a4542_2face0_384_93_527_704_00001.png,4,4,0 0 0 0
32e24cd2-db27-47ae-a77f-e6620b59c9d8_2face0_468_91_392_532_00001.png,4,4,0 0 0 0
c319c038-f32d-4d6d-a75a-de27047ddf91_302face0_579_460_207_23600001.png,4,4,0 0 0 0
81721e3e-6622-48df-802c-850431252bdc_2face0_378_324_218_260_00006.png,4,4,0 0 0 0
7d71443a-062c-48f9-807f-fce09f5d2d01_302face0_459_364_200_255_00006.png,4,4,0 0 0 0
842963c9-640d-4e45-982b-709747408d8b_2face0_418_553_145_190_00011.png,4,4,0 0 0 0
20f484f5-8581-4725-bcc5-7dc0286961bf_2face0_441_419_201_266_00001.png,4,4,0 0 0 0
367acfbf-2c4a-4b7a-bba6-033019dc3650_2face0_352_118_277_364_00010.png,4,3.947368421052632,0 0 0 0
0370c2e2-d2fe-43de-b60a-987e89535d9e_2face0_309_345_250_338_00001.png,4,4,0 0 0 0
d93bd46e-8ceb-4bbc-b688-79cb5b33515b_2154face0_299_449_162_209_00001.png,4,4,0 0 0 0
42427dde-cd81-4342-ab2a-cd92a19e0347_2face0_412_324_298_408_00001.png,4,4,0 0 0 0
eeeb2970-be23-42c1-ba10-31b04850d8ab_2face0_489_499_176_242_00003.png,4,4,0 0 0 0
3102f0df-2f78-4a3a-ab13-3f8b4cca9963_302face0_514_417_177_234_00001.png,4,4,0 0 0 0
b40c6e60-5ca7-42c7-8b31-0ee2d0f44cf4_2face0_408_308_198_279_00004.png,4,4,0 0 0 0
befc4972-09fc-458b-8c59-4322d3609b17_10001774face0_368_413_278_368_00001.png,4,4,0 0 0 0
c92aced2-0f1b-4923-b713-2d319efb2f08_2face0_292_189_350_466_00010.png,4,3.947368421052632,0 0 0 0
a5067613-3b4b-4d82-8eeb-ae34e7dad713_2face0_253_535_298_399_00001.png,4,4,0 0 0 0
59ad70a7-ccea-4831-989a-cfdd5a08fe51_2face0_259_470_142_192_00002.png,4,4,0 0 0 0
a23bbbb2-c30e-43bc-a3a3-81134bc841c5_1801face0_522_718_322_425_00001.png,4,4,0 0 0 0
27d5c838-499f-440d-8474-26046297da27_10001209face0_413_793_284_371_00002.png,4,3.947368421052632,0 0 0 0
a3f0aef1-3d2e-4129-af05-cdccc067ecb1_10000001face0_691_591_134_168_00007.png,4,4,0 0 0 0
c60e014c-a6e7-472b-8048-2a418923e4de_302face0_475_517_149_194_00001.png,4,4,0 0 0 0
eca9065b-5dcb-40d3-8b00-3ceb12ac11c5_602face0_514_411_414_543_00005.png,4,3.947368421052632,0 0 0 0
8f7cd94a-c0f9-4678-81e3-3318d8b09dfb_2face0_446_406_240_303_00001.png,4,4,0 0 0 0
e8a5989e-b46e-436e-bcdd-ffe79ba279b3_10000001face0_371_307_219_294_00005.png,4,4,0 0 0 0
1c0bc106-335d-410c-9b7a-5c8a767ab468_1801face1_795_638_142_185_00007.png,4,4,0 0 0 0
88a562e5-8089-4b91-aff0-8c43a35b84b4_2face0_128_440_340_462_00001.png,4,3.947368421052632,0 0 0 0
185155d6-dc54-48f9-a94d-3cb2c1173344_2face0_505_381_179_234_00005.png,4,4,0 0 0 0
36454e0a-da76-4152-83e4-491f0d6be6e1_1801face0_217_209_148_218_00001.png,4,4,0 0 0 0
1f51fa9f-b135-4788-85df-0505a99eaa0c_602face0_225_340_237_344_00007.png,4,4,0 0 0 0
55d2f45a-2866-4d78-9d58-d4e01c6f4e56_2face0_322_632_147_212_00002.png,4,4,0 0 0 0
44886675-b1e8-4ee1-bc75-1f1de6a38ea1_302face0_313_548_428_573_00007.png,4,4,0 0 0 0
dbd167e8-50c2-457e-b60d-e7507a5fff3b_302face0_521_270_288_414_00001.png,4,4,0 0 0 0
56567d0e-b0bf-4a07-b42a-12a29a0b68db_2face0_398_75_365_486_00001.png,4,4,0 0 0 0
5c4500f4-6825-48ab-b73b-cb6c230478f2_2face0_419_509_282_384_00001.png,4,4,0 0 0 0
4d981d3f-839c-4d8a-8b31-f2b0a336b78c_2face0_541_537_321_37400001.png,4,4,0 0 0 0
0755c1bd-c111-4a44-b236-eebac14b95ad_2face0_155_208_667_873_00011.png,4,4,0 0 0 0
ba4ec6e4-ad66-4f0d-8b7a-9b5dc33abfef_2face0_224_591_172_17500004.png,4,4,0 0 0 0
d256be6c-4cc6-4c09-96bc-d8e07497ff6b_10001800face0_307_455_182_229_00001.png,4,3.947368421052632,0 0 0 0
dffd7ec4-fc94-420f-8563-08c565f1f5ed_2face0_164_76_543_758_00001.png,4,4,0 0 0 0
8c22bae9-c6a6-4d3b-ae4c-5cd8bde4cb2c_2face0_496_158_417_529_00007.png,4,4,0 0 0 0
43f447bf-324f-46b7-967c-e0a307524781_2face0_321_267_277_357_00002.png,4,4,0 0 0 0
d7816e8c-eb1d-4706-b479-bc384d6e81ce_2face0_559_391_182_220_00002.png,4,4,0 0 0 0
d2a0f6a4-c2f3-4ed8-8d16-9801b4b99e4d_2face0_442_835_186_19200002.png,4,4,0 0 0 0
8e971833-0c73-4eaa-a9c3-284e48d6cad9_2face0_242_483_203_275_00002.png,4,4,0 0 0 0
cb794908-0cba-440e-b6e3-e5fe2ddfaee2_302face0_548_497_261_345_00001.png,4,4,0 0 0 0
334ca102-14ab-4ce3-8101-c777b86f44d9_2face0_444_179_309_416_00001.png,4,4,0 0 0 0
3b907ed5-5cd6-458f-ad53-9ba3d68df3c0_10002732face0_431_531_191_251_00001.png,4,4,0 0 0 0
3e0cf408-eb4f-4d8e-a34b-0fa758dc75ff_2face0_512_497_190_249_00001.png,4,4,0 0 0 0
5405dc54-7385-426b-b8f8-483b605975e6_302face0_584_375_219_290_00001.png,4,3.888888888888889,0 0 0 0
da62b6a8-1045-407d-bb54-c9de8dc77b75_2face0_471_538_193_251_00008.png,4,4,0 0 0 0
19751208-9e38-4bff-8262-74bb26948818_10000001face0_228_691_205_277_00006.png,4,4,0 0 0 0
9d28d9c8-e3ab-4aff-98e6-1c70e4f0301b_302face0_333_741_186_242_00003.png,4,4,0 0 0 0
d2996556-f5d9-4813-9280-2164049265ac_302face0_431_115_235_312_00001.png,4,3.947368421052632,0 0 0 0
4aa2eea4-081d-41ed-80be-8149a4cee87d_10001832face0_395_870_196_266_00001.png,4,4,0 0 0 0
d6e08275-365f-40d1-9f3b-1e5fd8638b6a_2face0_460_375_224_299_00001.png,4,3.947368421052632,0 0 0 0
10401047-1414-4e90-a7d0-09b17686daaa_2face0_536_177_212_303_00009.png,4,3.947368421052632,0 0 0 0
ffc81208-3663-4142-acec-9a4c8626ff79_1799face0_145_703_180_233_00003.png,4,4,0 0 0 0
d405f278-2b64-4d0c-b013-010be33c0bbe_1801face0_454_710_155_207_00001.png,4,4,0 0 0 0
51ea95fc-6410-4572-8845-72e7bbe7d824_2face0_207_315_214_279_00005.png,4,3.888888888888889,0 0 0 0
999c6032-3d84-41f6-882a-a1ab80ba1abd_2face0_681_319_203_279_00001.png,4,4,0 0 0 0
6bfb69b7-fe7a-404b-90d7-342d860a80a0_2face0_245_617_155_199_00003.png,4,4,0 0 0 0
7d79bc15-e72c-4a2c-9282-963525509119_2face0_462_825_190_251_00001.png,4,4,0 0 0 0
545556cb-dcb4-4c25-866b-7c85266e7da3_1546face0_348_630_229_299_00001.png,4,4,0 0 0 0
ba55fa7e-fae2-4142-98af-c254cd26a566_302face0_282_339_270_358_00001.png,4,3.947368421052632,0 0 0 0
a6d88ff1-7c8c-464a-80c4-fb92ff060259_2face0_394_349_207_294_00003.png,4,4,0 0 0 0
37d19788-4ee1-4e35-80d2-a9d6419bcb46_10001532face0_530_664_191_244_00001.png,4,4,0 0 0 0
edb46a7e-1102-4cfb-9f22-dad6a264bad8_2face0_532_585_179_240_00003.png,4,4,0 0 0 0
91bcd35d-d691-4418-8d1b-4038c1e9a450_2face0_378_644_321_33900003.png,4,4,0 0 0 0
d7b6308a-3b8b-4373-b5a0-13af91b09a76_902face0_111_152_760_84700011.png,4,4,0 0 0 0
40387cf5-24bf-4c98-b1c1-0712dcc98ee2_2face0_375_315_239_316_00001.png,4,4,0 0 0 0
2f0dfc05-f024-4a72-9188-b32bf57e31e2_302face0_498_668_190_249_00001.png,4,4,0 0 0 0
a9111c8a-13c2-4b79-98ea-27a9ab5f3d54_2face0_78_266_273_362_00001.png,4,4,0 0 0 0
86a8bba6-4385-4693-9462-30dfe59b31e4_302face0_491_237_463_54400012.png,4,4,0 0 0 0
4b829c2c-1c8d-40f1-8775-1a78eb32490c_602face0_315_409_229_312_00008.png,4,4,0 0 0 0
5db6bb4c-97fb-4553-9e86-1be266432edb_1801face0_315_748_197_246_00004.png,4,4,0 0 0 0
a7f4b25f-81ab-4968-b835-0fce6615b57a_2face0_270_284_575_741_00001.png,4,4,0 0 0 0
4185ee05-0c2b-4f85-845d-829771e2b697_302face0_709_288_226_292_00001.png,4,4,0 0 0 0
fc0571f5-7882-4114-bddf-d02275d7a5c7_2face0_362_350_343_469_00001.png,4,4,0 0 0 0
2682b16c-801d-46cc-bf65-a2afb4668794_302face0_545_494_154_201_00001.png,4,4,0 0 0 0
6fbe62a7-153d-4686-b237-776d97b20c59_2face0_428_159_250_329_00001.png,4,4,0 0 0 0
1ea9a594-f7d5-4f97-8d4e-ae6c5739144e_2face0_416_407_369_492_00001.png,4,4,0 0 0 0
e683a48a-df5e-4ea0-8320-d4e75c2d97e7_2face0_507_527_183_242_00001.png,4,4,0 0 0 0
df2572e0-423e-498f-b47a-c65d036d7d12_2face0_129_215_469_53300008.png,4,4,0 0 0 0
c36880a8-84d0-492c-9bb9-0365d0316e05_2face0_470_156_253_345_00001.png,4,4,0 0 0 0
3e65a386-28d7-4d56-84c1-42de70ca9934_2face0_246_608_488_595_00010.png,4,4,0 0 0 0
3b6da102-fe28-4da3-85c7-1af6dca59271_1802face0_286_694_296_388_00002.png,4,4,0 0 0 0
cca6c87d-c693-42b7-9535-36423322db15_2101face0_662_344_191_257_00009.png,4,3.947368421052632,0 0 0 0
c9b2f9c2-53bc-434f-a2fa-df74e4fb6aae_302face0_519_296_334_455_00001.png,4,4,0 0 0 0
97c90262-ad60-4e0c-9f1f-bb2a25af8004_2face0_316_672_406_501_00004.png,4,4,0 0 0 0
39998ad7-6811-4725-bec1-883b1fffbcc1_2101face0_404_725_204_259_00001.png,4,4,0 0 0 0
966b4ab8-84dc-48a9-9d07-f9adc4a74976_302face0_446_92_240_320_00005.png,4,4,0 0 0 0
2ac327a7-2c57-4b53-806e-40d67517a907_2face0_576_353_212_271_00001.png,4,4,0 0 0 0
e5c1e29b-781f-4e03-b39d-128f8ea2c87f_3902face0_274_436_183_247_00009.png,4,4,0 0 0 0
451c0162-d69f-4caf-90b3-bd1b90c26389_302face0_333_119_253_329_00001.png,4,4,0 0 0 0
fe96b9db-dabc-43c6-b1d6-3e95dbfb0973_2face0_317_237_284_382_00001.png,4,4,0 0 0 0
3aac645b-f3be-4f27-b757-16778bb67bb3_302face0_506_483_221_288_00001.png,4,4,0 0 0 0
a88331ff-93c9-4b51-90f6-1d28b9358f63_2face0_424_743_267_28800001.png,4,4,0 0 0 0
f95b2fdb-23ad-400b-a345-475af0ec47f4_2face0_383_338_284_384_00010.png,4,4,0 0 0 0
726a4266-2ea8-4f8f-81d9-798b626054a5_1801face0_328_444_316_405_00001.png,4,4,0 0 0 0
38b793b8-1cfd-48b0-84f8-d65011db28c7_602face0_451_123_296_431_00011.png,4,4,0 0 0 0
c57341b9-5e65-42b8-a8b8-e5247b3ee6db_1590face0_398_761_247_331_00001.png,4,4,0 0 0 0
763343de-4896-4c5c-9cf1-88d6c66aa0d8_602face0_313_65_282_344_00001.png,4,4,0 0 0 0
df6e1093-1fce-470f-8f5e-658c474dc471_10000560face0_339_236_236_303_00001.png,4,3.947368421052632,0 0 0 0
1bc51fcd-77aa-4d92-ba14-a4cdb2f4ec5e_302face0_409_705_492_48600007.png,4,4,0 0 0 0
994c619b-917b-4441-bc10-3c10ccaad896_10000278face0_330_810_230_316_00003.png,4,4,0 0 0 0
0eeee171-faf0-436d-adb2-8b265f04d5ed_2face0_306_113_693_908_00004.png,4,4,0 0 0 0
9ef56878-5ab5-4489-b254-c15d36487188_2face0_446_319_450_586_00007.png,4,4,0 0 0 0
d5e117bc-0c9d-4d29-adba-52c55dfea27f_2face0_431_210_233_310_00001.png,4,4,0 0 0 0
b9ea91f2-1208-4da8-b885-bd2656228c1f_302face0_498_242_240_318_00002.png,4,3.947368421052632,0 0 0 0
5c93185c-078d-4bdf-9de5-ce798d58c91e_10000050face0_603_439_418_579_00003.png,4,3.947368421052632,0 0 0 0
5c0b15c0-b640-408e-9007-9efeda683b7f_1802face0_604_472_155_185_00001.png,4,4,0 0 0 0
865f9982-16b9-470f-9a1b-e3a15a304922_2face0_338_378_239_321_00001.png,4,4,0 0 0 0
0d1a4aff-880b-449e-abf2-dd4a45a1ae3f_1801face0_444_524_266_353_00001.png,4,4,0 0 0 0
14f3d066-7213-4da9-9082-6919339d20a2_2face0_478_132_217_307_00001.png,4,4,0 0 0 0
7d205bab-f3ee-4e4b-8a66-c27ddc86f695_302face0_418_564_208_277_00004.png,4,4,0 0 0 0
68afb4fa-b7ec-432d-bdae-2e5a0520cf9f_2face0_286_570_421_549_00005.png,4,4,0 0 0 0
9a808ca5-dcad-4bc5-954a-ff717bc84e6a_1801face0_304_665_287_375_00001.png,4,4,0 0 0 0
112d918e-1fb8-4648-a85e-ac178faa10fb_1801face0_412_682_277_371_00001.png,4,3.947368421052632,0 0 0 0
82ff6671-1b6b-40af-b32f-e8aff898e542_2face0_314_315_266_364_00002.png,4,4,0 0 0 0
929b99f6-b8d5-434d-a9b8-29209708afe4_2face0_592_143_375_514_00006.png,4,4,0 0 0 0
9975f8af-c8ad-445d-bab5-e3933633981a_2face0_571_377_313_425_00009.png,4,4,0 0 0 0
53839c1e-1960-4ae0-b076-2881fb3710ed_2face0_287_97_422_558_00002.png,4,4,0 0 0 0
ab9762d6-35b9-4434-ad3a-b0793694b7c2_1729face0_473_685_176_233_00001.png,4,4,0 0 0 0
f7fcbfef-c36c-478f-ac38-6a6d1b96dfe1_2face0_268_348_502_634_00001.png,4,4,0 0 0 0
70352543-720d-4ea2-b821-5f95fc12256c_1801face0_323_224_333_445_00001.png,4,4,0 0 0 0
3c4d60e4-f559-46a3-aae3-09b84b129fe5_1801face0_490_183_351_460_00012.png,4,4,0 0 0 0
243b2816-a6f4-4b6e-98bb-4fa331638a51_302face0_603_353_224_321_00005.png,4,4,0 0 0 0
40c89dc8-ad58-4cdf-a43f-93763fc0993f_2face0_324_274_421_43900002.png,4,4,0 0 0 0
d0435953-8977-4d58-be8d-1e2f71d1c95b_2face0_451_296_217_273_00008.png,4,4,0 0 0 0
6a16dbb6-520d-42ef-bc81-544942f81665_2face0_292_176_379_512_00004.png,4,4,0 0 0 0
09177999-c9c9-4835-b6c0-c13b815477b6_2face0_408_485_184_264_00001.png,4,4,0 0 0 0
e36c7dbe-5c25-4653-b30e-89bb1a24f079_2face0_156_103_555_712_00001.png,4,4,0 0 0 0
c84f3fd1-17bd-43f1-9c87-fcffb7bd0920_1801face0_435_441_230_303_00001.png,4,4,0 0 0 0
366d35f9-2330-4d4e-a96d-8e18aa052426_2face0_505_415_168_214_00002.png,4,4,0 0 0 0
ce9bebcf-565a-4570-9109-9ac3dbc5be91_1802face0_625_926_182_260_00001.png,4,4,0 0 0 0
632422d8-c2f9-4e46-a594-4170e48226b0_1801face0_560_343_264_333_00007.png,4,3.947368421052632,0 0 0 0
ef645d3b-ff77-47ec-907f-f7f2b23069a7_2face0_367_412_141_194_00011.png,4,4,0 0 0 0
0d6cecd3-6a91-4648-9264-eb5f828da0ef_2face0_256_319_177_229_00002.png,4,4,0 0 0 0
54960563-8ab1-4099-b4f9-61a7e34f97a2_2face0_257_281_400_538_00001.png,4,4,0 0 0 0
d88c946e-a75e-4214-bcdd-8bc0286cb1b0_2face0_332_580_302_382_00001.png,4,4,0 0 0 0
f7dff1e3-9d27-441a-8e58-e33f51b7b379_2face0_447_102_393_545_00001.png,4,4,0 0 0 0
a5db4200-539c-40b4-baab-71c92c5e74be_2face0_119_564_468_595_00005.png,4,4,0 0 0 0
2a5a5e9e-2563-4811-a679-993cf33a05cf_2face0_147_514_334_38600006.png,4,4,0 0 0 0
b68b4734-cd21-4898-8006-a88a2105fcd7_2face0_436_414_168_16700001.png,4,4,0 0 0 0
8c087cf5-0c87-4ca8-9fae-fbf8ee30729b_10002100face0_254_344_305_429_00002.png,4,4,0 0 0 0
4053462b-8889-4300-8121-e17ca635beeb_2face0_296_558_484_630_00001.png,4,4,0 0 0 0
cd1d01df-64f2-4825-8427-a0656cd9f561_2face0_549_239_204_275_00001.png,4,4,0 0 0 0
093b1fde-608c-4072-8138-29fc7354e1cf_302face0_543_336_331_34400001.png,4,4,0 0 0 0
b76ecef5-e424-4140-8cb5-c6436ad0aeb5_2face0_504_564_161_201_00001.png,4,4,0 0 0 0
c4295912-edc9-4815-95e9-4ab1c40a40de_1797face0_411_583_214_288_00001.png,4,4,0 0 0 0
f432fc45-200e-413d-b077-c24d2b90e00f_902face0_257_561_154_185_00001.png,4,4,0 0 0 0
49386afd-e532-4a47-badc-5dc8c1525d7f_2face0_408_187_232_305_00009.png,4,4,0 0 0 0
4b9c3280-34d6-4135-b4a1-90c21e97da65_2face0_291_172_326_475_00012.png,4,4,0 0 0 0
844f9415-3792-41fe-89ce-1c1812d782ef_302face0_697_387_189_257_00012.png,4,4,0 0 0 0
1b579f84-b703-4d2c-963e-241d4959f8bf_302face0_490_643_141_186_00001.png,4,4,0 0 0 0
c5aabcff-6650-4592-9244-0df7766b87a1_2face0_458_280_138_183_00001.png,4,4,0 0 0 0
0abc7afb-71fa-44c3-beb7-187cbbaf1ca2_2face0_301_377_329_403_00001.png,4,4,0 0 0 0
f9272adb-b5b0-4476-9716-3dc8b28461de_302face0_542_1117_207_273_00002.png,4,4,0 0 0 0
0d363590-efd0-4ee7-8504-aea22cea4bda_302face0_418_432_533_730_00001.png,4,4,0 0 0 0
4bd746a3-4808-4c6e-b3ca-cfd2398604f6_1801face0_513_530_145_192_00001.png,4,4,0 0 0 0
36e8e7ac-020f-40b5-9b04-8483cd06cb61_1801face0_671_1291_159_16900001.png,4,4,0 0 0 0
fc3b5bd4-e16b-4a14-b502-cef2a8c946b2_302face0_211_595_357_451_00006.png,4,4,0 0 0 0
3fbcb650-288e-4b72-b02d-13bb8d2897ca_1801face0_374_657_496_54800001.png,4,4,0 0 0 0
db3b7503-ca28-44ee-9601-29ab59055216_2face0_221_603_288_403_00001.png,4,4,0 0 0 0
a245b8b2-252a-4d13-a528-e068e8097f07_2face0_412_405_204_259_00001.png,4,3.947368421052632,0 0 0 0
73535ad3-7ba6-40e9-8190-0224e8212088_302face0_535_248_301_423_00002.png,4,4,0 0 0 0
fc3b52f1-4971-4172-89e8-0eebdece8215_2401face0_519_298_329_445_00003.png,4,4,0 0 0 0
b093edcc-06f9-484f-982d-8c9e857465a0_2face0_350_412_273_370_00005.png,4,4,0 0 0 0
9973135c-1160-4e28-84ce-ab32fd40a4e0_10001789face0_447_451_237_303_00001.png,4,4,0 0 0 0
ff352bee-a632-4b55-8e96-3755f8682160_2face0_364_407_236_327_00001.png,4,3.947368421052632,0 0 0 0
3816f0b0-4648-4a9a-ab5a-1cf1a8edf938_2face0_380_515_184_255_00002.png,4,4,0 0 0 0
19668c39-158c-48bf-a59f-19b67586ab72_2face0_303_221_413_584_00001.png,4,4,0 0 0 0
13fdd6dd-e12e-40dd-b15b-5818254ccf3e_1801face0_389_323_336_434_00002.png,4,4,0 0 0 0
e91ee6c9-6f63-4cf2-b4f1-64b0ae8a33c8_2face0_640_683_156_212_00005.png,4,4,0 0 0 0
5655510e-9665-4a58-a704-64a463944043_2face0_474_219_324_458_00001.png,4,4,0 0 0 0
320ff40d-e688-4f22-a307-614c67e6c757_2face0_232_470_210_268_00001.png,4,4,0 0 0 0
79395ee9-3039-44a7-a514-7d2be6837e48_2face0_387_402_233_314_00001.png,4,4,0 0 0 0
a014d2ec-e7de-4c02-ac86-31766bd6872d_2face0_415_533_215_286_00003.png,4,3.947368421052632,0 0 0 0
cdaea80d-c8f4-4e4a-ab99-cb99b55f0f3b_302face0_172_493_382_516_00001.png,4,4,0 0 0 0
a024324b-998e-4d3d-a2d5-a95220d74e28_1801face0_442_258_191_251_00001.png,4,3.947368421052632,0 0 0 0
d61adc00-65d7-4c15-994f-f9b2e6fb90b8_2face0_383_250_278_384_00001.png,4,4,0 0 0 0
154e0bc8-6b5e-4b84-a660-8297e0d5feb2_2face0_481_336_204_251_00001.png,4,3.947368421052632,0 0 0 0
b20d2bf8-46a2-45cc-be6a-e117ac903209_2face0_489_243_390_501_00010.png,4,4,0 0 0 0
3aff0bbb-ff84-4c10-97dc-5625310a14d1_2face0_411_218_246_342_00009.png,4,4,0 0 0 0
daafbe63-77e6-4917-b2ac-18797a907d8b_2face0_334_550_170_231_00001.png,4,4,0 0 0 0
73a814cf-25db-4b14-8e8a-81519b2cb855_2face0_347_763_191_238_00002.png,4,4,0 0 0 0
ddc57516-0430-4e3e-82e5-8319cfa7a579_3002face0_470_196_453_567_00003.png,4,4,0 0 0 0
66b60f8d-a2d1-4f19-b5dd-fba234d7a109_302face0_308_248_184_244_00006.png,4,4,0 0 0 0
09fe7b89-5a95-41fb-af0c-83c18e35b01d_2face0_510_705_182_18500001.png,4,4,0 0 0 0
5e952808-2d1f-4aaa-89d0-6eb6c7173570_2101face0_302_386_249_342_00004.png,4,4,0 0 0 0
eef4f3b9-947b-43ee-9f26-e2457e0eccd7_2face0_281_381_177_231_00010.png,4,3.947368421052632,0 0 0 0
1c167760-0341-4217-8137-9860c23f3268_10000301face0_391_692_496_54200005.png,4,4,0 0 0 0
afb9e562-12f7-4265-8ab4-c82d474f2ebf_2face0_328_190_165_207_00001.png,4,4,0 0 0 0
838a260a-767e-4804-811f-fe52c9e2b95e_2face0_378_571_567_715_00001.png,4,4,0 0 0 0
0ecd3c33-e35a-4019-b3db-443d651306ac_302face0_234_658_240_323_00001.png,4,4,0 0 0 0
96782bd6-0f79-4471-8143-bc67c1de6ac4_2face0_490_743_250_329_00002.png,4,4,0 0 0 0
d731dad3-4b54-4cf8-9a37-1c85b2fe798d_302face0_240_96_428_584_00003.png,4,4,0 0 0 0
f9d37bff-bdb4-429d-b877-1236fa557282_2face0_420_277_403_512_00001.png,4,4,0 0 0 0
3154fa01-c54c-4a03-b2db-895df77eaea2_1798face0_380_639_236_297_00007.png,4,4,0 0 0 0
a64ec660-4a57-4c6c-a189-953db0aa052e_10000278face0_298_344_592_804_00001.png,4,4,0 0 0 0
b78a33a8-0772-4bfb-af73-7c88837193af_2face0_177_349_248_25400001.png,4,4,0 0 0 0
0a4cefcb-bc1c-4a21-b165-7b2d3fb63b49_302face0_569_455_141_194_00001.png,4,4,0 0 0 0
ee3a09e4-f0bb-46fe-922f-1d07566f08c5_10000137face0_585_765_159_205_00001.png,4,4,0 0 0 0
a023a898-802c-4c78-aacb-cde74bbc142c_302face0_245_419_487_682_00004.png,4,3.947368421052632,0 0 0 0
eeee466a-51fa-43a8-bf3d-d9d3c8c569bf_2face0_216_392_795_1061_00010.png,4,4,0 0 0 0
ff310895-b83e-460a-8da9-3f3eb2518c42_10000001face0_559_665_134_179_00002.png,4,4,0 0 0 0
f288ea35-2dd6-444e-bc2b-efcac458cf03_1801face0_312_516_380_514_00004.png,4,4,0 0 0 0
db738219-d7da-4be3-898f-01d54c5fc4cb_2face0_423_629_257_342_00001.png,4,4,0 0 0 0
1163de12-5c15-475f-8166-3460e23aff2b_2face0_373_619_222_283_00001.png,4,4,0 0 0 0
927c34fe-79a1-4896-8b21-818f7e16dee8_2face0_399_413_376_482_00001.png,4,4,0 0 0 0
3ffda3ab-1c1e-443d-b50d-b7c0af08c6f6_2face0_475_443_365_477_00005.png,4,4,0 0 0 0
3f4bd50b-98cb-4a91-80c8-d01758697c4f_2face0_360_264_264_342_00001.png,4,3.947368421052632,0 0 0 0
8c4e8263-ba31-4a0c-bb27-8eabb8b59a95_1801face0_442_173_406_492_00008.png,4,4,0 0 0 0
a0d042d6-3626-431b-9d0e-933b49a9fda0_2face0_392_218_237_312_00001.png,4,4,0 0 0 0
afe2906a-c15f-427d-8a74-fcdf059f5d8a_2face0_278_509_508_621_00003.png,4,3.823529411764706,0 0 0 0
b04a8b0f-907e-46fd-99e3-ce0cd1e5cc5b_2face0_459_356_303_382_00004.png,4,3.947368421052632,0 0 0 0
ae4a498b-8e87-4617-a665-fc308b2ac134_2face0_410_671_204_23700008.png,4,4,0 0 0 0
9b832bc6-3da0-472e-bcc8-eafc37d36cf5_2face0_400_381_169_227_00003.png,4,4,0 0 0 0
51222176-7ff8-4856-be5c-6ac5664b94f5_2face0_400_481_194_260_00001.png,4,4,0 0 0 0
aaef3bb4-630e-4ae4-8148-f6abe80ac941_2face0_361_149_333_466_00009.png,4,4,0 0 0 0
d4020fba-73e8-4e44-9aa2-7cc5ed737986_1801face0_491_824_182_242_00002.png,4,4,0 0 0 0
8261ce9c-6d8c-4067-8889-5faf99e625b8_2face0_284_524_250_338_00001.png,4,4,0 0 0 0
8340d0cd-f719-4384-b81b-79f9332fd4a4_2face0_251_127_306_403_00002.png,4,4,0 0 0 0
4ed9f5f5-27da-4bee-abf1-03adb96db5ce_2face0_248_341_475_649_00001.png,4,3.947368421052632,0 0 0 0
1996629c-fd3c-4389-b5f2-fff60064c45d_2face0_231_702_284_392_00007.png,4,4,0 0 0 0
f691cda0-3798-4a45-b563-8ff8a52fef16_2face0_499_548_271_336_00001.png,4,4,0 0 0 0
7d7adf45-e7ac-4aff-88f3-bc8d8c21f5ff_2face0_356_546_169_231_00006.png,4,4,0 0 0 0
5db627f0-58ba-46a3-af62-5db00b34699a_302face0_358_435_239_316_00002.png,4,4,0 0 0 0
ca6d7305-986f-4ff0-82fc-1af1f06376ac_2face0_328_63_268_364_00001.png,4,4,0 0 0 0
a75f9310-5927-46bb-acbd-85de9b367aef_302face0_171_83_768_1034_00001.png,4,4,0 0 0 0
30467e79-731b-4711-b113-0fd011b2ac2b_1796face0_443_613_196_21300001.png,4,4,0 0 0 0
51a5ae6c-a3bb-48da-a90d-5019c16e3711_2face0_253_294_606_826_00010.png,4,4,0 0 0 0
f307f92b-5a2c-4453-b983-110ba6663c3e_1800face0_238_564_247_318_00001.png,4,4,0 0 0 0
1d3df81c-8098-48f2-a4fe-9f467ed6031c_602face0_468_664_210_21800001.png,4,4,0 0 0 0
eab38343-5d6d-4268-9af8-c76c09d1d0bf_3601face0_391_747_319_403_00001.png,4,4,0 0 0 0
a54da905-ff47-4e6b-9160-14e989e11efd_2face0_376_310_222_307_00001.png,4,4,0 0 0 0
c31c9fb1-f3f0-439e-a640-b2822bc444ae_2395face0_348_535_198_253_00002.png,4,3.888888888888889,0 0 0 0
d79bbe4d-bbdc-4be3-9a5c-154287fe768c_2400face0_455_737_159_225_00001.png,4,3.947368421052632,0 0 0 0
91a3e711-5af8-4a48-9b42-96336e315847_602face0_594_904_133_173_00006.png,4,4,0 0 0 0
2a4c7365-e2b9-4d47-9a6d-f820b0c15682_2face0_265_261_217_286_00002.png,4,3.947368421052632,0 0 0 0
40d966b7-537b-4dc3-a9a8-e008d284b852_2face0_534_251_225_323_00001.png,4,4,0 0 0 0
6d6b28d5-9982-49b3-8474-03fda1034155_2face0_310_655_373_484_00008.png,4,3.947368421052632,0 0 0 0
e53c8c41-f86f-4a9d-9c89-b4a0310d4442_2face0_335_589_165_210_00003.png,4,4,0 0 0 0
7336a344-d71b-41d3-9f3e-61d941787a39_2face0_500_506_169_214_00001.png,4,3.947368421052632,0 0 0 0
463f7a94-1d5f-41de-9f1f-9729da1fa5b8_2face0_137_393_635_847_00001.png,4,4,0 0 0 0
50dc29be-c24c-40b0-9bb4-c9f712b6e7c8_2face0_404_429_334_442_00001.png,4,4,0 0 0 0
074e979c-a564-4bc0-8134-7a042362dbe2_3729face0_200_428_274_388_00001.png,4,4,0 0 0 0
516af682-1ae5-4292-a256-d7c15cdcc309_2face0_340_444_485_621_00011.png,4,4,0 0 0 0
c1748b7c-47a9-4ed9-97e6-bf1d7681fa3d_10000001face0_351_640_351_449_00001.png,4,4,0 0 0 0
a8b19ef7-0fc1-477f-bc8c-2a74b350a02e_302face0_529_232_176_247_00001.png,4,4,0 0 0 0
eec37680-60d3-464e-976b-c7a7eacc681c_2face0_553_867_203_251_00009.png,4,4,0 0 0 0
1866f334-ba73-46d8-9baf-61141e18bb22_302face0_421_508_196_262_00006.png,4,4,0 0 0 0
f5e16740-832c-4175-8a1f-c5d87643d912_2face0_314_138_443_597_00001.png,4,4,0 0 0 0
db988122-3c69-4554-9f77-1a531df5a352_1801face0_440_232_226_283_00001.png,4,3.947368421052632,0 0 0 0
542d252e-1dd3-4b52-8f4a-4f56e3da4ee2_2face0_384_538_155_218_00001.png,4,4,0 0 0 0
15a78315-1e28-4737-9072-42133bd53c44_10001800face0_604_650_246_338_00001.png,4,4,0 0 0 0
25ee0713-d802-4ca1-87a3-04cff9e44f78_2face0_324_643_281_364_00001.png,4,4,0 0 0 0
52e2cf74-1eaa-4ca0-acdb-5ebf1d68eadb_2face0_352_194_225_294_00001.png,4,4,0 0 0 0
088e80fb-df2b-49f4-b3ce-ed1339d5f283_2face0_446_553_140_183_00001.png,4,4,0 0 0 0
69cd122d-074f-4213-8bf8-2c69fd083ac7_2face0_421_592_232_26100001.png,4,4,0 0 0 0
a6dae2d8-6245-41e8-9180-cfb66ec33cd5_302face0_336_569_200_262_00001.png,4,3.947368421052632,0 0 0 0
406f15fd-aa8f-4a4e-a75a-0dc68f449e43_2face0_273_536_452_593_00007.png,4,4,0 0 0 0
44dcd0ce-9507-4d2f-8031-37cf5416ce1e_2face0_502_363_203_259_00001.png,4,4,0 0 0 0
15847c7a-97f2-42bc-a39c-b94fbd8cbdda_2face0_358_488_201_273_00001.png,4,4,0 0 0 0
3d036d08-6ab5-4bef-90ac-3b10c3f2cedc_10000001face0_355_666_235_308_00002.png,4,4,0 0 0 0
b32999aa-bcf3-4b4a-bbf7-b557b6765efd_2face0_201_601_221_268_00001.png,4,4,0 0 0 0
1820206d-87db-48ca-ad17-98420bccc794_2face0_466_340_219_286_00001.png,4,4,0 0 0 0
e33ebb57-8fc9-46c1-9826-a4110b7b988e_2face0_336_232_214_310_00001.png,4,4,0 0 0 0
1fd227ad-3f49-4da8-88ea-18586d2f2cbb_2face0_646_276_226_312_00001.png,4,4,0 0 0 0
7348ccdc-1d03-403e-a345-615ad91012e0_2face0_569_583_155_207_00001.png,4,4,0 0 0 0
b741aa0a-69d9-4a2d-adde-91d2beddb19b_1202face0_338_498_316_384_00007.png,4,4,0 0 0 0
dc32b36a-b6c4-4bc8-a5e6-d0bafb5f95f3_1793face0_446_108_222_303_00008.png,4,4,0 0 0 0
f431556d-07c1-4aba-a4ae-cafac9fbe523_2face0_376_805_260_325_00006.png,4,4,0 0 0 0
8c58abe5-6b47-44b0-b38a-6093f221c1be_2face0_239_470_442_540_00002.png,4,4,0 0 0 0
3fdf82e9-7ad3-4b06-964e-7408fe6ab3c8_2700face0_501_369_378_518_00001.png,4,4,0 0 0 0
9d10f3cc-7955-4ae6-a58a-072919104333_2face0_368_374_313_394_00001.png,4,4,0 0 0 0
b76cd316-0230-4d54-a4bf-0dbd69521ab1_2face0_673_649_257_349_00012.png,4,4,0 0 0 0
6669a7d2-ec94-43ec-8fee-eec0973945b7_2face0_243_143_520_715_00004.png,4,4,0 0 0 0
11be7052-edf7-4f3f-b614-00276093c3bf_302face0_493_410_277_368_00001.png,4,4,0 0 0 0
5d109617-6f64-4482-a0fe-4adbc68e7314_10000001face0_270_490_182_238_00001.png,4,4,0 0 0 0
0a5410b2-956f-4ae4-8d99-97b9955f22bf_302face0_478_138_280_390_00011.png,4,4,0 0 0 0
d93d7367-73a8-4c8e-9e4b-f56a8dc4ed5d_2face0_434_575_308_412_00004.png,4,4,0 0 0 0
e3bd0be6-7fad-4517-8345-61f3cb913503_2face0_422_262_273_368_00003.png,4,4,0 0 0 0
c66e04c1-0208-41b6-a389-3962b90a945c_2face0_403_254_219_296_00002.png,4,4,0 0 0 0
5f650188-8835-4125-8e8e-edf8581a569f_2face0_555_477_236_340_00002.png,4,4,0 0 0 0
59b2dc4c-094f-40c5-82b6-376013531bfe_302face0_352_209_222_316_00003.png,4,4,0 0 0 0
4f5c196d-0160-4031-9bac-33bd53b239c3_302face0_410_87_357_503_00008.png,4,4,0 0 0 0
b86b3ae3-802d-4ad9-8239-2fa328923027_302face0_236_369_212_286_00001.png,4,4,0 0 0 0
154c12aa-ee07-4f11-b1f2-71438c935817_2face0_308_628_137_168_00002.png,4,4,0 0 0 0
82fd342d-92f5-4cef-9356-dab1a84f69ed_10001367face0_202_372_380_468_00002.png,4,4,0 0 0 0
f93d372f-6bde-4fe0-9a6e-50d34827c8e3_2face0_557_318_237_342_00004.png,4,4,0 0 0 0
36c20830-fece-4a5e-8272-eee8b584fb64_2face0_406_420_144_194_00001.png,4,4,0 0 0 0
e6aaa162-5f87-485c-b0fd-633828240028_302face0_373_238_228_310_00006.png,4,4,0 0 0 0
360fa90b-4aea-461a-96f5-09a9f8334cc0_2face0_527_192_205_271_00002.png,4,4,0 0 0 0
1b21933b-4cc0-4fea-8a1d-705e1391563f_2face0_278_87_257_344_00001.png,4,4,0 0 0 0
924c1d7e-afaf-448d-adb3-c7612cca58cb_2face0_405_274_191_257_00005.png,4,3.947368421052632,0 0 0 0
be8294ab-4d0c-473e-a917-1aa4c2922ab9_302face0_457_731_162_17400001.png,4,4,0 0 0 0
84dfed88-08fc-4a51-8929-b96d6d73df60_2face0_606_513_207_266_00001.png,4,4,0 0 0 0
df266a31-9ad3-4f79-985d-b86adc2bf168_302face0_562_358_233_299_00005.png,4,4,0 0 0 0
d7761166-f022-429a-8cad-72b95321925f_2face0_437_555_186_227_00001.png,4,4,0 0 0 0
c982a81c-7c40-4d97-aa58-bda7e4f9596f_602face0_188_124_418_551_00003.png,4,4,0 0 0 0
b0f2cf7a-5808-4a97-8dd7-83f79c66d046_2face0_310_294_308_419_00001.png,4,4,0 0 0 0
a3fd92b2-02a9-470d-9927-9d4722ab5e88_2face0_385_159_274_349_00001.png,4,4,0 0 0 0
20709522-32b6-4c96-aad6-74cd3ba25de8_1800face0_393_287_304_34900001.png,4,4,0 0 0 0
e58cd250-63f4-4b00-bad2-a1d39085c128_2face0_318_309_329_442_00001.png,4,4,0 0 0 0
f7d0cab6-5cbc-42d1-9a56-bc88b9195e39_302face0_380_551_221_299_00001.png,4,4,0 0 0 0
26dcf113-2b07-48cc-aa65-12fc40182224_602face0_215_292_302_401_00003.png,4,4,0 0 0 0
4c64cee1-5ba8-45c7-a360-1464870c4aa0_1801face0_501_675_219_281_00004.png,4,4,0 0 0 0
25f514d3-3bbf-4d55-93b6-0ee60968f649_602face0_374_637_170_231_00001.png,4,4,0 0 0 0
ff8532f9-9937-45a8-bc7e-2a3f4d022804_2face0_316_232_207_268_00001.png,4,4,0 0 0 0
e45fe248-2d3a-4771-8746-91065b5f4c6a_302face0_303_413_595_788_00001.png,4,4,0 0 0 0
c49ff65e-2342-4085-b088-9d5f3f49bde7_2face0_478_349_232_320_00001.png,4,4,0 0 0 0
e370a535-8e7e-4d48-a70d-b693a274fb74_2091face0_369_514_226_303_00002.png,4,4,0 0 0 0
9ba43253-aa93-441e-95b8-67ceb3ea0dc3_2face0_220_160_396_518_00002.png,4,4,0 0 0 0
a8c14820-a431-4e1d-bc77-4b15f66f1ca4_2face0_448_318_184_246_00006.png,4,4,0 0 0 0
e83a1bcf-6c09-4455-8fc0-a1ef1c5bde8d_2face0_398_348_253_329_00001.png,4,3.947368421052632,0 0 0 0
f105b035-3806-4ca6-a63a-2b91b7002a3a_302face0_446_340_271_353_00007.png,4,4,0 0 0 0
12584abe-3e0d-49d2-812e-16c0d405cf0f_10000195face1_689_541_331_434_00008.png,4,4,0 0 0 0
679d0756-b18b-455f-ad88-bdd46c89dc8d_3901face0_370_150_301_423_00001.png,4,4,0 0 0 0
73c2e29f-ae1b-4f22-9242-d9567feda3a7_2face0_439_614_204_255_00001.png,4,4,0 0 0 0
31fb0c22-06f2-4ec4-b516-c35455794f5b_2face0_363_87_487_612_00001.png,4,4,0 0 0 0
f041b12b-e2a2-4979-b652-607fbbef0dc2_2face0_230_236_663_869_00001.png,4,3.947368421052632,0 0 0 0
3c7d9f48-c34e-4d21-8e5c-5eb5a2946888_1784face0_412_629_259_351_00001.png,4,4,0 0 0 0
5878072c-641d-4484-aa72-f2073a9aa29d_2face0_337_451_230_292_00010.png,4,4,0 0 0 0
1fc724b9-20db-4985-8f3e-e7054820a429_10001971face0_379_552_199_22200001.png,4,4,0 0 0 0
9acc3ae7-3d2b-4a17-b94a-ac821680ffbf_2face0_455_299_205_271_00001.png,4,3.947368421052632,0 0 0 0
042b656a-9c1a-4609-b885-00ebcfe83a6a_2face0_380_145_204_273_00001.png,4,4,0 0 0 0
612f3135-6529-431d-9e10-085efd3d9ed5_1502face0_325_605_384_39600001.png,4,4,0 0 0 0
daa3e32e-fdf5-45c8-88e0-c8b3b3edbcbd_2face0_458_460_176_242_00001.png,4,4,0 0 0 0
7ad95a87-0351-480e-b9fc-6e872b0694c5_2face0_446_432_179_246_00001.png,4,4,0 0 0 0
01787c9e-fb94-4a1c-b2ec-37e42cdacd90_2face0_309_373_191_268_00007.png,4,4,0 0 0 0
68a62a14-921d-49bf-aa43-b2baba447745_2face0_471_462_203_271_00001.png,4,4,0 0 0 0
1f8db8ab-d71e-4fd4-9afd-c5e10bfc9ad4_1799face0_85_71_364_482_00001.png,4,4,0 0 0 0
27b9f661-9054-4cab-a767-cba23cc23f86_2face0_291_251_296_394_00009.png,4,4,0 0 0 0
4692b5eb-0302-41f2-a0e2-51657d026e56_602face0_401_666_190_253_00001.png,4,4,0 0 0 0
29618186-55c9-412e-836f-d80dc439ebe2_10001261face0_515_632_246_342_00001.png,4,3.947368421052632,0 0 0 0
40078baa-21b7-4a2a-9b8f-5be8dc34b594_2face0_382_209_287_390_00001.png,4,4,0 0 0 0
e39222f2-529f-458f-9f0b-50c3a49985ed_10000646face0_143_232_379_506_00001.png,4,4,0 0 0 0
9b05d855-ace2-46dc-8947-c20bad3d8545_2face0_387_125_207_270_00007.png,4,4,0 0 0 0
8722d682-fa4c-4f6e-af53-57813f5746bf_2face0_335_711_249_312_00001.png,4,4,0 0 0 0
39024e70-2591-475e-8482-e5f15e619188_1800face0_692_173_288_399_00005.png,4,4,0 0 0 0
86287a5f-8207-4c60-968f-d53b918e219e_2face0_491_370_155_209_00001.png,4,4,0 0 0 0
f1f5fd38-90fd-485e-b911-c9822a6a7ba5_2face0_340_56_529_675_00004.png,4,4,0 0 0 0
1fe500c5-3a3c-40f2-875b-176157468391_2701face0_603_531_226_333_00001.png,4,4,0 0 0 0
c03e1ed0-93d3-4d40-8407-29cda99e5255_302face0_71_283_141_185_00001.png,4,3.947368421052632,0 0 0 0
fb3e4b1f-67ad-4679-a632-d2128ad4e8a6_2face0_300_457_555_814_00010.png,4,4,0 0 0 0
6a8f623f-7607-4496-b24b-667facbedd65_2face0_192_347_400_521_00001.png,4,4,0 0 0 0
3c9c2799-0118-4198-a7d1-1a23308935ea_2113face0_415_618_254_325_00001.png,4,4,0 0 0 0
206b1cf8-4a77-464e-a55f-d27bb4f7401c_2face0_163_293_365_497_00001.png,4,4,0 0 0 0
eda7ec10-ce8c-4877-8118-8fe84a9fee07_602face0_605_521_137_175_00003.png,4,4,0 0 0 0
b08ce655-c52b-49d5-9896-6dfcbb225837_1801face0_370_388_270_358_00003.png,4,4,0 0 0 0
593dd1ef-031f-4e86-9bee-bfb3ba658415_302face0_402_151_420_508_00001.png,4,4,0 0 0 0
90ae694e-c01e-4181-9f85-8e42fa1aa0ae_1537face0_426_461_240_331_00001.png,4,4,0 0 0 0
20d3de82-6ede-4f59-9e96-1693f140b717_2face0_381_400_201_275_00001.png,4,4,0 0 0 0
a3c21c24-0d7d-4190-9658-d5b6174592c3_2face0_217_99_672_923_00001.png,4,4,0 0 0 0
e7711d9c-07b4-44fd-8e9d-d11220b2a80d_2face0_423_165_330_440_00001.png,4,4,0 0 0 0
5b2b6517-b71f-4ee3-968f-7843ef794010_2face0_301_270_421_567_00005.png,4,4,0 0 0 0
876b87d5-4040-40f4-b7c2-349732759c82_2402face0_256_531_288_381_00002.png,4,4,0 0 0 0
d3a35fd0-ecf6-4ed3-bafb-6f5bfb9a8e31_2face0_377_163_369_532_00001.png,4,4,0 0 0 0
a7b6628e-b11c-4d66-b3c8-8d43aeff5d34_2face0_233_501_501_654_00007.png,4,3.947368421052632,0 0 0 0
fa43c289-7e06-4ed6-a15a-b674afbafabc_1801face0_403_568_310_438_00001.png,4,3.947368421052632,0 0 0 0
b8e05fbd-ee3b-4a21-9695-17940fb761c7_2face0_385_371_315_447_00001.png,4,4,0 0 0 0
c1da0835-78f4-4d6b-86a0-33675c83f6a6_302face0_473_689_220_24100005.png,4,4,0 0 0 0
dd32b00a-2df3-4632-aa02-a92532235f41_302face0_380_403_280_390_00001.png,4,4,0 0 0 0
94ae6286-3cf1-4ba0-942e-aed3f6b92fe2_2face0_413_713_235_301_00001.png,4,4,0 0 0 0
4dc8fa9c-7c7d-4620-ae86-8d594433c071_302face0_489_604_128_166_00001.png,4,3.947368421052632,0 0 0 0
6b5d183a-a69b-45b0-bff5-778ef2e6a35a_1804face0_492_585_193_21400001.png,4,4,0 0 0 0
14bf4448-dc86-4438-8c87-c8988024d83d_1798face0_465_570_138_179_00001.png,4,4,0 0 0 0
54b76dbb-2cff-4e8f-9e7e-f9f52a84eb1f_302face0_358_699_212_284_00001.png,4,4,0 0 0 0
50d080b8-9c7d-41ac-bd3e-6ff3e04693b0_2face0_446_809_287_377_00002.png,4,4,0 0 0 0
110b43fb-1cc1-4703-bd45-c6ce5400a7d4_302face0_355_236_482_636_00001.png,4,4,0 0 0 0
23fbd808-2bb4-4cb1-881f-18b02dc7b213_2face0_214_490_547_725_00007.png,4,4,0 0 0 0
667e5c02-b4f6-4428-8edf-bc77c8a60a02_2face0_380_454_502_617_00001.png,4,4,0 0 0 0
aea2e2e4-e848-4115-a2de-165b2c830dde_10000561face0_284_314_148_186_00001.png,4,4,0 0 0 0
0ddfda44-07cd-4388-a77c-7b086dbb8ed9_2face0_331_731_251_327_00001.png,4,3.947368421052632,0 0 0 0
663744ab-078b-43bc-a324-8e1d61e1accd_2face0_462_572_256_333_00001.png,4,4,0 0 0 0
1ee04a05-6c8b-45ab-a88e-efba0963118c_2face0_275_354_304_31800001.png,4,4,0 0 0 0
7cb666b1-d0af-47dc-bf5c-ddbdabee4e9d_2face0_188_336_387_514_00001.png,4,4,0 0 0 0
90a6a7d3-e5fd-4268-b90c-67ca2b79ef96_2face0_504_559_189_21000001.png,4,4,0 0 0 0
810ce845-1e24-4c5c-90d4-f57c91994463_302face0_403_267_291_408_00001.png,4,3.947368421052632,0 0 0 0
ac680e28-f5f3-4a7c-b3b2-5f54ee69d19b_2face0_73_378_250_320_00001.png,4,4,0 0 0 0
c6b57174-e00c-40bc-afa6-3bea0407fd14_2face0_492_497_155_207_00001.png,4,4,0 0 0 0
149dcddc-83c7-4028-ad61-30a6d125287a_2face0_291_683_340_419_00001.png,4,4,0 0 0 0
8c5cc116-1389-4fb5-a475-a21cd2fec841_2face0_233_345_516_701_00001.png,4,4,0 0 0 0
59313fbe-a8f1-469e-a0a7-80c05edb2573_302face0_340_310_446_569_00001.png,4,4,0 0 0 0
64bd5ab1-e8bd-485d-9534-d64b244d8f50_2face0_528_568_305_395_00003.png,4,4,0 0 0 0
63c519eb-1e51-456d-91dd-419aaa42b909_602face0_565_483_168_225_00010.png,4,4,0 0 0 0
97d6f2e7-d2ab-4af8-976b-45484a80805e_10000001face0_306_405_313_410_00001.png,4,4,0 0 0 0
92eb990d-3fba-4651-b64a-291d231b1826_1801face0_399_615_244_321_00002.png,4,4,0 0 0 0
40c49d29-3e80-4298-b867-960e4cb348e2_2face0_183_815_147_183_00002.png,4,4,0 0 0 0
cc959d1a-0c1a-4afc-9ba6-96eca008bf54_2face0_67_216_742_969_00002.png,4,3.947368421052632,0 0 0 0
bb26a05e-a9b3-4bef-b616-45137b02fff6_902face0_226_172_275_394_00002.png,4,4,0 0 0 0
9c9fb0b3-9555-44a5-b945-c564bfbbdd69_1801face0_185_430_261_364_00002.png,4,4,0 0 0 0
5f68e711-b09d-4de0-b455-85fb13becaeb_2face0_514_383_175_233_00001.png,4,4,0 0 0 0
da371f8a-7d85-4449-a395-dc2252e60186_2face0_433_355_179_223_00002.png,4,4,0 0 0 0
06eaf5d7-94f3-45e2-a1da-75c62ee3a0a9_2face0_204_54_302_399_00002.png,4,4,0 0 0 0
b4fb0a15-86a4-4b6e-8286-93486666aaee_1801face0_288_399_189_270_00001.png,4,4,0 0 0 0
1e151b37-f7db-4184-b0e1-fcefca033ef6_10001797face0_471_640_331_418_00001.png,4,4,0 0 0 0
028d410d-7ed8-4856-80d6-5b1b60df31fa_2face0_402_177_267_347_00010.png,4,4,0 0 0 0
540f0bc2-e5ce-484c-80d9-98af74a3ac2c_302face0_506_223_263_344_00006.png,4,4,0 0 0 0
c12f034c-cce7-47e2-b174-fd970cd51288_1786face0_485_436_270_349_00004.png,4,4,0 0 0 0
2ec50791-639e-4399-af6a-f9407ca21e97_2face0_340_127_257_334_00001.png,4,4,0 0 0 0
18b3b19c-6786-4fc4-a8e6-22dcc7bc04d5_2face0_433_452_157_17100001.png,4,4,0 0 0 0
3b6df8cd-8cac-4cfc-b6ee-c9a5c16822b4_10000230face0_662_559_162_210_00010.png,4,4,0 0 0 0
ff57fffb-2ed7-46a0-acc4-4f036453476b_2face0_336_507_233_307_00001.png,4,4,0 0 0 0
5663acdb-b3a8-4ce0-84af-9f79a82d87a0_1202face0_407_662_304_32200006.png,4,4,0 0 0 0
7b8b29ee-4a1f-4301-a5c3-2d17cb1438fb_3300face0_397_536_198_253_00001.png,4,3.947368421052632,0 0 0 0
47208e96-96bb-4b2c-b22a-c844c674d27c_1801face0_313_100_522_708_00008.png,4,4,0 0 0 0
1b7721d9-8b37-4ca7-a729-c53bdea5320b_10000477face0_469_558_170_227_00011.png,4,4,0 0 0 0
c0b15152-2a32-4b9a-b3b4-9f0b6d9aa0c0_1787face0_418_702_251_323_00001.png,4,4,0 0 0 0
74b2c0a2-e7c4-486f-90f1-a2dfb7f17f1c_2face0_851_693_110_12600002.png,4,3.75,0 0 0 0
62f5ae14-575b-41ea-bc80-2d5068f47d8e_2face0_77_226_452_577_00004.png,4,4,0 0 0 0
f2df02aa-709c-46c7-af02-e7078e4560e0_2face0_142_590_214_292_00007.png,4,4,0 0 0 0
6c71f1fc-973e-49e7-92ed-e6f5ab4e5072_2face1_307_558_127_166_00005.png,4,4,0 0 0 0
37458c48-9236-49c6-b1e3-a6246b1d669c_10001613face0_437_1034_203_259_00004.png,4,4,0 0 0 0
22b5fca9-0e52-41ba-b1fd-6192d1ed3bb9_2face0_550_249_312_401_00003.png,4,4,0 0 0 0
ec2de472-bf49-46cc-b01e-54e3b6c29b20_302face0_218_546_166_210_00011.png,4,4,0 0 0 0
f7a3c173-180c-4f15-af12-1b553d607e04_2face0_475_279_149_216_00001.png,4,4,0 0 0 0
3f0a93f5-4240-4fc6-a25f-6331e791c7a2_2face0_127_273_230_294_00002.png,4,3.947368421052632,0 0 0 0
327a631c-bc21-433e-8f15-bf0df2be5007_1801face0_545_387_179_246_00002.png,4,4,0 0 0 0
60bf6d69-7f81-4aa5-a163-adfe79122851_2face0_442_458_501_658_00003.png,4,4,0 0 0 0
d346abdf-bde2-4f6c-8f4d-83224ba509ac_1801face0_438_547_236_314_00001.png,4,4,0 0 0 0
c0d5edba-1b26-42a7-8248-27b6fee15f0e_3900face0_392_509_222_24500001.png,4,4,0 0 0 0
c2c231cd-e070-4077-97f6-78c17ccf0261_2face0_253_434_193_268_00001.png,4,4,0 0 0 0
be9d09a4-3ca2-47ce-b5c3-3b824fe50f94_2face0_532_308_214_294_00001.png,4,4,0 0 0 0
fca0d6cd-c0da-4130-b896-f700d5a45fa6_10002392face0_410_426_156_209_00002.png,4,3.947368421052632,0 0 0 0
096da87e-66b6-4eb1-8523-61a0c58f7a70_2face0_351_522_230_318_00003.png,4,4,0 0 0 0
ad274e3c-9400-4fa7-a5cc-c3c20d9a33a9_1801face0_323_685_240_316_00001.png,4,4,0 0 0 0
b9d52281-7b18-4e98-b279-df046ca89817_2face0_348_453_396_542_00001.png,4,4,0 0 0 0
2281b0e9-4c47-46e6-b650-4e3bf1fe000f_302face0_259_348_201_281_00001.png,4,4,0 0 0 0
64285eb2-f00b-4ab0-82fa-f8be57613a95_1848face0_484_538_303_412_00003.png,4,4,0 0 0 0
8fa5f217-6346-44bc-92df-a66ba7942546_2face0_317_211_180_234_00002.png,4,4,0 0 0 0
4957ce2f-1fd3-4d76-9bab-21d62aac7da4_302face0_485_421_163_18900001.png,4,4,0 0 0 0
02fbff18-6a0b-4826-a79a-2e998d29f4e5_302face0_280_472_323_407_00001.png,4,4,0 0 0 0
cd3f0630-8c6e-4a37-827a-e035742d454b_2face0_367_468_371_523_00006.png,4,4,0 0 0 0
f19d0b58-83e6-4ac0-bdaf-057b44e52afb_2face0_166_530_438_551_00010.png,4,4,0 0 0 0
79155c5d-64e3-4b7c-b44a-52619a32be0f_302face0_485_397_190_266_00001.png,4,4,0 0 0 0
5b8c1b19-7f9c-40a9-87d9-27ccafd5bbbd_2face0_230_188_246_27600006.png,4,4,0 0 0 0
b1c25055-4bae-4b42-8d89-851b9eeaf7bb_2face0_483_240_226_308_00004.png,4,4,0 0 0 0
00ddbabd-52e7-444b-9cdd-31f873a3d748_10001522face0_457_613_200_260_00001.png,4,4,0 0 0 0
b5642323-d4f9-4719-a219-c6dfe236a3d6_10000285face0_440_452_355_462_00007.png,4,4,0 0 0 0
01b74875-3c81-4d0f-ab7f-c50f5d63fe6f_2face0_509_668_253_344_00009.png,4,3.888888888888889,0 0 0 0
ca71021a-13f1-4979-945b-5ac97dcf4ea0_2face0_64_469_636_69400003.png,4,4,0 0 0 0
84df9233-67b1-4cd9-b212-d21739e646b9_2face0_566_311_299_395_00001.png,4,4,0 0 0 0
249f02e1-3e16-4500-9bac-adeb1aef3cc5_2face0_497_100_204_264_00010.png,4,3.888888888888889,0 0 0 0
562b3b78-06b2-4083-b34e-0e0ca81bac4b_2face0_693_542_247_333_00001.png,4,3.888888888888889,0 0 0 0
73ea7636-1812-4e65-ac16-3a4c41ce5fe8_602face0_488_877_203_249_00003.png,4,4,0 0 0 0
42f1e1d4-29f0-4ed9-b6ad-d1c5b1e2857f_2face0_264_301_422_47300001.png,4,4,0 0 0 0
746e27d5-cf7d-494c-bdea-a2596f41bed0_2face0_388_538_301_351_00001.png,4,3.947368421052632,0 0 0 0
7f09a616-3441-4562-8249-a42ba595720d_302face0_551_569_168_231_00001.png,4,4,0 0 0 0
7c830c1f-dc84-43d5-b41a-2e88a8fc0afd_2face0_516_124_275_347_00002.png,4,4,0 0 0 0
7b50a000-8ed3-45f1-a5f3-2800ab159c4a_2face0_509_413_211_284_00001.png,4,4,0 0 0 0
2a9cf42b-c386-442f-9e85-b373ac0a5679_602face0_423_239_257_338_00001.png,4,4,0 0 0 0
eac1ba4f-b175-4423-940d-a69f4d6731d3_302face0_319_128_481_671_00006.png,4,4,0 0 0 0
13ba094c-052c-4255-a3ed-5c284269a780_10000591face0_271_674_228_299_00001.png,4,3.947368421052632,0 0 0 0
6fcca083-e24e-4f9f-9ab0-18a25d06939f_2face0_320_557_259_29900010.png,4,4,0 0 0 0
eb7e3b4d-2a57-4744-b769-c531ec971ae0_2face0_432_66_229_316_00001.png,4,4,0 0 0 0
24309041-b942-4bb5-b5c0-f30a778d5896_2face0_736_241_247_342_00006.png,4,4,0 0 0 0
5497f601-2876-4084-83f5-ca8a1be9e168_2face0_533_464_233_307_00001.png,4,4,0 0 0 0
0b256c46-5688-4237-8c0b-41c55ffcdc41_2face0_550_348_351_484_00005.png,4,4,0 0 0 0
867f7b89-6edd-4373-a436-45d6a3b6c71e_2face0_528_394_302_408_00001.png,4,4,0 0 0 0
1b1031a5-059c-44cc-917f-fe9a0ee8dd83_2face0_336_823_261_25200001.png,4,4,0 0 0 0
c1218783-d048-4afa-a228-7abec591d654_302face0_308_444_226_312_00001.png,4,3.947368421052632,0 0 0 0
1962328d-d5ad-4643-85fc-92ea559b06f8_10001581face0_448_478_263_362_00001.png,4,4,0 0 0 0
483a28dc-c670-4bb3-a3f4-01d8d960dadd_2face0_434_214_301_390_00001.png,4,4,0 0 0 0
3569b52e-9f9f-4aeb-8a93-8b0d89c379a0_2face0_273_94_320_431_00003.png,4,4,0 0 0 0
011d2d88-be14-41a6-9dde-31a855b57ed0_1801face0_287_712_254_336_00001.png,4,4,0 0 0 0
675e7c2a-b1fb-41cf-bab5-1f278b2ee366_2face0_324_502_211_288_00001.png,4,3.947368421052632,0 0 0 0
c3bf72b7-50d4-4996-9493-403112f48e2d_2face0_381_185_244_333_00002.png,4,4,0 0 0 0
5db9d55e-6ae8-41f2-ae1e-51ede623e1cd_10000297face0_142_353_176_238_00004.png,4,3.947368421052632,0 0 0 0
13abcf6b-5e29-4272-b8cc-8b11a1beff92_10000001face0_402_607_407_545_00001.png,4,3.947368421052632,0 0 0 0
69e33503-7bc7-4d53-88cc-8c5a861d3e6c_2face0_364_165_421_584_00001.png,4,4,0 0 0 0
48ba3155-ae1b-447b-820e-de7ce75e539b_2face0_377_370_505_728_00001.png,4,4,0 0 0 0
d9c506b7-692a-484d-ba35-60dc181beab7_2face0_561_384_214_290_00002.png,4,4,0 0 0 0
eabbf4cf-fc7e-4ab8-a885-de4a03777b9d_2face0_301_487_323_442_00002.png,4,4,0 0 0 0
8ca5fc11-e1ca-424e-b69a-23ae3f3ef467_2face0_280_473_460_595_00001.png,4,4,0 0 0 0
a30bfc43-0056-41b3-a0e0-d329533a25f4_10000298face0_383_610_261_327_00001.png,4,4,0 0 0 0
1a818a89-c8ae-4354-8f3c-d2c2b39bce9a_2face0_384_551_160_16200001.png,4,4,0 0 0 0
0c582a98-89e1-4239-abdb-8a3cbbe0cc0a_2face0_366_405_312_405_00001.png,4,4,0 0 0 0
6443bba1-b7bb-4c3e-a37e-00a888fceee6_602face0_253_419_266_360_00001.png,4,4,0 0 0 0
f94a3116-8611-4754-9023-86a1503f9842_2face0_241_267_452_601_00011.png,4,4,0 0 0 0
3064f2dc-29c7-4aac-afee-b77431447d67_2face0_478_228_254_357_00008.png,4,4,0 0 0 0
0a182c63-aab3-47d5-a9ab-f473e1e7d099_602face0_227_130_270_373_00001.png,4,4,0 0 0 0
1d4a611f-0969-4787-9fb0-8a7270c7d64a_2face0_300_628_189_247_00002.png,4,4,0 0 0 0
0efc3f80-7cc6-40f4-93a4-5e5134d02018_2face0_280_603_345_445_00001.png,4,4,0 0 0 0
23ccd242-4f13-4f63-91f8-63ba41c046ee_2face0_458_698_184_242_00001.png,4,4,0 0 0 0
6e879c3c-5a8e-4d05-9fb4-cfac62c9b74a_602face0_101_371_503_690_00006.png,4,4,0 0 0 0
2108e573-6868-4a75-b77f-0d6a87f0c384_1810face0_497_579_264_333_00001.png,4,3.888888888888889,0 0 0 0
ae2b1e5a-a860-462a-8973-bf19e09d587f_1801face0_294_460_382_473_00001.png,4,4,0 0 0 0
b5c59596-79fa-4dc6-9d8a-c7d805cb10e3_302face0_304_357_505_715_00002.png,4,3.947368421052632,0 0 0 0
49e8dd93-3f9c-4fd0-b101-6d3aafbf24f9_2face0_444_563_172_222_00001.png,4,4,0 0 0 0
1a41c77f-dfaa-4e14-bce7-3d5d8faa635e_602face0_455_326_145_15200001.png,4,4,0 0 0 0
162eb046-d0d0-48c6-8016-6d6673d7a9ee_2face0_458_438_436_555_00003.png,4,4,0 0 0 0
d5b25d20-cdc7-42d0-8387-d900359bf495_2face0_329_307_134_14000004.png,4,4,0 0 0 0
a26b23fd-096c-4f22-8eac-4c0e543c50b7_2face0_396_483_319_427_00001.png,4,4,0 0 0 0
5fed153b-56a2-4917-8d57-973fc5b37479_2face0_416_370_302_405_00001.png,4,4,0 0 0 0
4dd3e245-490d-4b28-8060-7134314be8cc_2face0_376_352_317_397_00001.png,4,4,0 0 0 0
158e8b15-1f9f-4483-ae06-47d202f89ee7_3302face0_454_52_263_351_00002.png,4,4,0 0 0 0
a6c55cd2-6a31-4ab2-b0b1-eb2a8e87c1cd_10000666face0_360_783_264_333_00005.png,4,4,0 0 0 0
ed7ab2a2-fef2-4bdb-a258-6e621a34b675_302face0_524_401_173_249_00001.png,4,4,0 0 0 0
91b7415e-3dbd-49ad-8ece-000a8730216a_2face0_385_546_242_318_00012.png,4.05,4.05,0 0 0 0
a21dcedf-eed7-4f98-8756-4cd2e590d662_2face0_365_522_275_362_00004.png,4.05,4.05,0 0 0 0
613cadeb-24c6-4328-b7d0-4ace71e9e224_302face0_279_296_296_392_00001.png,4.05,4.105263157894737,0 0 0 0
4adea30f-dc50-4e2b-9edd-0862299a6ab1_2face0_452_441_205_281_00001.png,4.05,4.05,0 0 0 0
0cc2afaf-3c0a-45b6-8fa1-60dd4c22594b_2face0_522_527_165_220_00001.png,4.05,4.05,0 0 0 0
9b2c3672-1e07-4553-bd50-57b5d335a487_2face0_547_170_196_246_00001.png,4.05,4.05,0 0 0 0
61f26224-04d0-4fa3-ad08-1656cf00e4c6_2face0_511_188_175_225_00002.png,4.05,4.05,0 0 0 0
bb91c9de-7ab2-473d-b08c-a239e4b3458c_2face0_406_459_156_210_00001.png,4.05,4.05,0 0 0 0
dea38e25-d864-4111-8122-5015fdbbe10e_2face0_439_480_175_257_00002.png,4.05,4.05,0 0 0 0
ac219bc5-b9eb-45af-a5f5-a02c533c700b_2face0_417_646_220_24500001.png,4.05,4.05,0 0 0 0
51bdeacc-81de-4ab3-b64a-07c2a5eefc79_10001795face0_284_375_138_190_00001.png,4.05,4.05,0 0 0 0
4ff0ee39-b647-4769-973c-b834d45ee135_2face0_448_351_214_273_00001.png,4.05,4.05,0 0 0 0
f570d4d9-e863-4b01-a216-d4fec1fa1713_602face0_306_171_179_227_00003.png,4.05,4.05,0 0 0 0
b9333b74-977e-4ee5-8e9e-c17e749a9851_2face0_719_174_239_316_00004.png,4.05,4.105263157894737,0 0 0 0
25268537-a3f7-433c-b9c5-91bf7593e780_2face0_264_299_180_20000001.png,4.05,4.05,0 0 0 0
5c39aabd-11fd-409a-820f-1506a40c9bd4_1801face0_395_823_166_212_00001.png,4.05,4.05,0 0 0 0
e3ee3f1c-78af-4a0e-8fbc-7f12e35a63c4_302face0_278_472_187_238_00001.png,4.05,4.05,0 0 0 0
56052af2-9e79-4e32-aaea-049f1ce2478f_2face0_619_928_229_283_00004.png,4.05,4.05,0 0 0 0
c1d05e97-fd5c-48a9-a1e8-56b1f5e8a85d_302face0_275_515_142_194_00001.png,4.05,4.05,0 0 0 0
36891195-1c7d-4598-a511-d92676b8558d_2face0_483_532_215_281_00001.png,4.05,4.05,0 0 0 0
38367b4f-eb98-4a80-b1bb-6cc09b45c117_2face0_365_346_276_29700001.png,4.05,4.05,0 0 0 0
ea65b727-9429-4ef4-b16e-f123e5436873_302face0_619_308_193_262_00002.png,4.05,4.05,0 0 0 0
f203fbc3-4ac1-49a1-8506-e07a6d8cc7b9_2face0_488_228_368_469_00001.png,4.05,4.05,0 0 0 0
acf0324b-1c6f-418a-b6ec-9b92b561c282_1801face0_569_566_142_192_00002.png,4.05,4.05,0 0 0 0
8f8e47d3-a56b-4125-88ae-5404d80f37ab_902face0_543_516_173_223_00001.png,4.05,4.05,0 0 0 0
47414ba5-46f2-4733-b5d0-0d09f2b36792_302face0_452_572_142_183_00001.png,4.05,4.105263157894737,0 0 0 0
2a453d4a-2c77-4bed-b1e5-fe3573d474f3_2face0_579_196_432_560_00004.png,4.05,4.05,0 0 0 0
223a8aa0-c071-4629-a575-b14cf90dc5f4_1784face0_465_632_207_284_00001.png,4.05,4.05,0 0 0 0
18291511-b9ef-4cb2-a7f1-07a29c560df1_10000885face0_556_490_341_447_00004.png,4.05,4.05,0 0 0 0
d3b7a446-36c3-4453-b13f-eeec52e1b5d6_2face0_532_546_193_21800001.png,4.05,4.05,0 0 0 0
688dbed1-8222-4bb2-97ef-0568b25c3b5e_2face0_252_205_324_431_00001.png,4.05,4.05,0 0 0 0
73a20681-ba67-420a-b41c-e9fe82bb8d00_10000379face0_255_203_623_849_00001.png,4.05,4.05,0 0 0 0
e5f44efe-2633-4995-8b61-d7f4a69cd048_10001791face0_177_613_300_31500010.png,4.05,4.05,0 0 0 0
c9fec7bd-6e3a-4587-896e-be110c1d50be_2face0_304_78_324_464_00005.png,4.05,4.05,0 0 0 0
da592f77-47de-4421-89b4-78e1a05f995e_2face0_435_590_277_358_00002.png,4.05,4.05,0 0 0 0
257ef6db-904b-4aaf-8ea8-9eb2a80d9033_1801face0_416_561_251_344_00005.png,4.05,4.05,0 0 0 0
c1919271-8d18-40c8-ba7b-6d36bbb0ef3d_1801face0_400_502_243_331_00001.png,4.05,4.05,0 0 0 0
a460dc60-61d4-4c2a-afdd-5993b1f696de_1797face0_386_448_275_362_00001.png,4.05,4.05,0 0 0 0
4d30a273-b3d8-48d8-9092-9f103596d003_2face0_477_324_240_297_00003.png,4.05,4.05,0 0 0 0
0791c3c4-8414-4ebe-9fdc-62f8f9751a2d_302face0_332_370_390_588_00001.png,4.05,4.05,0 0 0 0
c04111f1-5c31-43db-b67f-7cd635c4a38b_1789face0_393_699_310_423_00001.png,4.05,4.05,0 0 0 0
64720730-f2bd-4fd4-929d-67d9cd3a5ab0_1777face0_381_612_224_288_00004.png,4.05,4.05,0 0 0 0
57eea1db-c2ce-4c9d-95ad-a89c10112b4a_2face0_214_193_225_303_00001.png,4.05,4.05,0 0 0 0
2984bf9d-5e6f-4621-9784-945a73a0b01e_2face0_253_190_404_590_00004.png,4.05,4.05,0 0 0 0
b9e21a8c-3849-4768-acbf-10a0f49e271d_302face0_456_589_196_21900001.png,4.05,4.05,0 0 0 0
156e13db-2f9e-496c-bc79-5c83e329417f_2face0_298_385_397_534_00001.png,4.05,4.05,0 0 0 0
74c4376f-6c11-400b-b8ae-05ffc6541dd4_2face0_402_481_268_342_00001.png,4.05,4.05,0 0 0 0
20d05bbd-3420-4916-8e95-7fc28e695ed3_2face0_383_468_248_26200001.png,4.05,4.05,0 0 0 0
93a9d34d-ba02-4bc7-b3a9-c0b3222ad956_2face0_376_730_350_486_00001.png,4.05,4.05,0 0 0 0
301ab84f-dbf5-4bb5-b113-883954b4d3c4_1789face0_305_580_303_390_00001.png,4.05,4.05,0 0 0 0
c4fec637-88fa-49f7-9dcf-4063f0c6edf3_2face0_266_244_589_66900001.png,4.05,4.05,0 0 0 0
dd24e611-8c10-45d1-9d04-61b1c44c71cf_2face0_514_546_193_20600006.png,4.05,4.05,0 0 0 0
212dadb5-2ce4-4edc-8a70-f75dbe74667d_302face0_393_489_134_181_00010.png,4.05,4.05,0 0 0 0
b83e1f6b-d746-48f1-b5b5-0522ad48a362_2face0_654_372_172_227_00001.png,4.05,4.105263157894737,0 0 0 0
569aa00c-4dd7-4bbd-9e64-32b4aad481f4_2face0_551_278_173_234_00003.png,4.05,4.05,0 0 0 0
1ef32e98-178c-4e46-8d03-5d9c77edd7a2_2face0_722_1147_200_262_00003.png,4.05,4.05,0 0 0 0
8dc0134b-a9a4-499c-855c-afb982ce1d2f_2face0_491_828_140_172_00001.png,4.05,4.05,0 0 0 0
527b2911-c165-40de-967d-8553c41b9686_1801face0_467_634_288_377_00001.png,4.05,4.05,0 0 0 0
d23b7c70-ba7d-4a8f-bfb7-5b3a93f21eb4_10002453face0_313_649_267_357_00001.png,4.05,4.05,0 0 0 0
c7b7c7a7-651d-4e92-9ed4-5a722cad9931_2face0_165_317_645_895_00002.png,4.05,4.05,0 0 0 0
8bed01e8-532a-4636-965e-0fe3aede74b5_10000269face0_467_415_393_516_00002.png,4.05,4.05,0 0 0 0
7ecafc48-122f-44c6-9a7b-6fb7831c66a4_2face0_401_190_406_556_00009.png,4.05,4.05,0 0 0 0
f510325b-3aa7-434f-b43f-f59e26ee797f_602face0_413_181_204_271_00001.png,4.05,4.05,0 0 0 0
ce8517a1-d306-421d-a6da-3b821b5d06d2_2face0_279_403_467_597_00001.png,4.05,4.05,0 0 0 0
93ab4fb8-ada8-447e-b982-08959c5139a5_302face0_372_172_295_408_00001.png,4.05,4.105263157894737,0 0 0 0
aba12d7b-2c0e-427a-8ad4-d1d39c7f4312_2face0_292_245_247_331_00001.png,4.05,4.05,0 0 0 0
62473cad-ba24-44e1-8042-867d9def8421_2face0_460_401_376_530_00001.png,4.05,4.05,0 0 0 0
fe0c8829-0186-44eb-a449-771e8658aa95_302face0_439_473_212_279_00001.png,4.05,4.05,0 0 0 0
f9cd69e8-afa0-466c-aab0-6c116f16e4d0_10000001face0_451_361_340_442_00002.png,4.05,4.05,0 0 0 0
8fb9277d-6917-4f80-804a-9c2ec76a15c0_302face0_196_226_194_251_00001.png,4.05,4.05,0 0 0 0
93dd0ac9-a2a2-4163-9013-e71186758514_302face0_415_733_201_23200002.png,4.05,4.05,0 0 0 0
bdeef52c-350a-41df-8254-2753c237e119_2face0_513_144_268_362_00001.png,4.05,4.05,0 0 0 0
6b54ce69-baf7-4e22-89a7-a1d1eee4b0df_1801face0_424_643_189_229_00001.png,4.05,4.05,0 0 0 0
1a4a58c0-b523-4116-990b-e7d9435d2060_2face0_370_641_211_305_00001.png,4.05,4.05,0 0 0 0
19c77c32-07c0-403d-87e2-3337560c810f_1801face0_163_265_312_412_00005.png,4.05,4.05,0 0 0 0
526341c3-6f7e-412f-973d-ba5c01ac0079_1202face0_529_99_230_307_00006.png,4.05,4.05,0 0 0 0
142830fe-100c-46b2-9574-43ee9e7156ec_302face0_334_627_210_288_00005.png,4.05,4.05,0 0 0 0
85dfd7bb-505a-49a5-a1f6-28976e1ee8b9_302face0_522_344_253_336_00008.png,4.05,4.05,0 0 0 0
55fcb969-7083-4e23-b050-7d96e6c89810_2face0_410_250_203_246_00011.png,4.05,4.105263157894737,0 0 0 0
a81442dc-8443-499a-86c6-48f4561303a3_10000589face0_429_338_334_447_00001.png,4.05,4.05,0 0 0 0
04af4c2a-c60c-4ffd-b8b2-aef5571c8057_2face0_604_296_232_301_00012.png,4.05,4.05,0 0 0 0
a823edda-49ae-43d2-9aa1-3c978f51a1c6_2face0_424_707_214_292_00004.png,4.05,4.05,0 0 0 0
0ff94c75-2c53-4b46-9c06-fe7ecde087a7_1802face0_442_368_204_260_00001.png,4.05,4.05,0 0 0 0
1905f880-b6a0-4e9a-a19a-ce473aea8c02_2face0_386_324_401_560_00001.png,4.05,4.05,0 0 0 0
3c09a2bc-1945-4286-9f23-19f4bb1a8e65_2face0_377_385_201_277_00006.png,4.05,4.05,0 0 0 0
8d9ad0d9-3534-41a6-8b17-12dfcf29ae16_1801face0_579_359_235_318_00001.png,4.05,4.05,0 0 0 0
93ede8d8-393e-4457-88a8-a8f62ba8f5b4_10002745face0_151_374_336_462_00001.png,4.05,4.05,0 0 0 0
01ea17cb-ed41-4f98-8268-4170fef9faa1_2face0_414_314_264_31900002.png,4.05,4.05,0 0 0 0
a258823a-271c-4ea5-96d3-c36c96cb1488_2face0_295_707_496_53600001.png,4.05,4.05,0 0 0 0
c603d1c2-7f64-4b62-9c35-aae8e1d4bf17_2face0_461_690_212_277_00001.png,4.05,4.05,0 0 0 0
df2c4afb-f7f1-4352-bb09-9a0ca5726508_1582face0_355_677_327_425_00001.png,4.05,4.05,0 0 0 0
3f121c9e-183d-401e-a339-04face40b9fd_2face0_641_341_205_249_00002.png,4.05,4.05,0 0 0 0
2082228f-80cc-4292-a7fc-0ba6c6f846f8_2face0_502_459_145_201_00010.png,4.05,4.05,0 0 0 0
b25f4157-f52b-4ee9-9068-b73328f84a70_2face0_537_190_232_24700001.png,4.05,4.05,0 0 0 0
2c2ae8e9-31cb-40ba-8634-bda845c839b1_2101face0_460_543_127_188_00001.png,4.05,4.05,0 0 0 0
1d32d0d9-619a-4053-817f-bb8940755cc8_2face0_374_334_130_181_00001.png,4.05,4.05,0 0 0 0
0980bb14-9bd5-48fc-a5bf-b3a10f28a575_1801face0_416_678_210_275_00001.png,4.05,4.05,0 0 0 0
e9bc55af-80c3-4b40-9b3b-ded854536554_12face0_323_202_503_666_00001.png,4.05,4.05,0 0 0 0
0e430259-452d-4a96-9e99-31f074736c76_2face0_123_523_894_92300001.png,4.05,4.05,0 0 0 0
e1d42ea1-ff08-4c86-9a12-eecd3aeb0864_2face0_492_335_259_323_00001.png,4.05,4.05,0 0 0 0
a75e65cc-0e78-4fa2-af20-6d2c8282d4ef_2face0_398_307_237_329_00002.png,4.05,4.05,0 0 0 0
1d960386-97e4-42ee-a707-96b598daa889_2face0_254_182_251_344_00002.png,4.05,4.05,0 0 0 0
4e9b3f8d-6cea-4545-a579-9b9342641026_10002741face0_81_755_387_506_00001.png,4.05,4.05,0 0 0 0
88536aff-5ae4-4df2-9cd6-7c46112840aa_2face0_562_588_137_175_00001.png,4.05,4.05,0 0 0 0
de2fb91e-1ce1-435c-9a23-79e9e6be3299_302face0_246_456_189_20600009.png,4.05,4.05,0 0 0 0
00d40032-3877-4ddb-984f-72e4be61f446_2face0_357_424_194_262_00001.png,4.05,4.05,0 0 0 0
ebd82d73-0c84-44c1-bf39-928d521a6b78_2face0_410_712_218_266_00001.png,4.05,4.05,0 0 0 0
f7774597-65e5-493b-8941-454f953140e4_2face0_411_422_222_296_00001.png,4.05,4.05,0 0 0 0
9514df5d-8de0-4385-bb6d-a7f91b4dda66_2face1_382_322_315_416_00004.png,4.05,4.05,0 0 0 0
e5a40dbc-099e-4bf2-a566-f6e73bfc6bef_2face0_292_520_448_569_00005.png,4.05,4.05,0 0 0 0
e6e85088-74b9-4cf2-9e94-775f6acbd7f3_2face0_558_263_448_649_00004.png,4.05,4.05,0 0 0 0
16d80296-0928-414f-92e3-c27cf3eb2849_10002221face0_432_678_237_320_00001.png,4.05,4.05,0 0 0 0
00e0ed68-eefd-4ae1-b612-835a785091e5_2face0_327_456_493_51400001.png,4.05,4.05,0 0 0 0
6fb3babb-406d-41d9-ab3a-1a96092d646d_2face0_393_647_393_38300004.png,4.05,4.05,0 0 0 0
7eb9b8f2-5c8a-4a0b-8d39-b2008bffe5cb_2face0_419_649_173_247_00001.png,4.05,4.05,0 0 0 0
cdfb1a3c-247d-4f6f-83d0-8d81b2686a96_2face0_412_370_264_353_00006.png,4.05,4.05,0 0 0 0
6e33e9bf-cc5d-4a5d-bf7c-55104e9e8f54_1582face0_416_564_253_327_00001.png,4.05,4.05,0 0 0 0
4e72873d-d400-4233-b93b-f76bbc87c1f2_1726face0_407_551_235_296_00001.png,4.05,4.105263157894737,0 0 0 0
300007f8-6fed-46db-81f9-b1f9d6bc4af7_2095face0_408_694_219_292_00001.png,4.05,4.05,0 0 0 0
ee94a947-b9f3-4c77-a366-d0530d5e50fd_1802face0_263_384_221_303_00001.png,4.05,4.05,0 0 0 0
b804038a-8f68-4775-bb8b-c648c6bcd7e3_2face0_507_826_128_168_00002.png,4.05,4.05,0 0 0 0
7fc9187d-b359-4a3d-b4a9-72f86955354c_302face0_347_327_151_16100001.png,4.05,4.05,0 0 0 0
05a8b77a-b8c9-464c-bfa3-0fca33c3b9c7_2face0_281_760_193_255_00011.png,4.05,4.05,0 0 0 0
5dc2a12e-e5b3-406a-b980-f0f0a7e6ea4b_2face0_436_234_205_281_00007.png,4.05,4.05,0 0 0 0
9c8a053d-0e94-4406-957d-5885caacfbb6_1789face0_359_518_337_451_00001.png,4.05,4.05,0 0 0 0
75b85755-d173-4470-9f17-0afa0a9af1fa_2face0_472_788_144_194_00001.png,4.05,4.05,0 0 0 0
783187c8-e94c-44d2-8d47-fa69ddf1d9a2_902face0_410_348_192_21100001.png,4.05,4.05,0 0 0 0
4123e04c-36c7-4f4f-a3aa-441f85ab4f59_1801face0_551_612_194_260_00004.png,4.05,4.05,0 0 0 0
dc6ea4de-42ed-40a6-8189-244a9e8503ba_1801face0_316_267_218_284_00001.png,4.05,4.05,0 0 0 0
b9a20029-8836-49a8-b4e6-717f58735e67_302face0_380_601_147_196_00001.png,4.05,4.05,0 0 0 0
b931fbd4-ea47-4201-b8e8-1092be37e9a1_2face0_470_604_260_347_00001.png,4.05,4.05,0 0 0 0
9b5df60c-324f-477d-a6aa-1c61bf273e37_2face0_224_196_296_392_00001.png,4.05,4.05,0 0 0 0
9c10b105-c5a9-49e6-a09d-63b8a55fd8c1_2face0_323_116_357_497_00001.png,4.05,4.05,0 0 0 0
5da779a6-7fd0-4d97-9286-5cc59243c7cd_602face0_126_311_666_836_00008.png,4.05,4.05,0 0 0 0
340e80a0-0372-40bc-97dd-8e174936dce8_2face0_353_520_301_421_00002.png,4.05,4.105263157894737,0 0 0 0
5726ba2a-91b6-4617-945b-48c88560e841_2face0_394_595_268_344_00003.png,4.05,4.105263157894737,0 0 0 0
a079c194-ca56-45e9-8e43-b1d9d94f1dc4_2101face0_415_945_127_166_00001.png,4.05,4.05,0 0 0 0
568ede51-da9a-4fae-840f-b75d0cae0e95_2face0_445_325_230_305_00001.png,4.05,4.05,0 0 0 0
0468b5d0-b111-43ff-994c-e92d5f806eec_2face0_422_134_333_432_00002.png,4.05,4.05,0 0 0 0
287cdc04-3462-48ee-9262-1577bef1d223_2face0_513_694_151_197_00004.png,4.05,4.05,0 0 0 0
d33e3ec8-ebfc-47f2-ad46-c3643950e052_2face0_339_485_205_283_00001.png,4.05,4.05,0 0 0 0
7e67258e-9a7d-40da-90f5-539ab2667b8d_2face0_582_304_268_412_00001.png,4.05,4.05,0 0 0 0
1e900850-c7c6-4b07-b478-ce5929d2a4bf_3601face0_455_301_317_434_00001.png,4.05,4.05,0 0 0 0
12a256b0-81cc-4bbc-b16f-3cc394d50524_10002250face0_273_860_232_290_00001.png,4.05,4.05,0 0 0 0
f1102b51-876b-48ea-98b4-d1da6570b3c4_1801face0_298_501_358_40400001.png,4.05,4.05,0 0 0 0
83a19215-94ca-47a5-b384-42e2f1195325_2face0_612_572_302_386_00003.png,4.05,4.05,0 0 0 0
27671e9c-5675-4fa7-8161-e1f9a5b3c43f_2face0_488_616_177_229_00002.png,4.05,4.05,0 0 0 0
166e5c9f-f4f0-4773-a2fa-4557726d0abc_1796face0_362_626_249_333_00001.png,4.05,4.05,0 0 0 0
bae0c19a-126d-4351-b846-d7be081bbea0_2face0_300_455_141_179_00001.png,4.05,4.05,0 0 0 0
a3d29f50-8386-4d38-a3ba-6142def946f0_2face0_432_744_179_234_00001.png,4.05,4.05,0 0 0 0
b7955960-9c8c-47da-9c94-735d32e35352_2face0_407_159_204_273_00001.png,4.05,4.05,0 0 0 0
b7963029-94ae-41bf-8450-437b868e391d_1801face0_458_479_226_297_00001.png,4.05,4.05,0 0 0 0
5f64d907-5d4d-4e96-90fd-e8c99b9f8c55_1795face0_454_433_253_331_00002.png,4.05,4.105263157894737,0 0 0 0
95cbe8e7-2817-4eeb-b12a-09469f032f97_2face0_679_142_327_427_00002.png,4.05,4.105263157894737,0 0 0 0
6864bde8-d521-49c9-9bf7-7a64ae167ad0_2face0_442_345_184_249_00001.png,4.05,4.05,0 0 0 0
2c42052f-badf-41d4-8608-e9b7e50df18a_2face0_215_330_341_444_00001.png,4.05,4.105263157894737,0 0 0 0
c1a0ca7e-4e0e-4e7b-a1aa-7ce1ad096c06_2face0_432_295_210_288_00002.png,4.05,4.05,0 0 0 0
787e1fab-b046-4d49-875b-2005f6d3fe9a_2face0_198_749_195_20100001.png,4.05,4.05,0 0 0 0
f838cbdc-8ce6-4d62-b637-3524aa42e897_302face0_560_692_131_172_00001.png,4.05,4.05,0 0 0 0
594c3ddd-656f-42f6-b34d-0000ddbb1e60_1801face0_427_534_316_418_00001.png,4.05,4.05,0 0 0 0
d121a762-d1a1-4774-8102-9182156aba7a_2face0_433_89_282_382_00012.png,4.05,4.05,0 0 0 0
b61a3b44-57c9-45af-9b4f-343d590aedde_2face0_588_291_270_340_00001.png,4.05,4.05,0 0 0 0
d5ebffb8-8890-4773-a71e-e27e95b9a1c9_2face0_382_453_189_249_00003.png,4.05,4.05,0 0 0 0
ef11ac35-69bf-4cb8-9445-1d97f23035a1_2face0_228_337_343_38400001.png,4.05,4.05,0 0 0 0
d4d70607-9340-4edd-b420-a6b929572521_2face0_359_324_310_403_00001.png,4.05,4.05,0 0 0 0
a18e4e85-9c6d-4881-91fc-c6d9131cdab5_2face0_478_378_179_236_00001.png,4.05,4.105263157894737,0 0 0 0
4566ee13-059c-445d-a2c5-a992fd0774fb_10000227face0_497_842_281_344_00001.png,4.05,4.05,0 0 0 0
9eac5f2f-aba0-47ef-828d-038596b69257_2face0_823_694_196_249_00005.png,4.05,4.05,0 0 0 0
862a1677-1427-4289-8a44-15e6b274c100_2face0_241_255_280_403_00001.png,4.05,4.05,0 0 0 0
40477e5e-64bc-425d-b324-aefb2b857bac_2face0_466_745_135_175_00010.png,4.05,4.05,0 0 0 0
90b4fbc4-77df-49ec-a2ae-aa666503f327_2104face0_374_604_251_344_00001.png,4.05,4.05,0 0 0 0
4f0dcfdc-242a-4ee3-a959-d017f52b4b3d_302face0_308_343_214_288_00001.png,4.05,4.05,0 0 0 0
b46cef3a-1bc2-48fd-80c7-726d2dfad8af_302face0_448_581_207_266_00004.png,4.05,4.05,0 0 0 0
da5cf033-080a-4b5e-acb6-e613fc030d3d_1801face0_410_575_194_253_00001.png,4.05,4.05,0 0 0 0
c2c866df-9e80-44a8-8351-3e554ec931df_2face0_261_221_235_310_00001.png,4.05,4.05,0 0 0 0
f4f06107-6be3-4737-8b34-bb733545abc7_2face0_637_662_179_238_00001.png,4.05,4.05,0 0 0 0
d0904f26-7cd6-4219-a2b5-d9790fe999dc_2face0_527_565_175_233_00002.png,4.05,4.166666666666667,0 0 0 0
2468e4af-f7b5-4a83-8b33-8a8cc311bff0_302face0_618_770_169_236_00008.png,4.05,4.05,0 0 0 0
73c7bca1-599a-41d2-9840-f7446a46639f_10001798face0_507_509_436_586_00001.png,4.05,4.05,0 0 0 0
40b73ab4-b3fc-4b5a-978c-6011236cb2c9_2face0_396_418_180_246_00002.png,4.05,4.05,0 0 0 0
16f406c0-707d-408c-ba1a-79daae6e0a31_2face0_401_510_217_286_00001.png,4.05,4.05,0 0 0 0
7c07ed0a-8e37-4b0a-8878-0408d62a16d0_2face0_414_118_331_414_00001.png,4.05,4.05,0 0 0 0
6d6ca9d3-6324-4796-8f79-929ab349f6fe_1202face0_161_470_628_795_00007.png,4.05,4.05,0 0 0 0
b4e9af54-838e-4d64-aab7-678b69caaddd_2face0_343_179_230_297_00004.png,4.05,4.05,0 0 0 0
4cda383b-32cd-4861-8a3e-d2e23bbbd372_2face0_466_80_411_588_00001.png,4.05,4.05,0 0 0 0
7a6f8f92-3775-4907-9637-eb8d0cbbdfb0_1801face0_394_627_301_382_00001.png,4.05,4.05,0 0 0 0
7daefd9d-bfdb-4d62-bc6b-d5ffd7dfef8a_302face0_485_385_169_229_00003.png,4.05,4.05,0 0 0 0
816ce1cf-4b67-4b9e-8398-d9ad15d362a3_10000295face0_447_416_236_321_00001.png,4.05,4.05,0 0 0 0
42a3b5ac-f694-4546-9934-e1d5d3a89152_302face0_227_449_177_244_00001.png,4.05,4.05,0 0 0 0
8332b7f3-8bf9-4297-a512-3f570b7d70d2_2face0_325_516_362_479_00001.png,4.05,4.05,0 0 0 0
6fec486b-0351-49db-8b91-6e3606be925e_2face0_191_751_212_22800001.png,4.05,4.05,0 0 0 0
13082735-44d2-45b6-b242-f9feb99c3f3e_10000901face0_426_665_267_355_00004.png,4.05,4.05,0 0 0 0
ab25c0c8-aab8-4764-81d7-890b117c95be_2face0_350_493_260_327_00001.png,4.05,4.05,0 0 0 0
bfc40fee-9cfe-4e57-b344-cdb60d97c9b7_2face0_390_547_488_693_00001.png,4.05,4.05,0 0 0 0
b5bde47a-7c2a-4d9e-837b-355a3e3a2611_10000001face0_517_359_222_292_00001.png,4.05,4.05,0 0 0 0
58900d31-e093-42e6-a5be-d05a4ffc372f_302face0_410_340_176_233_00003.png,4.05,4.05,0 0 0 0
665c0bce-18c3-441b-bb34-90f1d79c2649_302face0_429_647_250_336_00009.png,4.05,4.05,0 0 0 0
767fb246-aa2e-47e7-b93d-1199fe636378_2face0_450_573_219_296_00001.png,4.05,4.05,0 0 0 0
ed68e143-876d-4c4b-aef2-cf1ed58cc2b1_10000299face0_595_525_155_218_00001.png,4.05,4.05,0 0 0 0
cb1f30c2-c78e-4f85-b775-1066ec631ad1_2face0_386_769_368_40100006.png,4.05,4.05,0 0 0 0
87fa2888-8c49-4be3-95a8-7b92c81a9946_1791face0_431_568_189_257_00003.png,4.05,4.05,0 0 0 0
aa2bbf73-e69f-40a4-be9a-c9b1ec9c8b89_302face0_236_262_270_29200001.png,4.05,4.05,0 0 0 0
d3be1593-97c3-4cd6-b597-2a0f3b4e2e4a_10000297face0_599_1091_224_288_00001.png,4.05,4.05,0 0 0 0
18e0824b-2580-4534-8268-a0a852ffd0f3_2face0_495_351_162_196_00001.png,4.05,4.105263157894737,0 0 0 0
efbd64c6-3a67-4fb4-bfce-c84de853b2f7_2face0_576_725_190_236_00007.png,4.05,4.05,0 0 0 0
e11fbca9-7ce3-4eb9-b420-2c462525990a_2face0_335_137_289_399_00005.png,4.05,4.05,0 0 0 0
f1caa1cc-9c5c-4cd5-a675-414e28454e53_2face0_353_335_320_447_00001.png,4.05,4.05,0 0 0 0
a5769106-d407-42cb-9cb3-a39ef0873942_2face0_479_156_194_259_00001.png,4.05,4.05,0 0 0 0
65473a8f-6c46-4b28-959c-4cc7ad8da6f0_2face0_360_580_155_199_00001.png,4.05,4.105263157894737,0 0 0 0
b7653707-ce3b-43b0-ba78-6ec4387a9bac_1786face0_468_623_198_259_00001.png,4.05,4.05,0 0 0 0
494ef04f-80e4-4892-8a67-a79e52a932d0_1801face0_638_329_344_493_00002.png,4.05,4.05,0 0 0 0
389e01b7-464e-4988-8972-02c43d2e7c38_2face0_458_614_205_268_00002.png,4.05,4.105263157894737,0 0 0 0
29d32e0f-2f88-4484-a106-915f6092432c_902face0_517_277_200_283_00001.png,4.05,4.05,0 0 0 0
8b6b1898-260b-4d73-a2ca-fdb793a7cf25_1875face0_413_489_319_412_00001.png,4.05,4.05,0 0 0 0
925e8e76-d00e-4174-bb90-798c240ada29_2face0_456_125_310_440_00003.png,4.05,4.105263157894737,0 0 0 0
3c9ccdc5-ba3d-4063-b8ea-5a904371cbb9_2face0_383_751_390_497_00005.png,4.05,4.05,0 0 0 0
9e9fedad-67af-4c43-a2fd-bf56d51759e8_2face0_418_366_175_233_00001.png,4.05,4.05,0 0 0 0
1b137cbe-c000-4bd9-8594-c7f0890645c1_2face0_580_463_222_273_00003.png,4.05,4.05,0 0 0 0
1dd70c27-17b9-4403-8a13-92cb39eefd34_602face0_322_563_177_238_00001.png,4.05,4.05,0 0 0 0
f6dd96ff-443f-41f5-bbb0-6d01e2f38b18_1801face0_415_593_230_303_00001.png,4.05,4.05,0 0 0 0
5a96f73e-5375-46c8-9565-0c849296c70a_2face0_717_751_208_23400001.png,4.05,4.105263157894737,0 0 0 0
7719e8e3-9454-4b5c-8db6-127c673179d7_1801face0_522_380_163_223_00011.png,4.05,4.05,0 0 0 0
ee087552-4974-457f-8cee-da78fab2e471_2face0_392_555_189_255_00001.png,4.05,4.05,0 0 0 0
1a768330-83eb-4166-af6e-1e21439094c2_2face0_392_169_489_671_00010.png,4.05,4.05,0 0 0 0
c6b0ab6d-49c7-43d7-b2b0-dfe784f4a87b_302face0_269_638_532_651_00001.png,4.05,4.05,0 0 0 0
f8564f87-2e88-405e-9e5a-97da385ba778_2face0_753_704_166_225_00001.png,4.05,4.05,0 0 0 0
37ea0d53-8972-480a-b3dd-57d7aa7da7ff_2face0_526_901_191_275_00001.png,4.05,4.05,0 0 0 0
3aa4fa03-1873-4f42-80ee-9e4ee4ab8d3f_2face0_338_519_327_453_00001.png,4.05,4.105263157894737,0 0 0 0
d0339791-2967-4214-8c88-46f1873dc799_2face0_348_576_264_344_00001.png,4.05,4.05,0 0 0 0
0ec2ca84-d23a-48fb-8e30-b7bc85ad6c59_1800face0_528_466_285_355_00001.png,4.05,4.05,0 0 0 0
a7fd8370-8e28-412c-8c1c-1fcbea2eee4d_2face0_401_725_226_288_00002.png,4.05,4.05,0 0 0 0
e4808c96-66fc-4edb-b24f-a417de378879_2face0_396_425_210_264_00001.png,4.05,4.05,0 0 0 0
db907aa3-cd64-45ac-bc95-a0a9bd547ec1_2face0_424_367_242_308_00001.png,4.05,4.05,0 0 0 0
ce6a6a34-e827-4901-b45b-990a43617a4a_2face0_563_661_200_260_00002.png,4.05,4.105263157894737,0 0 0 0
6516c4cc-54e0-4161-aeee-b3cf896389c0_302face0_123_130_457_651_00002.png,4.05,4.05,0 0 0 0
fe61c0bc-3027-4dd7-9830-e8ec26165b55_302face0_295_146_281_366_00008.png,4.05,4.05,0 0 0 0
2aa29768-23fa-47bf-b5b1-e57dc4500f13_2face0_412_602_242_297_00001.png,4.05,4.05,0 0 0 0
9caf5473-371e-43f3-be73-9e7e140fe9c9_2101face0_616_980_165_209_00002.png,4.05,4.05,0 0 0 0
7fc70061-8759-4413-ab13-1d00c218affa_2401face0_104_251_344_475_00003.png,4.05,4.105263157894737,0 0 0 0
142998eb-7bba-43f1-8b5e-a98904f6a7c1_10001789face0_430_656_225_297_00001.png,4.05,4.05,0 0 0 0
ca9172ed-3236-405e-b334-5d1dd8b5e1cc_2face0_565_207_308_390_00001.png,4.05,4.05,0 0 0 0
5e1aca7c-d622-470d-b0dc-b669796a9678_2face0_252_391_562_680_00001.png,4.05,4.05,0 0 0 0
ea843551-3d1f-452d-890a-d796c37abc3e_2face0_605_443_222_275_00004.png,4.05,4.05,0 0 0 0
1f19e87e-f5f0-4915-8696-239eaf40b7b1_302face0_371_518_232_27000001.png,4.05,4.05,0 0 0 0
66378f7b-f865-4d96-b22b-fcd047e595f6_2face0_581_161_200_297_00008.png,4.05,4.05,0 0 0 0
f08d653a-40be-47ff-8e35-ebb115de9673_1800face0_444_587_203_273_00001.png,4.05,4.05,0 0 0 0
682836b6-9892-466b-80af-1e147b3f6301_2face0_596_424_236_316_00002.png,4.05,4.05,0 0 0 0
72fd21bc-47f5-469e-b3e1-db6c5aacd47d_2face0_313_302_229_296_00003.png,4.05,4.05,0 0 0 0
4f276009-7a9b-457e-8f26-c160892028de_10000291face0_469_698_226_307_00001.png,4.05,4.05,0 0 0 0
1e5f4487-bb89-4b9f-9d97-55988722e7ee_2face0_458_68_288_364_00003.png,4.05,4.05,0 0 0 0
845ec619-3913-4590-9000-db3e3ec36ee3_302face0_261_203_194_275_00001.png,4.05,4.105263157894737,0 0 0 0
03b97d42-d1c0-4404-918e-a4de0aefcf39_2face0_322_64_394_506_00004.png,4.05,4.05,0 0 0 0
9db6024c-e57a-4c68-b38d-6df5ab978a14_10000001face0_434_413_148_16900007.png,4.05,4.05,0 0 0 0
de50a058-13f2-4d31-802f-b7454b6b9a8d_1801face0_405_778_212_283_00001.png,4.05,4.05,0 0 0 0
78cb7a71-848d-4d69-beb2-54201a12a7c8_2face0_515_388_296_401_00003.png,4.05,4.05,0 0 0 0
bb2e9316-ace7-40d3-897f-35ab2f0fa152_2face0_326_317_207_23900001.png,4.05,4.05,0 0 0 0
03c1b2d5-5c28-4bdd-96c3-56b5a19d0510_2face0_303_373_331_444_00004.png,4.05,4.05,0 0 0 0
541f0dd7-95f8-4493-9bc9-790745076a9e_2face0_249_562_291_377_00001.png,4.05,4.05,0 0 0 0
13d7b0c2-9cd0-4018-88cc-578338db5a5c_2face0_486_785_208_20100001.png,4.05,4.05,0 0 0 0
1ed194cd-9fc6-4d38-92a9-457c7869b970_10000001face0_406_504_225_286_00007.png,4.05,4.05,0 0 0 0
0f54c00a-d2a3-4d90-bf59-1009daccad62_10001499face0_457_366_204_281_00001.png,4.05,4.05,0 0 0 0
bf2f437d-ec90-4088-a7fb-9eb0b6e5c526_2face0_488_577_145_190_00001.png,4.05,4.05,0 0 0 0
42404530-a7f1-4ea9-bb69-032ee602e26c_602face0_344_674_204_275_00001.png,4.05,4.05,0 0 0 0
c4ffacae-c057-4e4e-9ec8-f8119368a017_2face0_376_123_217_288_00001.png,4.05,4.05,0 0 0 0
bd8523cb-b21e-4831-a6af-cc3ffe4c5591_1801face0_369_354_278_392_00001.png,4.05,4.05,0 0 0 0
bffd4c5f-a222-42e6-9ade-761b496b56a3_10001621face0_200_653_205_262_00001.png,4.05,4.05,0 0 0 0
fc899363-9399-43c8-8ff0-74dae6b2bfdb_2face0_583_257_173_242_00002.png,4.05,4.05,0 0 0 0
0eb2afef-e29f-4514-b8aa-bfc5db998dfa_2face0_450_592_268_340_00002.png,4.05,4.05,0 0 0 0
e3565716-c551-4c01-8788-6feee5fb21cf_2face0_510_503_180_238_00001.png,4.05,4.105263157894737,0 0 0 0
0f0d1459-a4a1-4627-ab66-d74204d66470_1802face0_423_657_228_307_00001.png,4.05,4.3125,0 0 0 0
2c0b82ba-9028-4a44-8800-61a2a337019e_2face0_264_236_301_423_00002.png,4.05,4.05,0 0 0 0
33cd6fc6-6a90-4b83-abc0-a9dcc6d17dbe_2face0_585_612_197_266_00001.png,4.05,4.05,0 0 0 0
e98b5dd4-fcd0-40e6-a1bf-c24460d479a0_2face0_317_79_482_636_00004.png,4.05,4.105263157894737,0 0 0 0
17e513b3-753b-4d2b-b791-5f8886505af4_2face0_154_339_196_249_00001.png,4.05,4.05,0 0 0 0
e202969b-6544-4023-aa77-3e4cb8305616_2face0_416_101_287_381_00001.png,4.05,4.05,0 0 0 0
cf98a6e0-a020-4753-9a0a-8616081b80e1_302face0_433_627_345_38000001.png,4.05,4.05,0 0 0 0
d7ca1025-fcb4-4f41-a5a6-cff08b65043c_2face0_430_383_257_362_00002.png,4.05,4.05,0 0 0 0
da32bfb4-8047-4969-a2fe-87bafe833df5_2face0_329_205_211_297_00001.png,4.05,4.05,0 0 0 0
8ccf161d-d79b-4391-8028-470f8d64bc5f_1801face0_472_647_250_316_00001.png,4.05,4.05,0 0 0 0
f6b3787a-ad59-4746-a943-d6cce608263e_2face0_523_754_183_234_00001.png,4.05,4.05,0 0 0 0
499a0fe3-36d6-4331-b3ef-8096fc6b6fb4_2face0_319_577_487_599_00004.png,4.05,4.05,0 0 0 0
32b30c27-8e9b-4582-9345-d02d17942f17_302face0_411_546_186_249_00007.png,4.05,4.05,0 0 0 0
abb6af3d-83db-40cb-b8c9-9428c3b01fea_2face0_529_703_183_238_00001.png,4.05,4.05,0 0 0 0
1cb5580f-c09a-49e8-aa90-7cf1f82c382a_2face0_396_334_242_321_00009.png,4.05,4.05,0 0 0 0
53eb5198-74d8-4111-acbb-8d048c29f1c2_2face0_291_723_242_299_00002.png,4.05,4.05,0 0 0 0
968b9b4f-2b28-47e3-be13-3d9d0cbb3e68_2face0_255_245_310_429_00001.png,4.05,4.05,0 0 0 0
141f19b2-6377-4804-abb2-a40d3123c638_2face0_457_541_163_216_00001.png,4.05,4.05,0 0 0 0
328fa5b6-149d-4d50-9c9e-16820a0999a1_2face0_402_258_443_595_00003.png,4.05,4.05,0 0 0 0
21201b21-98c6-41a0-aad7-41810395d3d9_10001782face0_432_558_162_203_00007.png,4.05,4.05,0 0 0 0
78b7f26a-770d-4d01-88b1-68c167b7149b_2face0_200_450_243_331_00002.png,4.05,4.05,0 0 0 0
18dd4899-f89a-4c6c-a807-8754d804c7fb_2face0_617_73_336_425_00010.png,4.05,4.05,0 0 0 0
233752a0-2bf1-419f-805d-fc3d78415dff_302face0_312_128_251_355_00012.png,4.05,4.105263157894737,0 0 0 0
c74fd1e3-5580-42fb-9566-bf9c7762265c_302face0_191_479_330_36500001.png,4.05,4.05,0 0 0 0
5a0d889e-b0c2-41e1-87c4-49cdfaa45c06_2face0_353_86_413_540_00003.png,4.05,4.05,0 0 0 0
7b21a142-9438-4279-8a07-decdc6e35dc7_2face0_669_390_253_336_00001.png,4.05,4.05,0 0 0 0
9b7251cd-cd36-4aba-a3b6-ca78a67e5f73_2face0_233_206_244_325_00001.png,4.05,4.05,0 0 0 0
7dd5ed44-f338-43cc-9f4c-37fa4871853f_302face0_478_167_256_358_00005.png,4.05,4.05,0 0 0 0
f9ada9bc-c491-4248-9dcd-50dcbee04ee8_2face0_427_369_221_320_00001.png,4.05,4.05,0 0 0 0
f6cbc624-5141-4408-a783-ed96d132c421_302face0_385_479_222_283_00001.png,4.05,4.05,0 0 0 0
f7b81f68-41a7-4483-a768-4a3fb84fa596_2101face0_388_636_237_320_00001.png,4.05,4.05,0 0 0 0
67a46a8e-378b-489d-8170-186ea967375b_1800face0_445_741_237_318_00001.png,4.05,4.05,0 0 0 0
8bf4927e-f2a8-4db8-8524-e0165b064fa5_2face0_218_347_506_693_00001.png,4.05,4.05,0 0 0 0
c73a4843-6fbc-47ca-a1f9-1288fa0721e0_2face0_141_355_687_860_00001.png,4.05,4.05,0 0 0 0
450575b9-4af1-49b9-b5a2-4b598bf98e2d_10002773face0_411_625_229_305_00001.png,4.05,4.05,0 0 0 0
9ec3cd22-8615-48d3-8711-896274fc1ffc_2face0_406_883_253_310_00001.png,4.05,4.05,0 0 0 0
340069f3-c584-48c8-8461-fa7c97aa08fa_2face0_576_446_170_220_00001.png,4.05,4.05,0 0 0 0
984d8afb-f41b-495d-9a8c-ef3ce5eb5329_1801face0_482_628_230_301_00001.png,4.05,4.05,0 0 0 0
3c5a0fa8-d3a6-4a3d-9bfb-32b79f2ea7b4_2face0_91_164_460_590_00006.png,4.05,4.105263157894737,0 0 0 0
fa6c6f51-e0ca-4e7e-a831-b00871ece40b_2face0_263_366_179_229_00001.png,4.05,4.05,0 0 0 0
ca33703a-8685-4d47-82e9-8ee01c5aed00_10001788face0_371_543_169_229_00003.png,4.05,4.05,0 0 0 0
4a8390da-e1cb-46a9-a8b4-eecde2d69d18_2face0_370_564_175_223_00004.png,4.05,4.05,0 0 0 0
7cee82a3-bfbc-47a4-b40e-6c3dc5be5fbc_1800face0_401_583_215_281_00001.png,4.05,4.05,0 0 0 0
65d0b9cc-c850-4180-8980-fed544f46790_2face0_358_212_193_257_00002.png,4.05,4.105263157894737,0 0 0 0
f7d71870-6b2f-41d2-9d99-c1598cb97cb4_2face0_413_761_215_290_00001.png,4.05,4.05,0 0 0 0
fdc28498-cb2f-4162-96f0-8bc6eb543f8a_302face0_61_183_379_547_00002.png,4.05,4.05,0 0 0 0
64caca64-786a-4c3b-8a58-f0cf408a8d5b_302face0_222_256_308_399_00001.png,4.05,4.05,0 0 0 0
856436a6-8c62-4a68-a038-9e12329beb7d_2face0_338_641_222_24500001.png,4.05,4.05,0 0 0 0
fb79d19d-86d3-41d8-8bc4-698236f74f63_2face0_709_291_273_358_00004.png,4.05,4.05,0 0 0 0
8f005098-5aaf-4183-b9de-0e708722d8a5_1801face0_209_239_519_686_00001.png,4.05,4.05,0 0 0 0
fbe4eeb9-f7f9-4a79-a0ad-47daa2e0ea49_2face0_210_467_390_481_00006.png,4.05,4.05,0 0 0 0
6e28a2d8-721f-4c4b-ace8-40fdcd9e03c0_2face0_296_178_226_331_00008.png,4.05,4.05,0 0 0 0
fc59fff3-b550-47a5-8536-28733c2ad6d6_302face0_536_329_197_259_00001.png,4.05,4.05,0 0 0 0
94185507-9068-4b3c-9a7a-7ca5d1f89c63_10000301face0_301_573_194_266_00001.png,4.05,4.05,0 0 0 0
1163e4f9-57d6-4198-bd77-35f874703d36_302face0_317_210_273_381_00012.png,4.05,4.05,0 0 0 0
993a8401-9346-4385-9c28-bbeaee9bff8c_2face0_55_413_916_1189_00005.png,4.05,4.05,0 0 0 0
ab7b55bf-7152-4bf5-a406-8ee968e70cd4_10000744face0_189_397_301_407_00001.png,4.05,4.05,0 0 0 0
b0fa9d4f-d047-4f23-a2b1-bd589afa6965_2face0_418_94_236_305_00007.png,4.05,4.05,0 0 0 0
57b5ef7e-2a54-4228-9a3b-ee8b0c98c722_2face0_437_336_214_299_00003.png,4.05,4.05,0 0 0 0
b776df7d-8416-4a4c-ae5f-634f12ed0845_302face0_415_159_266_362_00001.png,4.05,4.05,0 0 0 0
4694ae62-ec01-44a7-baf3-1c328ebc6836_2face0_412_303_254_355_00001.png,4.05,4.05,0 0 0 0
6b1aeb20-20c2-46bd-9236-2a0699b97ec5_10000776face0_274_497_379_481_00010.png,4.05,4.05,0 0 0 0
9f1555a0-4390-4a2f-bb24-a6eec9d4cec5_2face0_244_515_517_59800007.png,4.05,4.05,0 0 0 0
bbd7a3d1-6ea1-4cbf-a5b9-6b5590091351_302face0_321_65_298_392_00001.png,4.05,4.05,0 0 0 0
e18958c7-e71d-4c19-b10a-dd705b9c767b_2face0_116_177_492_682_00003.png,4.05,4.05,0 0 0 0
19c11aad-50c2-419b-a7ee-72ad85439b91_2face0_356_490_222_23700001.png,4.05,4.05,0 0 0 0
a88bae96-7122-449a-bdbf-52ccbfba14e9_2698face0_387_445_239_321_00001.png,4.05,4.05,0 0 0 0
097c2c8a-7f72-475a-8ab3-fb683e7b80af_1794face0_376_698_221_290_00001.png,4.05,4.05,0 0 0 0
ca42957f-248e-499e-a182-8e363b7d89f9_2face0_439_575_232_24300001.png,4.05,4.105263157894737,0 0 0 0
b74ddb3c-8320-4b86-b063-d5b905d543df_302face0_548_422_158_214_00001.png,4.05,4.05,0 0 0 0
f924e270-73ca-440e-afc2-07a3e725b1f2_2face0_348_884_175_234_00001.png,4.05,4.05,0 0 0 0
f6e0d3fb-bfa6-4fcf-aad9-0f8ea3703afe_302face0_200_444_491_630_00005.png,4.05,4.05,0 0 0 0
6ef2a611-2195-4f6e-9bd9-84b92e16a831_2face0_458_526_128_179_00010.png,4.05,4.05,0 0 0 0
0cdc4df3-9cd4-4abb-b2e9-edfd45ddc282_2face0_378_444_226_308_00002.png,4.05,4.05,0 0 0 0
9432bf07-f785-4755-b2a7-baee65e8e382_10001299face0_378_239_194_260_00005.png,4.05,4.05,0 0 0 0
094ebc7d-4f8b-40ed-9934-34f3416face1_2101face0_426_744_180_225_00001.png,4.05,4.05,0 0 0 0
735fb0f7-de99-4482-a832-7df690063b3f_2face0_265_349_379_41800001.png,4.05,4.05,0 0 0 0
e92ed02e-5756-4e6a-980d-893d2d42aef5_2face0_322_503_189_247_00001.png,4.05,4.05,0 0 0 0
7ecf08d3-8327-4c1c-b548-cb46e586e33b_2face0_374_203_343_466_00005.png,4.05,4.05,0 0 0 0
7035cc5c-0172-44ff-95e4-7ef0d5c3aedd_2face0_444_690_284_30600002.png,4.05,4.05,0 0 0 0
ec5e42e8-6c6f-4323-a711-67c8e67d0813_2face0_427_354_201_296_00003.png,4.05,4.05,0 0 0 0
ccdffc8c-4993-4b7d-adfd-73d4591dc5fb_2face0_561_382_236_327_00001.png,4.05,4.05,0 0 0 0
fb70fc33-9c30-446f-8c21-2a66d5809345_1801face0_461_562_235_303_00001.png,4.05,4.05,0 0 0 0
1326ca86-83f0-49b9-9475-633721d789df_2face0_397_454_196_253_00001.png,4.05,4.05,0 0 0 0
a1225942-5773-45c6-ae36-28e31f016c5f_10001789face0_114_65_392_549_00001.png,4.05,4.105263157894737,0 0 0 0
19e2d4cc-02a7-41ab-a729-3f0c0b80223e_2face0_376_61_441_50500007.png,4.05,4.05,0 0 0 0
3a914e82-56f2-43c8-bd7f-f431e91c733e_2face0_564_321_320_425_00008.png,4.05,4.05,0 0 0 0
e4aafa40-9ad8-4633-96df-f027ed73f4c6_302face0_230_338_361_497_00004.png,4.05,4.105263157894737,0 0 0 0
065107fd-db9f-4945-a7c9-602e0ae96886_2face0_528_502_159_212_00002.png,4.05,4.05,0 0 0 0
5f113eaf-faa1-4e2f-87f1-6bdab1d40d54_602face0_637_186_281_364_00005.png,4.1,4.1,0 0 0 0
9fd87271-4bec-4b56-875e-4037eb5e8467_2face0_350_226_271_355_00001.png,4.1,4.1,0 0 0 0
b9470743-b3a4-4e87-ac1c-3b6099da7e32_2face0_746_621_111_11700001.png,4.1,4.1,0 0 0 0
b76f9d0f-8a5d-43a8-b0e3-061c27facf89_3889face0_265_770_469_50300003.png,4.1,4.1,0 0 0 0
57948c85-0e2d-4e11-a71b-6bdd54978df1_2face0_368_596_230_307_00007.png,4.1,4.1,0 0 0 0
51573fdd-f1a0-436e-ad72-8e1302ad8d6c_2face0_632_219_254_312_00004.png,4.1,4.1,0 0 0 0
e1f2cf40-5672-49cd-9a13-d13f1eb9d2bd_2face0_451_591_243_320_00008.png,4.1,4.1,0 0 0 0
02e79de1-20b3-4258-a711-b8ad2fd4a579_2face0_326_664_308_397_00001.png,4.1,4.1,0 0 0 0
9e696692-12c6-4bc5-9d8f-c47358659160_2face0_225_350_526_658_00009.png,4.1,4.1,0 0 0 0
9481092b-1bde-42b0-9001-25958dc56a0b_2face0_335_124_603_760_00001.png,4.1,4.1,0 0 0 0
c9982ce6-6f0d-4125-a3b9-18804d04872c_1800face0_435_622_226_299_00001.png,4.1,4.1,0 0 0 0
9bfd106a-a3db-4994-b75a-b8641a1a9f16_10000221face0_347_397_230_310_00002.png,4.1,4.1,0 0 0 0
07036e85-dcdc-4c0c-bf05-561832d0f157_2face0_467_447_165_209_00001.png,4.1,4.1,0 0 0 0
114c5aa8-94fd-4236-a4d4-902e087f2226_2face0_421_227_273_347_00001.png,4.1,4.1,0 0 0 0
c78d7e93-d3af-4c9e-bd56-7aae87f4ec40_2face0_252_377_464_604_00001.png,4.1,4.1,0 0 0 0
eb1cf92f-11e7-4258-ac83-66b717bb9290_2face0_667_592_187_240_00001.png,4.1,4.1,0 0 0 0
72cdf176-3438-4443-9f3f-26eea9164e2d_2face0_243_434_568_710_00006.png,4.1,4.1,0 0 0 0
c6dab771-7a55-4195-b6e6-4d5088596a02_2face0_434_262_278_394_00001.png,4.1,4.222222222222222,0 0 0 0
5e7ab5ac-e461-44f5-b974-8835f538e0fb_2face0_285_192_562_728_00005.png,4.1,4.1,0 0 0 0
cf5ad23f-4a34-4ab0-8083-af6e176cab0d_302face0_496_657_128_170_00002.png,4.1,4.1,0 0 0 0
91dd5d01-02f8-4d22-83fd-bbb8915e413a_302face0_627_539_177_246_00001.png,4.1,4.1,0 0 0 0
16e44967-9ef1-4248-9e52-9bba7b2e785a_1801face0_188_437_305_414_00001.png,4.1,4.1,0 0 0 0
adcd2646-1bc0-44a5-b61a-bf25feac4f55_1801face0_433_444_219_284_00001.png,4.1,4.1,0 0 0 0
3531764d-afa8-4aac-9fa8-6b402bd5688d_2face0_203_484_509_645_00002.png,4.1,4.1,0 0 0 0
75c21f39-5b44-4b49-84ce-d0e56647cbf8_5295face0_455_620_222_288_00001.png,4.1,4.1,0 0 0 0
b3756827-f56c-47de-a66e-120c70621843_2face0_140_642_732_79300002.png,4.1,4.1,0 0 0 0
d1c253a2-48a1-4c8e-8179-ffa24d07b6cc_2face0_175_326_541_58100005.png,4.1,4.1,0 0 0 0
190971d8-bf6f-4af9-820c-0ee2e9897be7_2face0_435_684_263_336_00001.png,4.1,4.1,0 0 0 0
575d3239-8841-4696-9bba-7cdbf90cc471_2face0_391_274_313_423_00001.png,4.1,4.1,0 0 0 0
5f526e79-82eb-4794-a561-f397292ff335_2face0_433_287_198_255_00001.png,4.1,4.1,0 0 0 0
b864a100-782b-4cde-88e4-7bef0fe49a90_2face0_362_471_254_29500003.png,4.1,4.1,0 0 0 0
7d3ed922-b048-4d76-928f-d61715195688_10000669face0_460_380_197_279_00004.png,4.1,4.1,0 0 0 0
db0751c2-2910-47de-84e0-1f16c44330d4_2face0_461_273_267_353_00001.png,4.1,4.1,0 0 0 0
8bfe095c-3935-4346-904e-157e848d726d_302face0_455_401_197_259_00001.png,4.1,4.1,0 0 0 0
6f2d9955-4909-4b3c-911a-ac617b3fc659_1801face0_510_565_148_196_00001.png,4.1,4.1,0 0 0 0
ba7199b0-e9a0-4b99-8376-3a0c51860a98_1202face0_211_211_680_867_00006.png,4.1,4.1,0 0 0 0
97215c84-7e46-42f1-8fdc-f77b5091e4d5_1798face0_331_734_203_247_00001.png,4.1,4.1,0 0 0 0
d7d4edf0-317b-410a-94b4-6fe3244afddb_2face0_470_523_230_296_00007.png,4.1,4.1,0 0 0 0
a1dd469d-753d-49c8-b4de-835b6b709f1e_3601face0_473_708_214_273_00001.png,4.1,4.1,0 0 0 0
b2c14a57-2383-4298-a973-40d1dd099171_2face0_79_220_728_941_00002.png,4.1,4.1,0 0 0 0
2f80fa5d-98b8-4c88-a237-615197ddf53f_2face0_529_236_251_338_00001.png,4.1,4.157894736842105,0 0 0 0
772ed4ee-3fd6-44b0-9ec1-10a5c9c9e6bd_2face0_510_499_152_16200002.png,4.1,4.1,0 0 0 0
434e6b99-6037-407d-bafc-4e1d59f09a13_2face0_98_233_805_1045_00001.png,4.1,4.222222222222222,0 0 0 0
cd7272ba-99bb-4f45-9888-b449c79915cc_2face0_466_492_362_462_00006.png,4.1,4.222222222222222,0 0 0 0
9adb7334-2590-4f69-ace0-2ff23788bbb6_302face0_446_459_198_264_00001.png,4.1,4.1,0 0 0 0
80e29af0-d680-4d89-b74c-510a30682bff_10001894face0_390_731_215_296_00001.png,4.1,4.1,0 0 0 0
bd494ebd-bea4-4806-b82f-bc107a818c1b_2face0_185_507_747_75600001.png,4.1,4.1,0 0 0 0
474c2bde-5617-42d9-b08f-dcc70b430cba_2face0_307_119_334_449_00005.png,4.1,4.1,0 0 0 0
b4df3097-c20b-49da-a905-0b4cd1469c44_2face0_438_666_218_22600001.png,4.1,4.1,0 0 0 0
5aa7ceec-984a-4670-9d59-314fab78e9f4_2face0_672_172_282_355_00006.png,4.1,4.1,0 0 0 0
033bc568-28bb-475d-aaaa-5325055cda97_2face0_431_583_174_17800004.png,4.1,4.1,0 0 0 0
711206f5-2c2e-46ab-a5f0-24863c8f17cf_2face0_333_571_534_708_00007.png,4.1,4.1,0 0 0 0
c283bdde-07ee-49ae-983e-b9ea0c77e30f_1801face0_437_369_154_201_00004.png,4.1,4.1,0 0 0 0
1bc7149d-4893-4d0f-9c67-423cb1b1f93e_2face0_567_657_182_244_00011.png,4.1,4.1,0 0 0 0
22c2cdf6-7e88-47f3-858d-62d050cfd900_2face0_453_681_182_238_00001.png,4.1,4.1,0 0 0 0
81ae86cc-e08c-4fc2-a2da-7c3d4da9861d_2face0_505_372_270_349_00001.png,4.1,4.1,0 0 0 0
9eadfdca-a45a-4766-84d3-b16b4732bfbd_1741face0_429_672_212_275_00001.png,4.1,4.1,0 0 0 0
bcda65fa-4343-424c-90ea-8f6a696c7bc7_2face0_325_334_151_203_00001.png,4.1,4.1,0 0 0 0
36c23c76-ad3b-4a50-b24c-f8f5db664f88_2face0_331_420_232_297_00001.png,4.1,4.1,0 0 0 0
d72646e8-c867-42b8-a158-f7d51ab1e154_1856face0_743_500_141_175_00001.png,4.1,4.1,0 0 0 0
b39d14cf-a38b-4ea7-ae37-475315f9bae5_302face0_512_520_147_196_00001.png,4.1,4.1,0 0 0 0
8a537cfc-ecee-4229-9b85-da18f5dc6135_10002028face0_319_211_443_551_00010.png,4.1,4.157894736842105,0 0 0 0
80228fea-b977-4e8a-b39b-94e058f17ec1_2face0_178_638_329_427_00004.png,4.1,4.1,0 0 0 0
57d3ef3e-c147-4cc9-9795-90789525500f_2face0_222_246_634_847_00001.png,4.1,4.1,0 0 0 0
87b46288-e1ea-4c04-bc7b-8b1ffbd12177_10001687face0_527_469_186_253_00001.png,4.1,4.1,0 0 0 0
9751a681-60fc-4b5a-bb3c-709c329cb15c_1800face0_381_602_240_318_00001.png,4.1,4.1,0 0 0 0
de52f9a8-ae1e-4d72-baab-f2f77a8730e2_302face0_381_685_285_30400002.png,4.1,4.1,0 0 0 0
d5aebe3f-dd55-48ca-a523-8998e1458ced_302face0_490_582_198_249_00001.png,4.1,4.157894736842105,0 0 0 0
3912a655-c154-4256-a566-e3ebcc2ef1f0_2face0_444_495_250_327_00001.png,4.1,4.1,0 0 0 0
9c4f8a77-caab-4463-8a07-7df9b53fb238_2face0_495_547_191_242_00003.png,4.1,4.1,0 0 0 0
c697813e-13c9-4864-8e46-689ccfd4eb84_2108face0_470_680_192_21300001.png,4.1,4.1,0 0 0 0
ec9f8a15-7908-408c-bbb4-c4c6cc267c75_2face0_350_489_240_368_00007.png,4.1,4.1,0 0 0 0
ebee8185-67ca-4714-9e5d-4cfe3203e629_2face0_228_475_369_482_00006.png,4.1,4.1,0 0 0 0
b541f90a-97e4-4452-9492-f165f3523326_2face0_558_328_169_205_00001.png,4.1,4.1,0 0 0 0
17194dc7-bef5-4cbd-b20c-3bea90e7825c_2face0_440_428_277_349_00004.png,4.1,4.1,0 0 0 0
dac7160a-8ff9-4287-84dc-2dbbb7d1668c_302face0_351_319_649_839_00001.png,4.1,4.1,0 0 0 0
a96f84b7-d5f2-4eeb-9709-cd7c2ca10b7d_2face0_255_139_355_455_00005.png,4.1,4.1,0 0 0 0
83c78336-01f7-4362-a439-e04c73d7dd16_602face0_288_419_506_638_00002.png,4.1,4.1,0 0 0 0
f9ff15d0-7ee5-479e-a90b-aa08a1b63b28_2face0_389_251_421_562_00007.png,4.1,4.1,0 0 0 0
2a202918-00ee-4023-abf0-ee72d9a4a25e_1857face0_552_365_263_329_00001.png,4.1,4.1,0 0 0 0
3c0deb37-ad94-42fb-bfc6-b7919b3e1846_302face0_376_259_326_464_00001.png,4.1,4.1,0 0 0 0
b701ee51-995c-4d81-a45a-1012af7f558b_307face0_368_498_158_16200002.png,4.1,4.1,0 0 0 0
b67759a6-5d61-4169-ab7b-fe571ff4fe03_10000160face0_400_562_212_273_00001.png,4.1,4.1,0 0 0 0
80cb385a-ad60-4269-824e-4d4ccc59dfad_1801face0_381_626_219_292_00003.png,4.1,4.1,0 0 0 0
e7bb7dc5-c9a1-402e-ade4-677d9a70d0e3_2face0_483_240_244_318_00002.png,4.1,4.1,0 0 0 0
ccdbd02c-ee3a-4b00-83ae-6674f1dbb26c_2face0_506_306_173_222_00001.png,4.1,4.1,0 0 0 0
a65b7b74-b96b-40b0-8bad-0134f78794ac_2face0_493_59_372_475_00002.png,4.1,4.1,0 0 0 0
5735ebcf-9227-416e-aacb-f3cb7b418283_2100face0_425_774_217_284_00006.png,4.1,4.157894736842105,0 0 0 0
82ea7ab5-8485-4642-a936-91d85f901ece_10001304face0_597_721_237_299_00001.png,4.1,4.1,0 0 0 0
e1cd0431-0848-4218-8438-459abf848e2d_2face0_340_470_214_275_00003.png,4.1,4.1,0 0 0 0
02607e0a-f4be-4b8f-b44a-d904811872ee_2face0_288_639_427_521_00008.png,4.1,4.1,0 0 0 0
737e63de-afde-4e9c-99fa-f7620762a495_302face0_344_537_184_247_00001.png,4.1,4.1,0 0 0 0
9558a78b-1a4a-4103-92bd-f1df04afd1a7_302face0_368_369_372_41600001.png,4.1,4.1,0 0 0 0
18ce4d77-3ce8-4343-b9c7-0ca0d476c7a7_2face0_442_571_270_334_00001.png,4.1,4.1,0 0 0 0
afb94a6c-6e8d-46d3-8c98-5caebbaa1cf5_602face0_290_320_291_414_00001.png,4.1,4.1,0 0 0 0
5ec52de0-1bc8-430b-9eb4-c874f399f38a_2face0_480_424_161_210_00001.png,4.1,4.1,0 0 0 0
b4932950-333f-4787-abb2-f6aa647fe989_2face0_440_752_111_12800003.png,4.1,4.1,0 0 0 0
399f16f1-719b-42f2-be3f-43e68883bee9_2face0_186_513_421_532_00001.png,4.1,4.1,0 0 0 0
12448b01-fd1b-4440-b60b-973709e67fcf_602face0_270_403_131_170_00001.png,4.1,4.1,0 0 0 0
4b33ea2b-3a4f-49b6-99d2-47cc96fb50cd_10000178face0_305_706_108_12300008.png,4.1,4.1,0 0 0 0
d81f7800-9918-41f2-8271-bdee77b7d22d_2face0_234_116_484_636_00003.png,4.1,4.1,0 0 0 0
c51b9c0a-a916-4884-9b8d-7c0fad10a8fe_2face0_411_835_442_48200001.png,4.1,4.1,0 0 0 0
a27200d8-bed5-43d4-b1d0-73b5225f2698_2face0_337_422_513_56900001.png,4.1,4.1,0 0 0 0
21da113e-9a52-4082-8fa3-ea73d9833e8b_1801face0_287_230_239_318_00001.png,4.1,4.157894736842105,0 0 0 0
9323ac29-0c63-40f3-b498-eafb8020d6bb_2face0_419_335_198_266_00001.png,4.1,4.1,0 0 0 0
da7882b5-2dfe-450d-bbed-81889d8c1b9d_2face0_290_306_460_619_00001.png,4.1,4.157894736842105,0 0 0 0
49eaf2ab-b4bb-4373-b693-9d3050a05ebd_2face0_500_588_169_234_00012.png,4.1,4.1,0 0 0 0
a03d4a54-b65c-4ffb-8c59-1aeee89510fd_10000022face0_237_499_470_640_00009.png,4.1,4.157894736842105,0 0 0 0
3b272bd3-f060-4d19-b8d2-9405ca2f0173_2face0_70_205_813_1143_00001.png,4.1,4.157894736842105,0 0 0 0
943bc960-0b52-45d4-afd9-e4a922b47177_2face0_608_713_112_11700001.png,4.1,4.1,0 0 0 0
8ded99ec-5541-4c30-8d72-274a84387feb_2face0_374_461_254_336_00001.png,4.1,4.1,0 0 0 0
f6ea10de-b868-4ce6-8164-c0069a2d61e4_2face0_479_398_338_445_00005.png,4.1,4.1,0 0 0 0
013c190c-1de6-4144-977d-0fa78e61c4d8_302face0_229_472_394_543_00001.png,4.1,4.1,0 0 0 0
b3ed5df6-2c26-4c47-9d78-39b8d7d3b5bb_2face0_445_486_182_249_00001.png,4.1,4.1,0 0 0 0
9a27f266-3513-404e-9edc-d7a67a07b6db_302face0_587_798_130_168_00001.png,4.1,4.1,0 0 0 0
7072c423-cf2f-4fbd-ba3c-6482e721439b_1801face0_469_572_166_214_00004.png,4.1,4.1,0 0 0 0
293df070-eb34-440a-94b1-b38b0c6081ea_1801face0_264_648_211_249_00004.png,4.1,4.1,0 0 0 0
66360190-5202-486b-a1db-823047684cb9_2face0_90_154_218_294_00001.png,4.1,4.1,0 0 0 0
a63a0a56-b010-4243-aee2-0d34ecfa1d19_302face0_392_202_366_462_00001.png,4.1,4.1,0 0 0 0
65130221-74b9-4141-9d2d-43bc40456533_1801face0_329_640_180_253_00002.png,4.1,4.1,0 0 0 0
d6c48ff8-ce5a-43c4-aeb0-5822d6ee2e8c_2face0_308_464_506_662_00005.png,4.1,4.1,0 0 0 0
399a9a13-fa47-4a8e-bbc0-f18b01178a0d_2face0_262_482_466_595_00009.png,4.1,4.222222222222222,0 0 0 0
40fee78b-2508-477d-afab-227b472dd08b_2face0_224_471_159_205_00010.png,4.1,4.1,0 0 0 0
08bee482-66dd-460c-b7b8-58b76a1ceec2_2face0_477_468_187_244_00001.png,4.1,4.1,0 0 0 0
d97dac4c-3a3e-4a7c-a707-2c3e74c8f8bc_2face0_497_181_194_284_00002.png,4.1,4.1,0 0 0 0
d5233611-2b30-43d3-b1e3-0d523a14d22c_2face0_233_204_330_440_00001.png,4.1,4.1,0 0 0 0
b062e1ea-424e-4137-9939-e02843ef6e5e_2face0_333_396_210_24000001.png,4.1,4.1,0 0 0 0
24fa63f0-4ebb-4b00-9da9-be259663f2de_1791face0_443_576_229_286_00001.png,4.1,4.1,0 0 0 0
408a3396-2284-4734-aee7-e82a3b8aeb69_302face0_466_286_175_225_00001.png,4.1,4.157894736842105,0 0 0 0
8b3f9d15-8f5f-4c5d-a887-581a4f350d69_2face0_265_428_291_386_00001.png,4.1,4.1,0 0 0 0
f552dabd-ff2a-4533-b9c5-15e4241bd7ba_2face0_360_472_329_429_00001.png,4.1,4.1,0 0 0 0
e6b34445-894c-455f-b33f-9c31422614c9_302face0_362_496_194_268_00001.png,4.1,4.1,0 0 0 0
0509c449-b201-4e3b-af1f-9e23c53fb4be_2face0_284_654_295_371_00004.png,4.1,4.1,0 0 0 0
1fc5cd48-8db4-4942-ac17-51b430ca8764_2face0_505_524_148_201_00001.png,4.1,4.1,0 0 0 0
cff19db1-1c9d-49c7-8b36-48f53d9bed1e_2face0_431_600_159_225_00001.png,4.1,4.1,0 0 0 0
d96a81c3-e98c-4f18-956a-ce3f8156e86c_2face0_467_349_267_331_00002.png,4.1,4.1,0 0 0 0
166123e3-d1bf-485a-8f9c-047636f04707_2face0_484_409_228_303_00010.png,4.1,4.1,0 0 0 0
a49b7839-77c9-4131-8189-01ccb558ddaa_2face0_153_92_875_1089_00001.png,4.1,4.1,0 0 0 0
1520ac3f-b4b7-4486-bb67-e22a45454a61_302face0_391_539_144_197_00001.png,4.1,4.1,0 0 0 0
a8be63d1-f07f-4076-9492-87f67131350d_2face0_494_629_144_188_00002.png,4.1,4.1,0 0 0 0
ea38068b-abd7-480f-9aa3-66602a62e352_2face0_450_546_236_321_00001.png,4.1,4.1,0 0 0 0
41dcc380-99da-457c-a39f-80a4e70017a3_2face0_427_554_222_299_00001.png,4.1,4.1,0 0 0 0
ef89678f-87ea-474f-af9a-a657f87426b4_302face0_398_645_135_16500001.png,4.1,4.1,0 0 0 0
da9254d2-fe1f-46c7-882e-62452d0217cb_2face0_209_158_225_320_00002.png,4.1,4.1,0 0 0 0
df829f67-e38d-4b38-bfe6-c0c795d5cdbc_1802face0_474_609_142_186_00002.png,4.1,4.1,0 0 0 0
34c2b049-ffda-4893-8571-62b0b984d6dd_2face0_327_77_323_440_00002.png,4.1,4.1,0 0 0 0
9a2127fc-5eb0-4aff-9af7-ca70397dc93e_2face0_315_335_557_784_00001.png,4.1,4.1,0 0 0 0
68d31c00-237a-49fd-898d-1f3b5462b37e_10002080face0_452_652_226_296_00001.png,4.1,4.1,0 0 0 0
04c6022c-353e-45d1-8a3f-8378902de646_1202face0_637_282_204_284_00010.png,4.1,4.1,0 0 0 0
0c4191d5-10c9-443b-8285-7461025d6826_2face0_662_135_359_503_00002.png,4.1,4.1,0 0 0 0
f86a57f4-ba24-498e-9645-6ae6dc9845e7_302face0_429_579_148_201_00002.png,4.1,4.1,0 0 0 0
375494bb-81c4-4713-b796-c8298f635fb4_302face0_364_500_446_564_00003.png,4.1,4.1,0 0 0 0
ffd0ba5e-f636-4b20-855e-d324d1d5f2ef_2face0_229_374_253_333_00001.png,4.1,4.1,0 0 0 0
2b3ba3cb-f8ff-4ca9-a70d-ede3907fc070_2face0_754_251_224_23900006.png,4.1,4.1,0 0 0 0
b4db1dcd-ccb2-47a4-b8d6-8c7c85ebe009_2face0_311_293_331_449_00002.png,4.1,4.222222222222222,0 0 0 0
43a97529-4fc6-4497-a426-21af628923f7_2094face0_229_607_375_506_00002.png,4.1,4.1,0 0 0 0
19b6a83a-bb8d-4cb2-9728-0ff37cb59a69_1897face0_121_601_275_357_00002.png,4.1,4.1,0 0 0 0
780418d7-975c-4eae-b685-7889025eda27_1801face0_394_119_319_407_00001.png,4.1,4.1,0 0 0 0
5ea3cfd4-7066-4223-939e-407000d6674d_10001277face0_494_804_218_296_00001.png,4.1,4.1,0 0 0 0
fc7f4627-d803-425c-8718-c172c7a60493_2face0_170_501_344_447_00006.png,4.1,4.1,0 0 0 0
b9734834-58c7-4db0-81ac-ac79f290cf3b_2face0_283_629_450_47300007.png,4.1,4.1,0 0 0 0
49a917d9-6fdd-42ad-b215-087a2c700ace_2face0_342_526_228_297_00001.png,4.1,4.1,0 0 0 0
b4869b57-0d98-4ced-88a7-57f873237188_2face0_267_544_461_575_00002.png,4.1,4.1,0 0 0 0
1a234424-4ded-470d-a974-f7dea7691e31_1788face0_373_695_381_39500001.png,4.1,4.1,0 0 0 0
5031d5bb-f1b4-4671-b8fa-84db02f21957_3face0_362_184_169_234_00002.png,4.1,4.1,0 0 0 0
b26faafd-8d9a-4c03-9efa-0d6a462c685d_2face0_142_307_249_316_00005.png,4.1,4.1,0 0 0 0
0859d294-eb92-48a9-88c7-5cbb9abe558e_302face0_299_440_534_738_00003.png,4.1,4.1,0 0 0 0
056b0c97-dbf6-417e-9ec8-fa1abaee0315_302face0_455_74_260_368_00004.png,4.1,4.1,0 0 0 0
66a68ea7-e955-4fd2-93ce-3222212337a8_2face0_434_280_169_227_00001.png,4.1,4.1,0 0 0 0
fc7767f6-cdda-4543-ab6a-b74d1cc9e1fe_2face0_452_471_232_303_00002.png,4.1,4.1,0 0 0 0
ba54461b-6d59-4781-851f-c0161e9a3dfc_2face0_315_320_193_266_00002.png,4.1,4.1,0 0 0 0
23b4a34d-21c8-4cce-b4bb-289380e211f6_2102face0_368_496_260_334_00002.png,4.1,4.1,0 0 0 0
a77e8551-af48-4b70-9f8e-440a95e00fd8_2face0_558_498_172_225_00001.png,4.1,4.1,0 0 0 0
5873571e-18cf-4fa7-8bc8-23595cb60153_302face0_217_615_471_549_00001.png,4.1,4.1,0 0 0 0
db0affef-87c0-4f13-8cdc-472fd4526203_2face0_473_524_170_229_00001.png,4.1,4.1,0 0 0 0
fc0008eb-1a00-4cea-a325-ce84082d7fe1_2face0_318_268_579_780_00003.png,4.1,4.1,0 0 0 0
44617899-4612-4e16-889f-795dc9d04568_1801face0_511_623_187_236_00001.png,4.1,4.1,0 0 0 0
1f5b3084-45f6-43dd-a688-2f8c44ef28df_10000192face0_327_631_296_410_00001.png,4.1,4.1,0 0 0 0
c5a9b4f8-569b-4b4e-8f04-325b681c6e35_2face0_498_599_156_16700001.png,4.1,4.1,0 0 0 0
110dc098-48f4-4de3-82c0-ccca1b87295e_10003401face0_445_907_275_344_00001.png,4.1,4.1,0 0 0 0
2a832565-77dd-4a82-bbd0-079d2384d58d_2face0_271_531_187_240_00005.png,4.1,4.1,0 0 0 0
913d2da6-0ea3-4f5a-9ba7-d6792a76aa83_1802face0_414_559_343_432_00001.png,4.1,4.1,0 0 0 0
e31e437a-679e-4125-b75c-aff7c50a9ebd_2face0_367_824_233_301_00001.png,4.1,4.1,0 0 0 0
89d92ece-c6ce-4873-8a69-8d55d310a0cd_2face0_349_622_155_201_00001.png,4.1,4.1,0 0 0 0
0371f8cd-5c00-421f-8ca4-cc7f30e7e8df_1502face0_219_63_277_370_00007.png,4.1,4.1,0 0 0 0
4404f709-7c8c-4e85-b723-665e38f1159a_302face0_243_636_536_704_00001.png,4.1,4.1,0 0 0 0
3536f140-8a5a-488f-bcb2-b74718a82f09_902face0_417_599_273_371_00001.png,4.1,4.1,0 0 0 0
30c330f1-5d5a-4244-aaf1-55e88d5f6eba_10000625face0_427_635_235_308_00001.png,4.1,4.1,0 0 0 0
c5d904c5-950d-42e8-b216-de1dd2a59471_2face0_496_121_224_299_00002.png,4.1,4.1,0 0 0 0
a1a0aeca-bbf7-4cec-b060-b1aef3d52c42_2face0_310_60_385_521_00012.png,4.1,4.1,0 0 0 0
8388f5df-168f-4e00-acc3-d7fe324927ce_2face0_339_129_364_512_00001.png,4.1,4.1,0 0 0 0
493701c5-ea83-4b3d-bf08-e08f589a6d60_2face0_461_620_164_17000001.png,4.1,4.1,0 0 0 0
d1468403-c98e-4cd6-ace9-8794c4e8e722_2face0_368_272_331_440_00001.png,4.1,4.1,0 0 0 0
1648b5d3-58b6-490d-a891-79df153fc669_2face0_386_747_133_185_00001.png,4.1,4.1,0 0 0 0
da317112-5c06-4259-8bf2-723b8d3a158f_2face0_414_515_165_227_00001.png,4.1,4.1,0 0 0 0
af993161-d5aa-4534-8470-be86b6537241_1202face0_448_573_220_23400001.png,4.1,4.1,0 0 0 0
27522bb7-c29d-4814-805a-f2177b651c98_2face0_274_459_184_233_00001.png,4.1,4.1,0 0 0 0
397af06b-6ff4-4c41-840d-7dca127276ed_2face0_394_794_133_166_00003.png,4.1,4.1,0 0 0 0
6a08133b-f191-411b-880d-fde7f4a00d22_2101face0_370_509_295_394_00001.png,4.1,4.1,0 0 0 0
417adf6e-3392-4974-b182-2da1cc1a9c4f_2face0_474_159_317_423_00001.png,4.1,4.157894736842105,0 0 0 0
a9b08d8f-ffe2-490d-8754-d409280e9ede_2face0_434_316_239_299_00001.png,4.1,4.1,0 0 0 0
31701b4e-a719-4976-b668-a956c116e30c_2face0_578_387_259_314_00002.png,4.1,4.1,0 0 0 0
bbd3e7cb-a4d0-41dd-b597-30d6f729ae9f_2face0_443_478_194_244_00001.png,4.1,4.1,0 0 0 0
25b8fdd9-070f-4775-b145-f7f79cb2ae1a_302face0_283_429_235_316_00001.png,4.1,4.1,0 0 0 0
a1e3428c-d2dc-436a-b442-3ae85ddf49b6_2face0_369_667_291_360_00001.png,4.1,4.1,0 0 0 0
c954e3ad-2e53-434b-91a4-930b824718e0_602face0_171_363_233_321_00004.png,4.1,4.1,0 0 0 0
a891d4fd-2bf1-4731-9e02-001028c7a41a_10000299face0_397_485_180_242_00001.png,4.1,4.1,0 0 0 0
4c61e89b-bd11-4bd5-a319-ecaf99716460_2face0_252_225_567_797_00001.png,4.1,4.1,0 0 0 0
c570c0e0-a513-4ab2-80d7-65e913677b3f_302face0_473_469_222_286_00001.png,4.1,4.1,0 0 0 0
8240bb6d-f9a8-4eef-8804-223d096bdb2d_1801face0_426_488_138_181_00001.png,4.1,4.1,0 0 0 0
f69f5817-9611-4ca0-9adb-e692c656568a_2face0_524_411_225_290_00001.png,4.1,4.294117647058823,0 0 0 0
798b3109-8771-4348-be47-6d4c8e54e980_10000353face0_409_626_210_294_00001.png,4.1,4.1,0 0 0 0
a24cdf1d-9a88-4a97-90ef-a88db634361a_2face0_473_354_212_283_00001.png,4.1,4.1,0 0 0 0
3b33681f-543f-48ed-a15f-484f49803174_302face0_450_831_158_209_00003.png,4.1,4.157894736842105,0 0 0 0
4300b534-207a-4671-9124-ff745150c50b_1796face0_330_586_259_344_00001.png,4.1,4.1,0 0 0 0
aa1a44c2-f3a3-4fe2-9c73-e66b5c7f30fc_2face0_342_294_352_475_00001.png,4.1,4.1,0 0 0 0
4fedd3e6-9da4-46e1-a1ce-01ad292c1a7f_10000018face0_346_410_253_325_00001.png,4.1,4.1,0 0 0 0
4ebd8c37-c8ff-4204-a781-bfb10c3e9ffc_2101face0_509_635_256_333_00001.png,4.1,4.1,0 0 0 0
6d7baf61-5a7d-466a-9e8f-d2609aaf5033_2face0_419_401_239_320_00001.png,4.1,4.1,0 0 0 0
22059d0a-9d43-4060-9dd8-6d16c2a33a30_10001445face0_313_634_433_46000012.png,4.1,4.1,0 0 0 0
ba1a76bd-1eae-40d0-9f7b-ef7b43761c70_10000001face0_257_439_317_425_00005.png,4.1,4.1,0 0 0 0
f6c7624f-1ead-43de-9ec5-4f3a890d611f_2face0_311_228_330_427_00001.png,4.1,4.1,0 0 0 0
cf31b3ec-3c07-4418-a605-6f77b2bd7cf2_10001717face0_441_612_274_334_00001.png,4.1,4.1,0 0 0 0
670a7310-a833-460d-84e9-d60b2731605d_2face0_279_889_530_59000001.png,4.1,4.1,0 0 0 0
4b195d6c-224f-49bc-af47-0253ab857718_2face0_415_448_170_231_00001.png,4.1,4.157894736842105,0 0 0 0
c5e924bf-41b1-4936-9a62-68ce8246aea6_1801face0_394_430_204_290_00001.png,4.1,4.1,0 0 0 0
f5234ccd-11f6-40be-b6de-d68f354bce3e_2face0_409_358_189_249_00001.png,4.1,4.1,0 0 0 0
7255a9d0-0b3b-451c-a5d1-923da8465b50_2face0_493_393_313_418_00002.png,4.1,4.1,0 0 0 0
8e3d275c-fe77-4ec0-8c5f-097f17c70799_302face0_295_647_355_477_00002.png,4.1,4.1,0 0 0 0
2d6e1f3f-02f7-41ec-afee-ba11f68ba6a5_2face0_465_682_174_18900006.png,4.1,4.1,0 0 0 0
6fd2eedc-e9f1-4ffb-a663-7e630212cd34_302face0_398_62_383_521_00003.png,4.1,4.1,0 0 0 0
f4c228e2-c27c-45d4-aa75-4fd997c31cb0_1781face0_338_607_420_525_00002.png,4.1,4.1,0 0 0 0
6cead722-bb87-47a1-8002-c2977ca4d55a_2face0_540_60_337_421_00002.png,4.1,4.157894736842105,0 0 0 0
1b23c638-f82c-418b-bbfc-18ea08059b49_2face0_522_569_188_20500001.png,4.1,4.1,0 0 0 0
271e54ba-3082-4282-9f95-fc25ab8a9b39_302face0_518_516_183_249_00001.png,4.1,4.1,0 0 0 0
6e764223-c7f4-4541-bc40-a1a516de0251_10000601face0_331_441_186_255_00001.png,4.1,4.1,0 0 0 0
2fde06fc-5c6c-4e7b-8eb6-b3bcf2fb61c9_2face0_587_478_303_34000002.png,4.1,4.1,0 0 0 0
5a26ca17-5cc0-49db-9856-4e7ecace562b_2face0_215_276_250_327_00006.png,4.1,4.1,0 0 0 0
5a2069ee-8483-4143-99b5-6bdf9be62433_2face0_326_266_515_614_00008.png,4.15,4.15,0 0 0 0
e98e8ddd-8ca1-4133-a1e7-e741a19b7896_2401face0_468_623_184_253_00001.png,4.15,4.15,0 0 0 0
d865b221-25e7-4649-ba7f-b39085cdb5ff_10000000face0_422_770_225_279_00003.png,4.15,4.15,0 0 0 0
1b98e9c4-236e-4c4a-bf55-65c98a8c6642_2face0_543_558_235_321_00001.png,4.15,4.15,0 0 0 0
0866a381-3508-42cf-8954-dd35427c8e42_2face0_487_659_168_244_00003.png,4.15,4.15,0 0 0 0
cb917f22-a6c2-45ab-9f9e-8d46a954552a_2face0_468_733_250_321_00001.png,4.15,4.15,0 0 0 0
6ef40ff3-25ec-42b7-bb38-5ba65535166f_2face0_297_719_155_218_00001.png,4.15,4.15,0 0 0 0
ce8b9718-b649-4cb7-bfb6-66a7aa1b8cfc_2face0_441_540_117_12000002.png,4.15,4.15,0 0 0 0
a3f695e6-f7a8-4315-9a40-25e2db5bc9c6_2face0_506_203_368_488_00003.png,4.15,4.15,0 0 0 0
a0c5cc03-e577-4200-80b0-2d7df1193fe6_302face0_494_601_232_308_00002.png,4.15,4.15,0 0 0 0
7d571ceb-3480-43d9-8483-af9e38a59f7a_2face0_333_289_230_23500005.png,4.15,4.15,0 0 0 0
40d343cb-1a96-42a3-abb1-c0b56d4f9ac8_10002961face0_512_651_205_255_00001.png,4.15,4.15,0 0 0 0
c7a6ba20-47fc-4434-8d88-f11b437800b6_2face0_408_554_246_299_00011.png,4.15,4.15,0 0 0 0
e5b276b8-998f-466d-960e-7c7c152cc8ed_2face0_491_189_233_323_00001.png,4.15,4.15,0 0 0 0
afcfdbfc-f463-46ea-bbee-983890f1cf00_2face0_386_676_445_46900001.png,4.15,4.15,0 0 0 0
88cecf5e-6b22-4a28-acc2-edf6d01c7a58_2face0_389_183_331_427_00004.png,4.15,4.15,0 0 0 0
b6cc2d36-245f-450c-a6da-b5e2a1f6ee11_2face0_295_558_149_210_00001.png,4.15,4.15,0 0 0 0
0cba1928-ee5d-40ea-86f4-ecb9d0b44718_2face0_646_694_168_205_00001.png,4.15,4.15,0 0 0 0
51a93eb8-821e-4989-9e38-849e2c2e702f_2face0_522_626_130_168_00005.png,4.15,4.15,0 0 0 0
1dc964b7-4e34-42c9-babf-bc1704f6b194_2face0_449_310_237_26900002.png,4.15,4.15,0 0 0 0
7a9b99e8-ec11-4be5-9da0-b7dfddc79963_2face0_476_473_149_199_00001.png,4.15,4.15,0 0 0 0
639cc4e2-db8a-47c6-a6f8-5e79d1746326_2face0_450_352_155_201_00001.png,4.15,4.15,0 0 0 0
53e230df-2f98-40f7-aa89-b7e7cf992db6_2face0_275_256_627_834_00001.png,4.15,4.15,0 0 0 0
a84fe72e-5d1e-4e5e-9a6b-625acac6ee29_302face0_406_544_248_27400001.png,4.15,4.15,0 0 0 0
24a7b3df-483c-4d65-a6fe-3135a983d372_2face0_485_330_189_244_00001.png,4.15,4.15,0 0 0 0
0d08680f-0acd-4527-bbd4-446e4f39cebf_2face0_431_715_249_301_00002.png,4.15,4.15,0 0 0 0
f11d61ac-ccb0-4a36-9355-dacad3136a0b_302face0_321_506_292_414_00001.png,4.15,4.15,0 0 0 0
04ce982d-efc5-4e28-b769-753537ca2d0f_2face0_434_93_400_45300003.png,4.15,4.15,0 0 0 0
dc4b778f-4aba-457a-a1de-5ebd4270dd12_602face0_400_593_140_190_00001.png,4.15,4.15,0 0 0 0
73c3bf54-a174-48e2-810a-49a3aa2498bc_2face0_377_391_414_536_00010.png,4.15,4.15,0 0 0 0
37664c47-6562-41d8-95e5-7b49d70bde60_2face0_231_735_555_703_00002.png,4.15,4.15,0 0 0 0
6adf7c2d-42b3-44e4-a909-4b0c5bc3a08d_2069face0_398_535_219_297_00001.png,4.15,4.15,0 0 0 0
0e031eb7-7cc8-4bc6-a77d-b16235cebf3b_302face0_422_539_210_264_00001.png,4.15,4.15,0 0 0 0
92910527-eb35-4da0-b0d8-640e19b86170_2face0_420_384_233_316_00001.png,4.15,4.15,0 0 0 0
574cff7f-ef3a-48e0-b9b4-7564441d930b_2face0_386_408_249_325_00001.png,4.15,4.15,0 0 0 0
e07b7838-edc1-437a-a1c2-918d102e7fad_302face0_421_429_435_560_00001.png,4.15,4.15,0 0 0 0
37a548c5-0fe0-42c8-b98b-1632a82725b0_10001205face0_301_475_215_308_00001.png,4.15,4.15,0 0 0 0
0049b32a-6187-429b-923f-f8bfab065cc7_2face0_407_699_162_218_00001.png,4.15,4.15,0 0 0 0
cc483a66-8c69-44ed-9917-6044abfb5744_2face0_407_635_404_527_00001.png,4.15,4.15,0 0 0 0
20fd0ca5-e206-41eb-99c6-056c3644858a_2face0_476_340_180_244_00002.png,4.15,4.15,0 0 0 0
38e64fce-89d0-4bf1-a0ed-371555fa3474_2face0_308_208_207_283_00001.png,4.15,4.15,0 0 0 0
7ba764d5-d5c4-439e-be10-2c8c8dd745dd_2face0_441_201_543_751_00010.png,4.15,4.15,0 0 0 0
d9e91fb5-3ca8-4a95-91b9-896b30b1edfd_302face0_557_535_292_395_00001.png,4.15,4.15,0 0 0 0
a226fff5-c359-447a-93ed-07c163b5b44d_302face0_559_1003_127_168_00012.png,4.15,4.15,0 0 0 0
eb9ef86c-6d6e-4746-a22b-ced143744696_2face0_163_226_309_394_00003.png,4.15,4.15,0 0 0 0
f91eb1f2-e757-434f-9622-f5783e81a2f8_302face0_514_295_190_22300001.png,4.15,4.15,0 0 0 0
d11006f5-3a65-4cb4-8945-9cb4472ff988_602face0_74_239_954_106200004.png,4.15,4.15,0 0 0 0
b11bf720-ed4c-46cf-b0ce-45f9c0ca6ec7_2face0_352_245_302_405_00001.png,4.15,4.15,0 0 0 0
ed59f633-96f9-4c86-beed-2f3a8b737ef8_2face0_347_463_183_246_00001.png,4.15,4.15,0 0 0 0
3f2006b7-dbdf-4143-8fbc-99d7ff44945e_2face0_416_145_294_381_00001.png,4.15,4.15,0 0 0 0
beabe54e-4ce4-4952-b0a7-23cf551ed7ec_602face0_278_537_193_251_00005.png,4.15,4.15,0 0 0 0
79cfc524-884b-4258-88f3-4e8fd07053e8_2face0_401_681_249_24700003.png,4.15,4.15,0 0 0 0
55795c32-eea5-41c6-8b58-97a58f23bf19_2086face0_472_721_137_173_00001.png,4.15,4.15,0 0 0 0
2306395c-3d55-4672-8b72-c516924a01bb_602face0_256_178_319_407_00002.png,4.15,4.15,0 0 0 0
e7d66b22-c864-4922-8efc-1b8a0d2ace44_2face0_275_198_236_279_00006.png,4.15,4.15,0 0 0 0
c5ad38e6-4648-4dbb-8c0f-61841eaf2ce4_302face0_402_566_240_312_00001.png,4.15,4.15,0 0 0 0
a360a5e8-0d49-40eb-8430-a88b6542720a_302face0_377_437_168_225_00001.png,4.15,4.15,0 0 0 0
cab3bfb3-46d7-4cbe-bd6d-0ff789949250_2face0_341_159_319_399_00001.png,4.15,4.15,0 0 0 0
fb0a7f15-b8f9-44fe-b68c-942af73837ac_2face0_421_253_246_333_00002.png,4.15,4.15,0 0 0 0
a5c2bd04-5140-4c11-b138-16c14c1754f1_302face0_754_471_244_318_00001.png,4.15,4.15,0 0 0 0
40edad3e-3b07-425f-8138-30bbf1504e41_2face0_542_589_159_207_00004.png,4.15,4.15,0 0 0 0
4945ac0a-640e-4575-ae2d-857cf3d95c6a_302face0_424_269_190_257_00004.png,4.15,4.15,0 0 0 0
4e6f78a2-9a27-4317-b171-83fb644ffa5d_1801face0_371_255_267_392_00004.png,4.15,4.15,0 0 0 0
8c86de04-369b-4920-a95b-4110c2c5de47_302face0_364_467_487_671_00002.png,4.15,4.15,0 0 0 0
9eeb2295-07a1-411c-9dcf-d681a6dcf49a_10002096face0_164_468_208_251_00001.png,4.15,4.2105263157894735,0 0 0 0
28d5bc12-3a19-4831-99b3-038b60569d58_2face0_207_216_239_314_00009.png,4.15,4.15,0 0 0 0
a3eb5865-036e-484c-a069-f315bce113f1_2face0_458_544_141_179_00004.png,4.15,4.15,0 0 0 0
18f9d591-5785-44ae-9cc0-986bd84d5aa4_10000775face0_340_639_284_382_00001.png,4.15,4.15,0 0 0 0
9afe3af9-e67d-4f8c-b86a-1c3d81994ede_10000000face0_572_679_344_475_00008.png,4.15,4.15,0 0 0 0
cf0d274f-0b31-4e0c-a8e8-fc2f6f5f5b2f_302face0_483_471_178_19300001.png,4.15,4.15,0 0 0 0
4e34c876-7098-4a4b-b81c-86a63e36ba95_2face0_373_368_179_229_00001.png,4.15,4.15,0 0 0 0
0e7e3553-43bd-4e31-852c-fe0e3d357d35_302face0_349_372_359_484_00012.png,4.15,4.15,0 0 0 0
3a4b72f9-88c9-43d9-8aef-cd1a3ffa4847_2face0_468_569_155_209_00007.png,4.15,4.15,0 0 0 0
ccda7f8e-4647-4d42-b0c2-993dcc61dcf6_2face0_64_298_220_24300001.png,4.15,4.15,0 0 0 0
1c585111-ee44-409a-97f7-59988aed0ec6_2face0_405_807_249_342_00001.png,4.15,4.15,0 0 0 0
eead70ab-0410-4f50-a81c-baf60095d9ae_2face0_490_213_222_25300001.png,4.15,4.15,0 0 0 0
e22191a1-4264-422d-ab63-ea404303c2ad_1801face0_424_171_301_388_00001.png,4.15,4.15,0 0 0 0
c7bbec83-b6bb-4a7e-8826-53dd12cfb0da_2face0_406_302_320_410_00004.png,4.15,4.15,0 0 0 0
711422eb-50db-4df5-9852-9cca719d2ec9_2face0_321_59_242_312_00005.png,4.15,4.15,0 0 0 0
9e4cc30a-4bab-4118-a96a-b68570456e9d_2face0_291_483_329_444_00001.png,4.15,4.15,0 0 0 0
296c61fb-522c-47a7-8e03-8c3ea6aae47b_1802face0_451_580_233_307_00001.png,4.15,4.15,0 0 0 0
a5069822-6d5d-4216-b7b9-3897b9a8acf9_2face0_326_501_331_453_00001.png,4.15,4.15,0 0 0 0
9aa42434-adc3-4adb-8227-d8384b1af35d_2face0_383_512_277_368_00001.png,4.15,4.15,0 0 0 0
858d0490-539f-4615-8e63-8822e9c2bb4a_2face0_331_327_324_410_00001.png,4.15,4.15,0 0 0 0
490ec8f4-baa1-4052-903f-9d788b1c1da0_302face0_440_468_173_233_00001.png,4.15,4.15,0 0 0 0
1a0278b3-e482-4cb8-ac21-b71086bc5389_302face0_449_147_329_444_00002.png,4.15,4.15,0 0 0 0
164afc37-301e-4e43-b8e5-70c6bf7ac867_1801face0_396_649_259_338_00001.png,4.15,4.15,0 0 0 0
727111c5-8e87-4755-a98e-114b5d21b058_1202face0_421_535_256_325_00001.png,4.15,4.15,0 0 0 0
a17044eb-45bf-44bc-9df5-ddd2e52be397_2face0_461_304_235_316_00001.png,4.15,4.15,0 0 0 0
2ce6a7c3-0d55-4d10-81be-834b2a28c27f_2face0_535_432_169_220_00004.png,4.15,4.15,0 0 0 0
d41f7dd3-2546-4803-b5a5-99152c958c7f_2face0_328_283_308_388_00001.png,4.15,4.15,0 0 0 0
99f326b6-50cf-4c32-b6b4-aeb0b5c6d909_1792face0_425_580_145_190_00001.png,4.15,4.15,0 0 0 0
6696e77f-e7f1-48e7-b938-33ac18ebb7cf_2face0_193_100_306_410_00003.png,4.15,4.15,0 0 0 0
a9d1f1b7-96a9-49f5-ad19-d1edd0ba393c_2face0_510_576_180_247_00001.png,4.15,4.15,0 0 0 0
32e0e2c2-4e82-4ffc-b2a1-9a01fa5ca6a2_1801face0_457_567_179_244_00001.png,4.15,4.15,0 0 0 0
86154a20-31d8-42c3-a00c-d5e986211ccf_2face0_428_269_247_321_00003.png,4.15,4.15,0 0 0 0
f2d4b160-4035-4105-a71d-f121be99fea1_1801face0_747_286_280_366_00003.png,4.15,4.15,0 0 0 0
302af4e6-96bc-4589-9f5f-54b658f64256_2face0_421_554_260_347_00001.png,4.15,4.15,0 0 0 0
5b586b1e-28f6-457f-a1d2-05edceb1ccc3_2face0_255_557_365_536_00003.png,4.15,4.15,0 0 0 0
9f5be1f7-9a38-45e9-84c4-c08a9a22fe79_302face0_658_342_224_290_00001.png,4.15,4.15,0 0 0 0
d08ffe35-7f1f-4c17-a1e7-83a4139d7e0c_10000881face0_111_195_606_841_00004.png,4.15,4.15,0 0 0 0
1da9381f-6186-409e-8ec3-f6b209322841_302face0_510_80_190_255_00004.png,4.15,4.15,0 0 0 0
cff2d087-73ab-4d61-b599-5417f25b7414_2face0_373_461_210_259_00001.png,4.15,4.15,0 0 0 0
f8fa600f-3c1e-4c0b-bfd9-0b9b2fe5eff1_2face0_508_231_257_375_00002.png,4.15,4.15,0 0 0 0
895a8fed-9575-4418-a599-2b3dcd430357_2face0_240_618_388_42200001.png,4.15,4.15,0 0 0 0
3947e2e3-0b53-4534-b8e6-47cebef576e5_2face0_425_667_180_19600009.png,4.15,4.15,0 0 0 0
e20574cb-5b2e-46c7-b72a-4b9635f57e14_1801face0_412_679_264_357_00001.png,4.15,4.15,0 0 0 0
733cc625-cc35-4828-ba53-d2ddb0e2aee4_1801face0_134_321_586_786_00002.png,4.15,4.15,0 0 0 0
091165ca-a9ad-4f03-8c7a-7756bb2e82de_10000288face0_293_409_379_506_00001.png,4.15,4.15,0 0 0 0
0d474ead-30c7-47c8-8c05-97e63cd8b863_302face0_417_628_236_24900001.png,4.15,4.15,0 0 0 0
486a0082-0b03-4d65-9b82-fbb086814be6_1801face0_432_332_201_257_00001.png,4.15,4.15,0 0 0 0
a2cbab36-57ce-4c85-ac3a-d1d84d17347f_2face0_279_213_329_427_00011.png,4.15,4.2105263157894735,0 0 0 0
621e5c89-7a8c-4b7f-8e7a-fc3f186c8516_1801face0_420_351_200_266_00001.png,4.15,4.15,0 0 0 0
06dc519d-1d8b-4b60-ac2c-4a27cbb25131_2face0_456_424_149_194_00001.png,4.15,4.15,0 0 0 0
14df2ecc-ad27-4607-a433-df44a56c45c5_302face0_490_463_239_292_00001.png,4.15,4.15,0 0 0 0
c642bcec-f7a5-4774-86d8-5ef276976873_2face0_385_373_217_294_00001.png,4.15,4.15,0 0 0 0
3651ba64-5e11-4263-a241-8a25ddb79a60_2face0_527_593_204_246_00002.png,4.15,4.15,0 0 0 0
8773bd3d-b18b-426f-9740-0a17122f530a_2face0_462_748_194_255_00001.png,4.15,4.15,0 0 0 0
949c1ea5-223c-456b-9737-94c080432f15_2093face0_489_738_226_294_00002.png,4.15,4.15,0 0 0 0
7d469d31-6c27-4141-81b0-0dc4d9351f3c_2face0_172_486_155_205_00005.png,4.15,4.15,0 0 0 0
ae9f7494-23d4-4f30-bf8f-3751743969c7_1801face0_335_446_193_264_00001.png,4.15,4.2105263157894735,0 0 0 0
8db2e5f3-77f8-4dab-82a4-69f1c375aab9_2face0_109_520_215_292_00001.png,4.15,4.15,0 0 0 0
2a13780a-b071-402c-99a4-f5e01f890ac6_2face0_373_378_261_353_00001.png,4.15,4.15,0 0 0 0
a63cc901-d7ab-4b25-8e7e-362e9c92c507_2face0_311_474_196_262_00010.png,4.15,4.15,0 0 0 0
1e97070f-3fb7-4838-aee8-fe4f1a8cf113_1803face0_371_669_232_301_00001.png,4.15,4.15,0 0 0 0
49ef70e5-fd54-4c41-bba0-ab709e4feb2e_1802face0_283_308_125_170_00001.png,4.15,4.15,0 0 0 0
18860581-b592-45c3-b2aa-b547c40a085e_302face0_434_556_267_30200001.png,4.15,4.15,0 0 0 0
2a5ac13b-be24-43e3-8bb4-99881556bdce_2face0_437_646_163_223_00001.png,4.15,4.15,0 0 0 0
05552893-2782-4179-b41d-defc29f95ada_602face0_479_297_456_604_00001.png,4.15,4.15,0 0 0 0
3ea54be4-00a0-4dea-8954-4d0e78696c75_602face0_467_516_253_333_00001.png,4.15,4.15,0 0 0 0
f13ef15e-d608-47bf-af85-f3ec8173797a_302face0_473_510_217_299_00001.png,4.15,4.277777777777778,0 0 0 0
3ff6311e-1ab6-4f85-a350-3facf76fe8bb_2face0_274_535_256_333_00001.png,4.15,4.15,0 0 0 0
e08146c8-ca38-4222-9ce4-675bbe5851a6_2face0_554_495_161_207_00007.png,4.15,4.15,0 0 0 0
27c77e3a-c27b-4f32-ba76-69639b206e46_2face0_416_439_235_308_00001.png,4.15,4.15,0 0 0 0
a1adf3f1-2913-4835-bba5-ac31cf427bf2_2face0_554_200_271_344_00001.png,4.15,4.15,0 0 0 0
5174a73b-06d1-40ea-a456-8b3951f9e322_1801face0_300_435_134_173_00004.png,4.15,4.15,0 0 0 0
cafe7540-72e2-44c9-8d01-0a05185f4dd7_2face0_347_722_323_416_00002.png,4.15,4.15,0 0 0 0
023b9750-d9b9-461c-9688-1682551732df_2face0_393_156_249_353_00008.png,4.15,4.15,0 0 0 0
b9458124-8a8c-47eb-8154-260f0140ec06_302face0_401_572_230_296_00001.png,4.15,4.2105263157894735,0 0 0 0
246f9178-b299-4b97-941c-41b2c8cab3f1_2face0_317_665_380_42200001.png,4.15,4.15,0 0 0 0
d78fa329-1fdf-40af-ab46-362775dac7f1_2face0_367_459_237_340_00006.png,4.15,4.15,0 0 0 0
e0b5f755-4a8b-4341-801c-ab09ac573d75_2face0_546_197_198_253_00005.png,4.15,4.15,0 0 0 0
002886f4-f9fa-4c04-908b-d5cf99dac066_1684face0_326_455_352_469_00001.png,4.15,4.15,0 0 0 0
7720db1d-20c6-46b0-9ddb-3e83329fa983_2face0_253_478_509_645_00003.png,4.15,4.15,0 0 0 0
3e6d73bb-768f-437c-97a8-fb0f2b3bfa34_1801face0_434_444_281_377_00001.png,4.15,4.15,0 0 0 0
0c715a56-1716-4ebb-b580-6c0e9e48bf01_2face0_372_723_134_14300010.png,4.15,4.15,0 0 0 0
1c2f7593-45da-4248-abcc-589aef13538e_1790face0_415_645_201_260_00001.png,4.15,4.15,0 0 0 0
1538ce45-7ceb-4c21-812e-43f7103ce258_3599face0_388_624_246_336_00001.png,4.15,4.15,0 0 0 0
4a1cc19f-74ff-4950-a7ff-e177807c6cde_2face0_548_287_161_218_00004.png,4.15,4.15,0 0 0 0
4457cbdc-1bde-4632-844c-182f7664502e_2face0_443_520_228_296_00006.png,4.15,4.15,0 0 0 0
4a6a7e7b-e827-4d41-acfc-80d05a6aae16_2face0_196_579_555_691_00002.png,4.15,4.15,0 0 0 0
c3806548-9982-479b-bb8f-59740f7cb34a_10000601face0_354_468_151_199_00002.png,4.15,4.15,0 0 0 0
edfcc006-d4ea-459a-a081-cc53ec75f2e6_2face0_587_151_301_384_00008.png,4.15,4.15,0 0 0 0
9b461f6e-9e49-4744-b766-507111669d51_2face0_407_579_298_399_00001.png,4.15,4.15,0 0 0 0
053c495f-3b9c-457e-822e-cd416e3a1c42_1801face0_415_528_175_233_00001.png,4.15,4.15,0 0 0 0
7cedc5db-1876-4452-993a-c7fbd39f3050_2face0_251_248_244_327_00004.png,4.15,4.15,0 0 0 0
dbfbc431-552a-4571-a1de-cf6261a7dc54_302face0_229_311_652_888_00002.png,4.15,4.15,0 0 0 0
33e35dd5-6a63-451c-bc18-ce8942c7febf_2face0_435_80_271_347_00004.png,4.15,4.15,0 0 0 0
5073c490-9fdb-4a81-8f42-dda32366019f_2face0_466_477_257_349_00001.png,4.15,4.15,0 0 0 0
94265346-0ac2-4af2-875a-b4f997eab1ef_10000175face0_465_549_229_301_00001.png,4.15,4.15,0 0 0 0
fac1616d-49b5-402a-86e0-8fe2ce468fa5_2face0_422_783_268_340_00003.png,4.15,4.2105263157894735,0 0 0 0
0691d60c-705d-4bff-a1eb-10b4304dfa97_2face0_479_240_414_529_00004.png,4.15,4.15,0 0 0 0
bcaafcbc-5dd1-40c1-89eb-ff5e05dc5f2b_2face0_423_355_236_301_00005.png,4.2,4.2,0 0 0 0
d95df022-8f18-4839-8828-b637366b1dae_2face0_632_254_239_347_00001.png,4.2,4.2,0 0 0 0
8a4d98e7-3111-4622-9b9f-9c35a0bb1cb5_2face0_611_370_275_360_00007.png,4.2,4.2,0 0 0 0
f2db3e07-f39e-47e6-9175-67666622c2ab_1784face0_377_665_225_312_00001.png,4.2,4.2,0 0 0 0
e887e7b1-f076-43e9-8308-dd129b13bfae_2face0_531_273_273_368_00001.png,4.2,4.2,0 0 0 0
02261b52-6950-49a7-96ff-feac4c76f9e1_10000281face0_360_659_148_205_00002.png,4.2,4.2,0 0 0 0
36832e4a-7aaa-4a43-a778-c0402058b741_2face0_207_326_308_379_00010.png,4.2,4.2,0 0 0 0
9ef8e33d-fce7-4b0b-a904-ee5a988b4e1e_2face0_384_109_288_368_00010.png,4.2,4.2,0 0 0 0
67e6542c-1c88-44db-995a-f93908fd7387_2face0_380_355_210_268_00001.png,4.2,4.2,0 0 0 0
6fa27342-0925-4767-87d3-2a0f7e5e5d56_2face0_369_122_284_375_00008.png,4.2,4.2,0 0 0 0
a9b7847d-918c-4c43-b90d-65ef88cc1ef5_2face0_393_380_212_273_00001.png,4.2,4.2,0 0 0 0
fd89bbf8-3527-4f1a-8e28-4ca56bd1df7c_2face0_220_183_274_371_00002.png,4.2,4.2,0 0 0 0
eb5343f7-5850-4d44-8a42-2e81d03071b9_1801face0_377_545_386_42600001.png,4.2,4.2,0 0 0 0
b62642a7-3f49-4d63-b7ab-e8b620f34337_302face0_129_464_162_223_00005.png,4.2,4.2,0 0 0 0
6fae3e45-b931-4482-ba5f-3909917553b7_2face0_324_589_494_625_00001.png,4.2,4.2,0 0 0 0
32ad01ac-33af-4ccd-b460-3b6363f3a481_2face0_525_380_214_275_00001.png,4.2,4.2,0 0 0 0
740cb91d-8350-4854-8dd1-657bf1202965_1583face0_399_630_283_31000001.png,4.2,4.2,0 0 0 0
4ce44ff0-f511-48c0-a6d7-bca0b83a8b87_2face0_472_399_159_218_00001.png,4.2,4.2,0 0 0 0
702683d6-9a9e-48c4-8ca6-d61dd2405096_2face0_383_626_306_386_00001.png,4.2,4.2,0 0 0 0
856bf9fc-ed15-41e9-91fe-5f1bb6f469ad_2face0_195_454_397_512_00001.png,4.2,4.2,0 0 0 0
4f5244ee-a0b8-41f8-9799-0613d1de5ac6_2face0_631_637_226_290_00001.png,4.2,4.2,0 0 0 0
826bc3c1-034e-431c-9295-18f30b903735_302face0_449_414_203_273_00001.png,4.2,4.2,0 0 0 0
efe124f1-afe2-4cec-b85f-dfa74a9d73c4_2face0_417_648_217_301_00001.png,4.2,4.2,0 0 0 0
4cc78a86-d9be-489e-8b2f-6399e09f6446_302face0_279_363_215_301_00001.png,4.2,4.2,0 0 0 0
44a4e82c-aea9-4b34-b882-dc59ad80f016_2face0_436_469_180_236_00001.png,4.2,4.2,0 0 0 0
25d44595-06e4-4875-80a5-5838206fd891_1801face0_276_293_200_24100001.png,4.2,4.2,0 0 0 0
dee8dce4-5fa0-4ff6-9331-6d29811ad551_2face0_363_550_298_366_00001.png,4.2,4.2,0 0 0 0
e334257a-d7ae-4e53-89ea-7304c4fe3863_2face0_411_478_492_619_00006.png,4.2,4.2,0 0 0 0
02d6e5db-2a4f-4363-8b85-da51b4c43f0c_10003578face0_417_717_260_347_00001.png,4.2,4.2,0 0 0 0
a7629970-e5c9-44b5-99ce-19a712b41e34_1802face0_471_437_267_370_00001.png,4.2,4.2,0 0 0 0
845a5510-481e-47d4-bc50-44f034147e77_902face0_69_271_509_704_00001.png,4.2,4.2,0 0 0 0
1d01001f-921f-41ac-94f5-2ccbb5bf780f_302face0_298_446_144_175_00010.png,4.2,4.2,0 0 0 0
afb729c3-d68e-4640-b18c-3f70e97a3e10_2face0_190_255_641_871_00001.png,4.2,4.2,0 0 0 0
2ffb5711-1bcb-47dc-a402-125edcf4f60d_2face0_310_58_498_691_00001.png,4.2,4.2,0 0 0 0
1c1d2e77-2dea-4134-847f-c7a7feed2a6b_2face0_450_469_163_227_00001.png,4.2,4.2,0 0 0 0
f982117c-597a-467e-a0e0-85955236910b_2face0_449_344_232_321_00001.png,4.2,4.2,0 0 0 0
772dbe67-8651-4f7b-b67d-1a3e6243309b_302face0_511_284_415_571_00006.png,4.2,4.2,0 0 0 0
915bb2a4-2fe9-45da-bac8-ca3fb0f3867b_1801face0_400_315_239_320_00002.png,4.2,4.2,0 0 0 0
a79c0d88-f6fd-44c9-b638-596b9ddad2a7_302face0_426_432_240_316_00001.png,4.2,4.2,0 0 0 0
508c3be4-41be-42e0-9964-106fdc42a630_2101face0_382_330_214_259_00001.png,4.2,4.2,0 0 0 0
a3f2e7d9-a03a-4223-8c3b-eac95361e251_2face0_335_405_436_564_00001.png,4.2,4.2,0 0 0 0
062a4563-e5ac-4259-9c45-ee36ec038f2b_602face0_491_412_137_185_00001.png,4.2,4.2,0 0 0 0
0fc9a352-7fc0-4697-9b07-4220f37502f8_2face0_464_759_259_329_00001.png,4.2,4.2,0 0 0 0
c726b1e3-a86b-4365-ba7e-9a3776b4d5f5_2face0_137_202_294_388_00001.png,4.2,4.2,0 0 0 0
89854c5b-40f7-4d94-a83c-6edb6179a40f_2face0_394_397_288_381_00007.png,4.2,4.2,0 0 0 0
47d3a314-7075-4d84-9d5f-92d134a10e34_2face0_344_364_418_571_00001.png,4.2,4.2,0 0 0 0
36d50560-ffbe-48f0-b653-c9de8b7539c5_10000590face0_444_532_550_688_00001.png,4.2,4.2,0 0 0 0
d6aea31c-a264-46d7-8bb8-c253d527032a_2face0_487_673_205_277_00001.png,4.2,4.2,0 0 0 0
5f1cf315-ffa8-4e12-8990-ed73826bc4c5_10003934face0_379_674_219_290_00001.png,4.2,4.2,0 0 0 0
249fbf45-b221-427d-aec9-84cfeaafd649_302face0_552_254_156_212_00001.png,4.2,4.2,0 0 0 0
53f8cea2-92b2-40d4-b96e-5f0fae875a55_2face0_309_334_312_431_00008.png,4.2,4.2,0 0 0 0
a37aafd9-3c8c-4b7e-b08c-9c0a33b8de1b_1802face0_380_567_294_377_00001.png,4.2,4.2,0 0 0 0
bf899e5a-44ff-4955-8281-65a29880e638_2face0_453_503_163_231_00001.png,4.2,4.2,0 0 0 0
cb888803-8453-4c20-9071-71199d3812af_10000001face0_526_497_179_238_00001.png,4.2,4.2,0 0 0 0
ea3d6bcd-34ef-4693-b8e7-4514f8a75c7a_2face0_480_937_207_257_00001.png,4.2,4.2,0 0 0 0
1c69db89-f49d-45d2-95a8-ada10e026c8c_2face0_88_323_502_50500004.png,4.2,4.2631578947368425,0 0 0 0
152134fb-72bd-4611-8d39-2bd53ed67fce_2face0_296_252_368_490_00004.png,4.2,4.2,0 0 0 0
626d60ab-2d78-4a4e-b06a-f9e27c609cdf_2face0_465_155_240_342_00001.png,4.2,4.2,0 0 0 0
c6e3dd06-1d32-4f69-903d-39a1e25796fc_2face0_318_251_295_390_00001.png,4.2,4.2,0 0 0 0
b32f56eb-15fd-4083-bf62-116fe34a31f3_2face0_85_269_499_632_00008.png,4.2,4.2,0 0 0 0
82560b76-c709-45b6-a840-fc9efe3102df_10000001face0_453_508_278_384_00002.png,4.2,4.2,0 0 0 0
2367e905-e7ee-49aa-9f41-c56fb0ef34ff_10000288face0_254_382_131_173_00001.png,4.2,4.2,0 0 0 0
825873e4-1029-49cd-822d-c7da4a8b8ab7_10000268face0_204_436_156_209_00001.png,4.2,4.2,0 0 0 0
074d5c77-783d-46ec-a7a8-751ec427649e_2face0_185_397_191_262_00001.png,4.2,4.2,0 0 0 0
164be53d-8243-45fd-b2a9-98e359ced348_302face0_467_559_179_236_00001.png,4.2,4.2,0 0 0 0
4e698ef8-2469-4c2a-ba04-bdc7d5264f52_10003191face0_372_602_382_516_00012.png,4.2,4.2,0 0 0 0
40a58276-8247-4680-b41c-3661f2372ad3_2face0_309_541_251_310_00001.png,4.2,4.2,0 0 0 0
b5481671-72e8-4def-aefd-21d3339ee589_2face0_194_380_235_25600001.png,4.2,4.2,0 0 0 0
cc96afa9-8628-4e75-918d-5af07327c2b1_1801face0_433_404_253_334_00001.png,4.2,4.2,0 0 0 0
2a4ed726-aeb9-4830-ab63-58a0be1bd93a_2face0_143_286_234_25000001.png,4.2,4.2,0 0 0 0
3ca1fcc3-95f9-406c-8920-65cb4b51ebd1_2face0_403_378_184_259_00009.png,4.2,4.2,0 0 0 0
0f1426ac-5a98-46f7-9613-0f338441b98b_2face0_676_140_306_407_00001.png,4.2,4.2,0 0 0 0
7d36d385-ddbe-4df9-8234-df0ad12316d5_1801face0_424_544_165_225_00001.png,4.2,4.2,0 0 0 0
d05171dd-abe9-4e55-959a-9e4cfc254268_2face0_363_580_505_55900002.png,4.2,4.2,0 0 0 0
53039b1d-951f-408f-94e7-ec6c1f20e378_2face0_389_280_271_382_00001.png,4.2,4.2,0 0 0 0
d174d95c-91b4-4029-9f17-c9c7e8daacc8_2face0_313_195_270_379_00001.png,4.2,4.2,0 0 0 0
ae01e8e9-57c2-450e-b2a5-4f9682e88f32_1801face0_383_577_250_329_00002.png,4.2,4.2,0 0 0 0
8077699d-b4b0-4482-b9ba-785c05ec22b6_10001790face0_356_988_257_336_00001.png,4.2,4.2,0 0 0 0
3849bdd7-e1ca-4879-b5d7-b33d46d84aca_2face0_193_210_586_780_00002.png,4.2,4.2,0 0 0 0
03163c8f-7c0f-47c2-918b-eeb177710119_302face0_600_751_142_186_00001.png,4.2,4.2,0 0 0 0
29389bcf-eee1-4b1d-b213-dca822d9c763_1800face0_411_565_236_283_00006.png,4.2,4.2631578947368425,0 0 0 0
8300369c-9143-465b-873e-d5c71d13f338_4141face0_443_625_211_270_00001.png,4.2,4.2,0 0 0 0
30e01001-285f-4732-a5a3-e37d6a831d05_1782face0_325_354_177_236_00001.png,4.2,4.2,0 0 0 0
00b621a3-01eb-42ab-b462-28d6e6c0b319_2face0_533_684_122_13100001.png,4.2,4.2,0 0 0 0
c26a4b04-6dd2-4eb0-a538-f7da3a9175c8_1801face0_460_498_244_336_00001.png,4.2,4.2,0 0 0 0
c5614e2d-e069-4e7c-9f52-327cde24bffc_2face0_413_226_492_717_00001.png,4.2,4.2,0 0 0 0
e7ba3438-b877-4221-925e-f1fa15c7a49b_3face0_168_191_666_921_00001.png,4.2,4.2631578947368425,0 0 0 0
ab09229d-0d71-46b7-a180-480647da9107_1801face0_454_249_176_236_00011.png,4.2,4.2,0 0 0 0
2de45079-b746-4980-9388-e2dd81e192a2_2face0_539_291_194_259_00001.png,4.2,4.2,0 0 0 0
da941ee0-8046-46c3-98e5-8bcb319169c8_2face0_457_653_243_25200001.png,4.2,4.2,0 0 0 0
4ad06410-163d-42ba-932c-f63183cf6dc2_2face0_324_119_281_368_00003.png,4.2,4.2,0 0 0 0
62d1938e-5812-4e1c-a7ae-b8200366cb87_2face0_216_408_292_362_00005.png,4.2,4.2,0 0 0 0
4b716370-059f-4772-9b3a-e3e8a8b9298d_2face0_302_391_475_645_00001.png,4.2,4.2,0 0 0 0
02573b9b-decf-4b8a-8cec-6a75a6f48d95_2face0_229_392_496_54300007.png,4.2,4.2,0 0 0 0
aa84e32e-5ad7-4759-a6bc-94a3070360ad_302face0_345_495_204_270_00001.png,4.2,4.2,0 0 0 0
b41db5b2-f1b1-4310-b4d8-0000de2b2a40_302face0_349_412_268_353_00002.png,4.2,4.2,0 0 0 0
d09f9106-0781-43cc-a082-8e9424dd15dd_302face0_523_338_301_401_00001.png,4.2,4.2,0 0 0 0
4f773b5f-eabb-4079-9160-54369fdc2da0_10001798face0_528_328_254_353_00008.png,4.2,4.2,0 0 0 0
7e6d1811-91d5-4aa4-b4cb-6f51c14d48f8_2face0_333_410_182_246_00001.png,4.2,4.2,0 0 0 0
fc165bab-845e-4f2f-baae-23815c47ba83_10002445face0_434_850_173_236_00001.png,4.2,4.2,0 0 0 0
1aeb9674-cc82-4571-9a16-8ef3433d4d03_2face0_465_653_127_12400001.png,4.2,4.2,0 0 0 0
136954e6-4058-4bfd-b91c-152cc4c6d2a6_2face0_484_293_214_275_00005.png,4.2,4.2,0 0 0 0
e7934c1e-15b1-4a26-b865-53a25894c3ab_2face0_470_348_313_34000009.png,4.2,4.2,0 0 0 0
c73feefc-15bd-4510-b5dd-224838ca6bee_10001297face0_405_799_259_353_00001.png,4.2,4.2,0 0 0 0
bf5eb966-bb4a-4cb6-96d8-31a19ee41056_2face0_457_345_191_262_00003.png,4.2,4.2,0 0 0 0
a0986e18-7091-4f71-961f-5c959f0d22b8_2face0_545_351_215_277_00003.png,4.2,4.2,0 0 0 0
1ddd7a05-6029-4851-90f5-001be1e85913_2face0_467_655_199_21500001.png,4.2,4.2,0 0 0 0
c0478811-0eb3-40c0-a964-07b32996d669_2face0_840_536_168_17400001.png,4.2,4.2,0 0 0 0
48b73ef7-a058-404b-a994-c4a558a442b7_302face0_435_412_200_268_00001.png,4.2,4.2,0 0 0 0
6f9a479b-0867-4e35-9e82-e9fb38e64c6f_2face0_519_211_232_320_00001.png,4.2,4.2,0 0 0 0
d71a9421-6d03-412c-b5e6-95f3a074a7ac_2face0_341_243_237_305_00001.png,4.2,4.2,0 0 0 0
a3957a48-1c7e-4b3d-9616-bad085bb1c5f_302face0_331_101_281_392_00001.png,4.2,4.2,0 0 0 0
a28d619f-a109-42a0-920a-a1e241e70830_2face0_377_509_273_368_00006.png,4.2,4.2,0 0 0 0
8c298a7c-2b84-4efe-88b8-f2c4bd6995e4_2face0_287_372_189_238_00001.png,4.2,4.2,0 0 0 0
e073fd44-b810-4d98-9fce-2db9f070bfca_2face0_670_322_193_249_00006.png,4.2,4.2,0 0 0 0
71dc452a-6492-4d53-82fa-6744baa8bc72_2face0_438_755_182_244_00001.png,4.2,4.2,0 0 0 0
7c02d3d2-769d-4299-9470-42f0d694d452_602face0_533_465_144_196_00003.png,4.2,4.2,0 0 0 0
e8b4b030-b571-4355-8f16-bdef0dd7aa51_302face0_604_484_194_270_00001.png,4.2,4.2,0 0 0 0
ee207104-6265-4e3a-b0aa-98a19ed2e74e_2face0_363_509_175_18500001.png,4.2,4.2,0 0 0 0
71e8e43a-09f1-44a6-a22c-a50a4fcaa328_302face0_589_625_439_606_00006.png,4.2,4.2,0 0 0 0
be139c7a-ec86-40f2-a2a4-6c2058eed80d_1801face0_437_528_273_377_00008.png,4.2,4.2,0 0 0 0
c836ab86-9c0e-4f98-aa90-3bb4c7e7e7fa_2face0_379_349_212_279_00001.png,4.2,4.2,0 0 0 0
4cd5d680-ab77-4668-accd-72f34e7461b3_2face0_371_373_187_251_00001.png,4.2,4.2,0 0 0 0
1cebd9d7-6635-4ed1-8333-01d1e2237a38_2face0_350_146_446_617_00001.png,4.2,4.2,0 0 0 0
a3019902-e439-4d86-b596-8b8f3398858f_2face0_611_388_177_231_00002.png,4.2,4.2,0 0 0 0
d2d885ca-3ef9-4ea4-ae3a-8d2ced558df8_10001685face0_534_849_191_244_00001.png,4.2,4.2,0 0 0 0
7651cb18-bf4f-43a0-82ef-61a75fec3222_1801face0_420_452_237_290_00005.png,4.2,4.2,0 0 0 0
d16fa209-fa3b-45ef-8e3a-5ece31017394_10000301face0_486_412_194_259_00001.png,4.2,4.2,0 0 0 0
42c09b49-768c-42a1-ab83-5f5b60717b35_2face0_517_482_186_231_00001.png,4.2,4.2,0 0 0 0
75c9e884-62be-46b8-ab18-00be550bc9d5_2face0_351_464_345_447_00001.png,4.2,4.2,0 0 0 0
c0527bc7-e197-4acf-b429-f1cce9f62343_2face0_343_491_218_25600001.png,4.2,4.2,0 0 0 0
65981116-3f57-4661-ba97-db80dd6404b7_2face0_391_178_203_273_00008.png,4.25,4.25,0 0 0 0
0bb49e15-cab6-4e59-ba0f-ab577bf8b667_2face0_419_161_254_325_00001.png,4.25,4.25,0 0 0 0
287e7af1-cb50-447d-82ba-152eecf1016a_2face0_214_258_548_752_00001.png,4.25,4.25,0 0 0 0
93c2b4d8-c142-4ff2-bda4-56a9adf83789_2face0_370_434_268_384_00001.png,4.25,4.25,0 0 0 0
4becc67b-6ca1-4cb1-bd3d-bd2c91a00ac8_10001410face0_228_320_520_651_00002.png,4.25,4.25,0 0 0 0
e7892881-cfe8-4a71-bc47-0177958f2118_2face0_437_666_194_255_00001.png,4.25,4.25,0 0 0 0
c3132fc4-f730-4402-b794-c917032435f4_1801face0_465_484_236_327_00001.png,4.25,4.25,0 0 0 0
0087e902-81f4-4978-84f1-679dcb6ca5db_302face0_282_222_205_271_00006.png,4.25,4.25,0 0 0 0
781b67cb-539c-4b63-ae6e-f35a40de4827_2face0_687_640_254_323_00001.png,4.25,4.25,0 0 0 0
f0aa7bb8-f9b0-4d15-a432-d14d19d49e65_10000492face0_428_594_268_368_00001.png,4.25,4.25,0 0 0 0
e4838556-71c3-4977-b78f-92d8a25c8b18_302face0_284_314_351_481_00002.png,4.25,4.25,0 0 0 0
21e45851-f122-4290-af47-748c57d2c2d6_1801face0_358_559_407_530_00001.png,4.25,4.25,0 0 0 0
b4182746-478f-463c-ae17-7c96eec438bc_2face0_489_230_236_308_00002.png,4.25,4.25,0 0 0 0
23bf2a77-29d7-4183-98d2-9afbe7e2a1d0_3601face0_458_409_201_268_00001.png,4.25,4.25,0 0 0 0
d287fd6d-0bbf-42a0-bb64-607ff526cf0c_2face0_392_310_219_310_00001.png,4.25,4.25,0 0 0 0
c58912af-5e41-4e0e-88c7-6adb52cdcddf_2face0_351_221_244_325_00001.png,4.25,4.25,0 0 0 0
dc8f01fd-99c7-430b-85cb-297f65096443_2face0_451_290_237_329_00004.png,4.25,4.25,0 0 0 0
989a9b6d-70f5-4cb0-9883-f41c8669a485_2face0_422_497_284_355_00001.png,4.25,4.25,0 0 0 0
ab2ad794-ab2f-41ac-8a9e-dad7abdf141f_2face0_376_406_221_292_00001.png,4.25,4.25,0 0 0 0
e4d36314-89ef-4cf5-80f7-8a0e85434599_302face0_417_154_246_316_00001.png,4.25,4.25,0 0 0 0
68ef21b7-7f5b-4ec3-9db1-1fe735e5a998_2face0_212_256_301_384_00001.png,4.25,4.25,0 0 0 0
7df07b6b-7001-41fb-a7b4-75627f02554c_10000001face0_349_294_237_320_00007.png,4.25,4.25,0 0 0 0
5b31258a-f905-47f3-939c-3018a533d75a_2face0_511_478_267_27100003.png,4.25,4.25,0 0 0 0
2007e2c3-3830-46f8-9856-f5e787522d42_302face0_453_367_243_327_00001.png,4.25,4.25,0 0 0 0
11eaeea8-beba-4028-8e66-abd42bb948a8_302face0_436_349_130_172_00004.png,4.25,4.25,0 0 0 0
c0fcaf4b-3ce1-4fc7-9a6f-82a3df065a09_2face0_646_160_379_499_00001.png,4.25,4.25,0 0 0 0
d56915de-bd52-4230-b18d-7f8d96262482_2face0_385_572_271_321_00001.png,4.25,4.25,0 0 0 0
61a63de0-bad1-49bd-af2d-fafd3f3d6171_302face0_371_271_247_344_00001.png,4.25,4.315789473684211,0 0 0 0
66231d0c-7d80-49c8-a749-2f4e08a710f1_2face1_264_370_165_199_00001.png,4.25,4.25,0 0 0 0
9daf197b-adbd-43ee-a01f-d1e6673ff970_2face0_164_91_496_717_00002.png,4.25,4.25,0 0 0 0
b241f299-d3f3-470d-9238-c41d20dea216_302face0_430_499_344_431_00001.png,4.25,4.25,0 0 0 0
54ec2f03-1357-4a90-be42-a08bb8b831bd_1801face0_263_606_489_625_00001.png,4.25,4.25,0 0 0 0
5af507c9-2b21-4abb-ab2b-063970c6d365_302face0_393_339_179_238_00001.png,4.25,4.25,0 0 0 0
3b5b97fb-613e-42cb-b214-f73dbc1e4325_302face0_407_426_282_408_00003.png,4.25,4.25,0 0 0 0
57381b07-5ebb-4ea1-905d-dd05f65ce3c1_602face0_594_358_299_414_00001.png,4.25,4.25,0 0 0 0
64bd67e0-f107-4f5a-b61d-821f6462b5e0_302face0_492_304_277_381_00001.png,4.25,4.315789473684211,0 0 0 0
3c7d4b75-0e6b-45c3-88e3-8a1d134e8f89_302face0_481_455_505_678_00003.png,4.25,4.25,0 0 0 0
50ef4225-5413-430b-9daf-7e4c2bcb037c_10002104face0_420_692_236_297_00001.png,4.25,4.25,0 0 0 0
d55416b9-4c0e-446d-9c6e-c59e89c5d1ad_2face0_483_56_259_334_00004.png,4.25,4.25,0 0 0 0
b1e3a11e-f76b-4eb2-a964-5c9c7a5ecc43_2face0_526_774_177_220_00001.png,4.25,4.25,0 0 0 0
df0ab7f9-dca2-4eb2-a7c3-a8fe079e6778_1801face0_422_443_355_473_00001.png,4.25,4.25,0 0 0 0
b1b58280-3e36-443f-a052-c0435e043ee5_2face0_258_101_523_691_00001.png,4.25,4.25,0 0 0 0
6a98b7d4-25bc-4ab2-a2ad-5eba63392f08_2face0_422_435_201_288_00001.png,4.25,4.25,0 0 0 0
f615d44e-c37d-4b7a-a4c7-436686dba7f6_302face0_392_333_268_357_00003.png,4.25,4.25,0 0 0 0
c7e488dd-7f2c-47f3-9e76-54327fd7c918_1799face0_367_547_236_312_00001.png,4.25,4.25,0 0 0 0
032fcb17-6b39-494e-aa30-9e8b9da9fdc7_302face0_385_661_288_360_00001.png,4.25,4.25,0 0 0 0
41926b4a-abc4-4aab-ab09-1329796e3777_10000440face0_182_219_322_431_00006.png,4.25,4.25,0 0 0 0
3f7157d4-c46b-4232-a0d2-90c46c709204_2face0_258_386_550_725_00001.png,4.25,4.25,0 0 0 0
ebcb69a5-ba0e-4f61-b7c8-f942fe0f18c7_2face0_314_681_434_584_00001.png,4.25,4.25,0 0 0 0
3d2fc490-2a33-423b-8831-aa37edd16507_2face0_634_887_127_170_00010.png,4.25,4.315789473684211,0 0 0 0
52034a87-28f5-4a39-bac5-6960c653e1fa_2face0_431_161_251_340_00001.png,4.25,4.25,0 0 0 0
5bc8aa76-0318-4e14-9ace-fcbb78664659_2face0_363_294_257_336_00012.png,4.25,4.25,0 0 0 0
7147c042-5b01-46b7-b93e-79849a9c9ec2_2face0_313_252_276_30500001.png,4.25,4.25,0 0 0 0
7d5bd86f-307e-4241-8c08-a7a363a598c9_2face0_547_668_229_24400002.png,4.25,4.25,0 0 0 0
7a0ad476-913f-4a2b-85c6-9bc5c7bc8858_3556face0_303_472_148_16600001.png,4.25,4.25,0 0 0 0
30302687-1f3d-48a7-a97c-a5ec5d1f74ce_2face0_250_507_323_416_00001.png,4.25,4.25,0 0 0 0
ea78aa99-f874-440a-867f-179116439e9b_10000301face0_446_611_225_292_00001.png,4.25,4.25,0 0 0 0
5f230fc8-4efc-472d-8ab8-89b4e5abd999_2face0_364_487_262_28300001.png,4.25,4.25,0 0 0 0
19620684-5553-48e9-abb9-69d816d80387_602face0_468_635_141_177_00001.png,4.25,4.25,0 0 0 0
eb7bde16-48e6-43b6-9b5d-14c9971316b6_2face0_392_456_168_18400001.png,4.25,4.25,0 0 0 0
84f0fe72-b20d-439e-af16-8f556810ced3_2face0_420_450_188_22400007.png,4.25,4.25,0 0 0 0
270f4da3-aecf-4d99-a0ce-d58b148d4114_2face0_392_703_201_253_00001.png,4.25,4.25,0 0 0 0
00c320af-1873-4b1a-b282-f74924bcc068_602face0_289_508_155_199_00004.png,4.25,4.25,0 0 0 0
6cf2c223-32cb-4337-8850-ca31b0ca10aa_602face0_720_492_147_207_00001.png,4.25,4.25,0 0 0 0
14a2c7d7-4319-49df-ab27-bb2625bb7ba2_2face0_389_245_228_310_00001.png,4.25,4.25,0 0 0 0
4669a6dd-89c7-4c7a-ba5b-7c8211bf47b3_1801face0_357_555_396_510_00001.png,4.25,4.25,0 0 0 0
957b3b4b-2c90-4a3c-bc4b-5546b936ac32_2face0_410_198_242_345_00001.png,4.25,4.25,0 0 0 0
620602e7-756a-4d3f-a4b9-464331cc0c03_2face0_322_163_581_752_00002.png,4.25,4.25,0 0 0 0
a3061236-00bb-4aca-8238-b0a848935e8f_2face0_429_609_301_384_00001.png,4.25,4.25,0 0 0 0
4e9ef8db-bf22-41f4-af54-89bd89df3234_2face0_530_151_254_334_00001.png,4.25,4.25,0 0 0 0
fc521ae1-b307-4b2a-ac24-1663aee481c5_902face0_343_343_436_601_00001.png,4.25,4.25,0 0 0 0
d5327541-d7cd-4cb4-a571-f30398a53c2e_302face0_549_419_208_275_00001.png,4.25,4.25,0 0 0 0
15f5816e-9fcf-44c1-9ebc-b7c837c19cf8_2face0_372_567_189_246_00001.png,4.25,4.25,0 0 0 0
c8ab5325-8038-41d3-b2a7-cafc8b6ab2dd_302face0_364_146_308_419_00001.png,4.25,4.25,0 0 0 0
6ca4b849-09c7-49f8-9296-0f59e7c19e92_10001801face0_350_503_154_199_00001.png,4.25,4.315789473684211,0 0 0 0
cbb7bdc3-1fa6-4cec-ab7f-b7ec8e1dfd6a_2face0_354_521_212_266_00001.png,4.25,4.25,0 0 0 0
468eda61-f498-4eb9-ad67-0cea53a449a9_2face0_405_415_256_342_00002.png,4.25,4.25,0 0 0 0
31812e27-625d-466c-8215-05223467ee8d_2face0_291_290_588_782_00001.png,4.25,4.25,0 0 0 0
85a90f54-9431-449b-b967-41fecada1043_2face0_359_186_365_479_00001.png,4.25,4.25,0 0 0 0
a9896b5c-8524-4c13-a598-6cd431ce8bd1_10000131face0_562_444_152_222_00001.png,4.25,4.25,0 0 0 0
ff459b5e-4e14-4240-b62f-004b96e3a25f_302face0_621_251_193_257_00011.png,4.25,4.25,0 0 0 0
780d1bab-bb82-4128-a600-fd04b7e2357a_10000594face0_479_653_207_286_00001.png,4.25,4.25,0 0 0 0
cbc534dc-a5a1-4a1f-9ab1-4bdcb4fe5290_1801face0_656_622_208_268_00002.png,4.25,4.25,0 0 0 0
85a5c5b3-d23f-49d0-9f42-c16a6748f60a_2face0_634_79_376_499_00001.png,4.25,4.25,0 0 0 0
fd3db2ff-faba-494c-accb-3b1b6bd31d5c_2face0_344_185_221_292_00001.png,4.25,4.25,0 0 0 0
546e1a0a-19db-4ef6-82a3-5d46f351817e_2face0_319_576_344_434_00001.png,4.25,4.25,0 0 0 0
d9940998-1492-4b56-895f-8b55b7dfb976_2face0_247_98_676_893_00001.png,4.25,4.25,0 0 0 0
7673cd85-6f09-41a9-a1be-87c96a5281b0_2face0_474_232_260_351_00008.png,4.25,4.388888888888889,0 0 0 0
4e3dd58e-6cc7-4203-9781-15cdb7fb4cf5_2face0_329_583_154_199_00001.png,4.25,4.25,0 0 0 0
51e091be-95d3-4f04-a759-57a6ce1f9685_2face0_369_404_208_281_00001.png,4.25,4.25,0 0 0 0
34d2a362-8f59-4a28-994b-03fef9b03c50_2101face0_384_326_204_286_00002.png,4.25,4.25,0 0 0 0
b2b3d8a8-0bfa-4114-93e0-9adb08ac8d03_2face0_442_624_191_253_00001.png,4.25,4.25,0 0 0 0
0a40304f-fcd8-42c7-b6fd-41057be71ff8_2face0_448_478_194_21000001.png,4.25,4.25,0 0 0 0
d7d83a96-7923-4382-b211-7b802eb9f738_2400face0_466_632_271_362_00001.png,4.25,4.25,0 0 0 0
8c0d7463-8415-46f9-9c1a-5feae5709639_2075face0_448_561_206_22600001.png,4.25,4.25,0 0 0 0
487d3cba-2d97-42d2-a2d7-7f08e902625a_602face0_639_460_201_275_00001.png,4.25,4.25,0 0 0 0
3b20b5f6-c93e-4c7a-94c8-8eb9b0488a5d_2face0_524_669_158_214_00005.png,4.25,4.25,0 0 0 0
92298460-45be-4b18-8890-3676dcbecd9d_1795face0_716_867_225_277_00003.png,4.25,4.25,0 0 0 0
650786d2-a992-4220-aa81-e793c4c4e6fa_2face0_421_143_330_431_00001.png,4.25,4.25,0 0 0 0
6b8dad56-8846-43c1-8010-5d137b3fa267_2face0_343_454_544_699_00001.png,4.25,4.25,0 0 0 0
fb4ffe69-0d98-4b13-8d8b-b541373ba663_2face0_353_358_256_320_00001.png,4.25,4.25,0 0 0 0
c806019b-6bde-43d2-9db2-247cdba96cc6_302face0_663_383_239_318_00001.png,4.25,4.25,0 0 0 0
8f95beb0-c6f5-45ad-b2cd-70e72483e763_10000317face0_449_522_235_314_00001.png,4.25,4.25,0 0 0 0
592e816b-faae-48a5-8eed-7958e0a86acf_2face0_551_175_182_231_00001.png,4.25,4.25,0 0 0 0
d8f75ba5-f165-4690-9996-1ac102c5f17e_2face0_374_296_373_486_00001.png,4.25,4.315789473684211,0 0 0 0
7c9cfab8-bd17-4ef8-9ce4-01e01cd864fd_1798face0_479_148_323_453_00003.png,4.25,4.25,0 0 0 0
08bf6a19-56c3-4f1d-81fa-220d9d2a7dbd_2face0_290_569_512_682_00002.png,4.25,4.25,0 0 0 0
5c64c258-85d5-426a-b456-db30795ac6f9_602face0_544_89_267_360_00008.png,4.25,4.25,0 0 0 0
1d785f4b-2419-48a7-aa75-41e30d14a3dd_602face0_348_523_214_283_00001.png,4.25,4.25,0 0 0 0
cf502b8e-5f28-4359-8ea3-76d4a60e1497_2face0_420_703_266_353_00002.png,4.25,4.25,0 0 0 0
cb2dbeae-31f6-433a-b1d7-b2eb29b058fc_2face0_501_538_260_333_00001.png,4.25,4.25,0 0 0 0
eb4b18ba-df6b-4161-80c0-b72822ee04f9_2face0_384_618_165_214_00009.png,4.25,4.25,0 0 0 0
86789ec2-ea3a-48ca-9eb4-db3dce6d9e53_10000301face0_415_646_210_22100001.png,4.25,4.25,0 0 0 0
a78e0fa2-420d-4274-ae5b-403812f6b9dd_2face0_270_439_135_177_00001.png,4.25,4.25,0 0 0 0
6d9111f5-57de-4709-b4eb-e3756b1af6ee_2face0_221_138_443_590_00001.png,4.25,4.25,0 0 0 0
25861db8-2c1b-40c3-820b-2718b395ba0a_2701face0_378_440_152_199_00003.png,4.25,4.25,0 0 0 0
4eef0e7e-9434-4067-ba86-49b96928147e_1779face0_359_487_278_358_00001.png,4.25,4.25,0 0 0 0
6dfbdfaa-aed2-44b2-8647-9c4cb76fe979_2face0_452_680_128_177_00001.png,4.25,4.25,0 0 0 0
b5fc87d6-7117-44ca-85b1-4efbc059a7cc_2face0_518_304_208_277_00001.png,4.25,4.25,0 0 0 0
8a1491ba-cbe4-491e-b691-91c21929e922_2face0_502_301_208_22100006.png,4.25,4.25,0 0 0 0
e0ba568b-5f0f-48ee-9045-508620b6f6b7_2102face0_416_669_267_344_00001.png,4.25,4.25,0 0 0 0
ff1e2c59-ddf4-474c-8726-6a057213a8d3_2face0_279_237_243_320_00001.png,4.25,4.25,0 0 0 0
c5eaffb1-9520-4bc7-89da-afdcda3f17c1_10001787face0_310_263_141_186_00001.png,4.3,4.3,0 0 0 0
3057a56d-d72a-4813-b428-63166fed73c9_10001799face0_369_57_313_399_00001.png,4.3,4.3,0 0 0 0
2b02b38d-1580-4794-a428-5c5c661049d6_2face0_422_596_221_294_00001.png,4.3,4.3,0 0 0 0
e5d8793e-e4fb-4763-9e15-abfdceacb94d_2face0_442_475_420_549_00001.png,4.3,4.3,0 0 0 0
523a119c-829d-4aaf-a86b-06d6a3b32b10_1801face0_280_385_435_588_00001.png,4.3,4.3,0 0 0 0
2fd66136-61a0-4e86-a423-4e8efb18a660_302face0_414_289_218_283_00002.png,4.3,4.3,0 0 0 0
dd6eebeb-1c9d-4cf4-93bb-18799cdaf2b0_2face0_313_297_357_466_00001.png,4.3,4.3,0 0 0 0
87cf5cc9-5005-4082-96cc-56e9c237ab5a_2face0_629_455_161_201_00001.png,4.3,4.3,0 0 0 0
d4e6204c-b56f-4686-9522-54a80f29bedd_2face0_370_479_159_205_00001.png,4.3,4.3,0 0 0 0
d7a69ec7-65f1-4be4-bb88-d4a10cd607a3_2face0_285_444_488_673_00001.png,4.3,4.3,0 0 0 0
4e2009b0-4617-4ca0-ac20-9dd867582956_2face0_734_736_124_14400002.png,4.3,4.3,0 0 0 0
f54ea1b1-5220-48b5-a7a3-eedd4a2083d3_1762face1_413_755_317_384_00001.png,4.3,4.3,0 0 0 0
8f547174-e2bc-4ca4-b3f8-152c6c0fd8e3_2face0_433_560_345_468_00002.png,4.3,4.3,0 0 0 0
b29819e8-46f9-4b57-8edf-36bb18ac1ba7_302face0_224_444_322_427_00002.png,4.3,4.3,0 0 0 0
01649e2d-d051-45a4-ac8e-a443bb39fcd9_2face0_534_655_148_197_00004.png,4.3,4.3,0 0 0 0
85cf8f99-20fc-470b-be47-87aef4637820_2face0_646_368_213_24400007.png,4.3,4.3,0 0 0 0
c351ceb8-3608-451f-8991-6189a500efef_2face0_430_560_214_21800004.png,4.3,4.3,0 0 0 0
9a2e7f64-6954-442e-afb6-fee43f25763c_2124face0_425_616_257_334_00001.png,4.3,4.3,0 0 0 0
9524aede-1368-4bfb-a5a7-8a466babc3e3_2face0_602_574_152_197_00007.png,4.3,4.3,0 0 0 0
34648b4a-a4ea-444b-b6b6-a4e9fc14ce51_2face0_508_355_218_284_00003.png,4.3,4.3,0 0 0 0
109e5bc9-1bbe-48dc-a37d-d3ec195f765b_2face0_298_476_179_234_00001.png,4.3,4.3,0 0 0 0
aa39c9be-23dd-4a05-bae7-859c8816e8ea_2face0_391_339_178_18800004.png,4.3,4.3,0 0 0 0
a8906305-da2e-4b9e-a6ec-0052b8b34b42_2face0_419_401_161_199_00001.png,4.3,4.3,0 0 0 0
2a23c4bc-604b-4c65-a950-5038f177e69e_1801face0_469_662_193_262_00002.png,4.3,4.3,0 0 0 0
f89fe28f-c3c6-4b5c-b5b8-37f37e67bf64_2face0_278_117_382_501_00001.png,4.3,4.3,0 0 0 0
14c03101-6a73-4864-9676-918ef12134cf_2face0_444_235_317_444_00001.png,4.3,4.3,0 0 0 0
2958059b-52fb-40fb-9c82-e42dfd4641ed_2face0_382_181_233_333_00001.png,4.3,4.3,0 0 0 0
b976f8dd-fad2-42cb-b82b-184ceb646de4_2face0_422_326_282_355_00009.png,4.3,4.3,0 0 0 0
8e31f3db-e1e6-4c3b-a61b-c69067747cda_302face0_652_517_253_333_00004.png,4.3,4.3,0 0 0 0
b054acee-a1eb-45df-aeb8-466d87befadd_2396face0_407_504_173_242_00001.png,4.3,4.3,0 0 0 0
9a3ed5d0-34ed-47a5-bc02-d47e1e24f0db_2face0_323_422_488_643_00002.png,4.3,4.3,0 0 0 0
231fad16-d5f7-42cc-8da5-010c1c9270fc_2face0_567_356_201_266_00001.png,4.3,4.3,0 0 0 0
314288e8-abd4-474e-96b8-0d82e222f292_2face0_182_713_550_656_00003.png,4.3,4.3,0 0 0 0
96c39741-1d7a-4fdc-a82e-c54071bd6a3a_2face0_474_68_344_477_00001.png,4.3,4.3,0 0 0 0
4a7f9a47-d216-4a3e-a05a-f354b8944e25_2face0_743_602_153_17000009.png,4.3,4.3,0 0 0 0
709b306f-4936-4908-b6cb-9f5e541689ff_2face0_411_205_261_373_00001.png,4.3,4.3,0 0 0 0
d42fc6db-9aab-4aa7-abcb-d43f3af0922d_2face0_451_821_196_257_00001.png,4.3,4.3,0 0 0 0
debf9e83-fef8-452a-beee-4cacaf88579c_2face0_285_426_217_305_00007.png,4.3,4.3,0 0 0 0
a01b8be3-2e89-485d-9ed3-ad299e516e0f_2face0_447_695_358_466_00001.png,4.3,4.3,0 0 0 0
777695c3-f4d7-4060-a788-03f9ed4ea793_2face0_547_88_329_431_00001.png,4.3,4.3,0 0 0 0
8bf2d6fa-9d1e-4513-a717-f3207dfb7331_2face0_604_411_175_249_00001.png,4.3,4.3,0 0 0 0
b3cb2bdf-1b86-483d-9934-dfb684f164ca_1802face0_282_469_530_771_00004.png,4.3,4.3,0 0 0 0
d49fbf8d-e2ae-493c-a15f-8e51f2d11ca3_10000290face0_271_53_396_523_00012.png,4.3,4.3,0 0 0 0
b2df752c-c0ac-4ea0-8013-1b233103647c_302face0_423_584_233_299_00002.png,4.3,4.3,0 0 0 0
796bc9bb-9333-4aa6-841f-147f903f5095_2face0_286_200_520_673_00010.png,4.3,4.3,0 0 0 0
e489e427-d01f-433c-89b5-996b4d3bf523_1801face0_406_412_285_373_00006.png,4.3,4.3,0 0 0 0
88cf6134-16da-415a-b524-778d30a882f7_2face0_537_291_338_453_00001.png,4.3,4.3,0 0 0 0
0d10422f-e8d5-45e6-9193-1e8c407bbce5_2face0_348_553_400_558_00001.png,4.3,4.3,0 0 0 0
fb9e89f7-f00e-40a3-9ad2-6beb8d822418_2face0_311_146_441_612_00001.png,4.3,4.3,0 0 0 0
e9df54df-22bf-4b42-a1c7-baa8fc70db09_302face0_197_215_273_31800001.png,4.3,4.3,0 0 0 0
5240dd0e-7125-4e92-99c0-134145a71cfc_2face0_728_598_187_246_00001.png,4.3,4.3,0 0 0 0
dfc49484-3591-4194-b19e-8ba305bcdef9_10002850face0_342_713_210_296_00001.png,4.3,4.3,0 0 0 0
38f84187-2843-457e-9854-ac3999362949_2face0_341_463_350_460_00001.png,4.3,4.3,0 0 0 0
486946b6-9fbb-4d63-9404-173e86f0fd7d_2face0_447_177_285_388_00002.png,4.3,4.3,0 0 0 0
0378403c-ed7f-429e-a9c4-c2f9d8a0e343_2face0_423_293_199_23500001.png,4.3,4.3,0 0 0 0
f335e08b-8fd9-4f4a-852c-d69b2f50ff3e_2face0_340_374_457_47000001.png,4.3,4.3,0 0 0 0
98cc972d-d225-44aa-8d6f-9e6c921ec6fb_2face0_221_305_256_312_00001.png,4.3,4.3,0 0 0 0
c8ed312d-5ec7-414a-8e14-cb1af1b7a908_302face0_472_591_140_15400003.png,4.3,4.3,0 0 0 0
d9fc8bb3-7f4a-4e55-a7d1-2b41161d6875_2face0_374_380_200_242_00008.png,4.3,4.3,0 0 0 0
57893e17-44b4-49a7-9589-6f3aec91162f_2face0_225_331_338_451_00008.png,4.3,4.3,0 0 0 0
07193aef-0f2c-481a-b8cf-f3347f812dd2_602face0_466_580_153_16600006.png,4.3,4.3,0 0 0 0
e66a9350-2e38-4b91-87cc-aa4d22d0ff93_2face0_478_369_166_222_00001.png,4.3,4.3,0 0 0 0
0105c6a0-1878-44f5-8457-d6fc17092f72_2face0_406_186_274_345_00001.png,4.3,4.3,0 0 0 0
3eec1abf-42ec-4078-bb3f-67c8ebdfc54f_1784face0_408_410_225_299_00001.png,4.3,4.3,0 0 0 0
aa42dd57-0f0b-43ba-a88a-da4b490c8d66_302face0_616_514_224_281_00002.png,4.3,4.3,0 0 0 0
8ab840d7-a373-4305-b6e6-f5a022b48fe5_302face0_498_587_161_214_00001.png,4.3,4.3,0 0 0 0
e83a7c6d-f720-4ba6-b925-cb6ec3726adb_2face0_508_760_243_299_00001.png,4.3,4.3,0 0 0 0
8f15037c-d418-4d7d-b1ce-fbdef2dc8c1d_1801face0_320_494_266_370_00001.png,4.3,4.3,0 0 0 0
442206cf-2da8-4d0f-b39e-7e01bddc4d4a_10000163face0_467_513_135_185_00004.png,4.3,4.3,0 0 0 0
32b1ecc3-ee8b-42d5-bd32-604204131e98_2face0_363_618_214_273_00001.png,4.3,4.3,0 0 0 0
a0858586-a5c0-47c1-b301-b194f975db26_2face0_361_133_366_512_00001.png,4.3,4.3,0 0 0 0
b0989192-df86-48e1-862a-463fdca1658b_3592face0_455_620_250_329_00001.png,4.3,4.3,0 0 0 0
79469a4e-defc-482f-b2a4-0696ed9db646_2face0_268_401_385_486_00001.png,4.3,4.3,0 0 0 0
eae023b8-4a5a-4b26-829f-2ff9e5c98b35_1800face0_269_436_266_353_00003.png,4.3,4.3,0 0 0 0
f9f53bf3-8bae-4fb8-a4c8-d7949f1d0b0a_2face0_383_604_273_338_00001.png,4.3,4.3,0 0 0 0
04aa80fd-f6e2-44e7-aa20-fb136def19fd_2face0_317_619_285_405_00002.png,4.3,4.3,0 0 0 0
58e9de37-9a7a-40d6-a6ea-4f3f9055b852_2face0_368_261_256_323_00001.png,4.3,4.3,0 0 0 0
572b871f-e81d-4b38-886a-533f2584464f_10000004face0_446_831_197_259_00001.png,4.3,4.3,0 0 0 0
ffe0f386-bede-45c7-85d8-b7a3e9ef2459_1801face0_245_117_725_923_00005.png,4.3,4.3,0 0 0 0
89e0384b-d3e0-4f8f-a9b9-a44f3efd6506_2face0_416_614_271_366_00001.png,4.3,4.3,0 0 0 0
d4f3b6bf-611e-4975-a034-cc6a02cf5e78_2face0_460_520_344_444_00001.png,4.3,4.3,0 0 0 0
049cdfc2-961e-4c85-9ba6-ef3b6a748195_2face0_403_255_247_325_00001.png,4.3,4.3,0 0 0 0
2df9ee49-4973-4a5a-b892-898bd1caa75e_2face0_285_92_423_51000001.png,4.3,4.3,0 0 0 0
f88f9643-7497-4efc-b191-86b84d0e1deb_302face0_518_331_210_299_00005.png,4.3,4.3,0 0 0 0
f9e1cf1e-b137-4858-8bb4-319a6aa7cdf8_2face0_428_508_165_220_00001.png,4.3,4.3,0 0 0 0
7173ca4d-358e-4153-bef5-e2a9a87ea53a_302face0_253_367_135_15000005.png,4.3,4.3,0 0 0 0
6af03b8f-3a60-4663-98d8-666b5e337583_2face0_544_753_221_290_00004.png,4.3,4.3,0 0 0 0
76b84cb2-49de-4bd6-872f-d435fc76931c_2face0_517_460_173_233_00001.png,4.3,4.3,0 0 0 0
849e875c-1e96-4284-a793-d3482694c1cd_2face0_260_366_525_686_00001.png,4.3,4.3,0 0 0 0
85d66fb0-fce6-48dc-a625-6324e07a79e2_2face0_494_407_186_246_00001.png,4.3,4.3,0 0 0 0
19edc360-28c2-44b3-a704-14fe96943d84_2face0_290_636_172_212_00010.png,4.3,4.3,0 0 0 0
cdcf74d5-fd93-4f3d-9a3e-0b0b3b733123_1801face0_436_525_230_308_00001.png,4.3,4.3,0 0 0 0
7343787c-27f2-45e8-adb5-1bb1c50e3a47_10001194face0_253_419_155_207_00001.png,4.3,4.3,0 0 0 0
218f0191-2a37-41db-8d6f-be11407b74a1_2face0_308_264_144_188_00003.png,4.3,4.3,0 0 0 0
5ae8067f-117b-4f98-b26b-17a5e3c7972d_2face0_413_776_131_166_00001.png,4.3,4.3,0 0 0 0
25a528d0-2432-4a76-bb4f-baebd2494492_2face0_423_475_165_233_00001.png,4.3,4.3,0 0 0 0
a8974cc8-ab2b-4207-a143-8d159af61304_2face0_476_506_430_45100003.png,4.3,4.3,0 0 0 0
bb37e212-dfb2-434e-ab79-5ac18e2bbb05_2face0_541_556_142_201_00007.png,4.3,4.3,0 0 0 0
0c3f7054-8a8b-4015-a44c-ebf80dc21a19_2face0_355_312_240_303_00001.png,4.3,4.3,0 0 0 0
10978289-b326-40cc-bfbf-2429c84781d4_10002017face0_459_586_235_318_00001.png,4.3,4.3,0 0 0 0
a7e05928-0409-4351-ad2b-eb42286d017c_2face0_476_425_166_223_00001.png,4.3,4.3,0 0 0 0
33feca7c-1161-4fa1-be73-097b3a58f9ee_2face0_495_490_138_177_00005.png,4.3,4.3,0 0 0 0
2331db93-a3b2-44b7-86f0-cb248e21c383_2face0_324_402_406_573_00001.png,4.3,4.3,0 0 0 0
1f267136-2ff9-4834-b87e-fa07e8bd0c35_2face0_516_231_259_349_00001.png,4.3,4.3,0 0 0 0
e1facd7e-258a-4107-8b2e-6495b87cfda5_302face0_189_458_434_592_00005.png,4.3,4.3,0 0 0 0
3fff39e6-c982-460a-8a63-888e77a92afb_2face1_379_150_141_14300001.png,4.3,4.3,0 0 0 0
408b768b-c39c-4c52-846e-8776fe71fe2c_302face0_326_463_522_691_00001.png,4.3,4.3,0 0 0 0
1b6048d8-07b6-4034-9af5-1bb5bd2c6e12_2face0_344_426_219_24900003.png,4.3,4.3,0 0 0 0
5680460a-6e3a-4ae0-87bf-b1b97b0aab87_10000282face0_475_723_268_325_00001.png,4.3,4.3,0 0 0 0
8da7d492-03de-48cb-9715-6b1f902be6b7_2face0_435_761_256_323_00001.png,4.3,4.3,0 0 0 0
6b6f2604-4c91-472d-a0e7-d426529c5f8b_2face0_406_852_232_320_00001.png,4.3,4.3,0 0 0 0
60ba8f50-aacb-45f1-be34-2f1834819128_602face0_601_125_344_495_00010.png,4.35,4.35,0 0 0 0
937b8883-c79e-4b39-b684-950aceb076e9_2face0_421_647_145_190_00001.png,4.35,4.35,0 0 0 0
0f1b6257-1f2b-4a9d-978d-d6191f69cfb3_302face0_438_212_292_371_00001.png,4.35,4.35,0 0 0 0
25ff7292-9367-47cb-b28e-4c5f7a5f2a18_2face0_393_410_173_223_00006.png,4.35,4.35,0 0 0 0
458e6d5f-d65a-4cae-8a1c-55903796b6c7_2face0_142_364_669_854_00012.png,4.35,4.35,0 0 0 0
792162c1-22b8-4a81-b27f-7109f8e4cc0b_2face0_438_274_224_303_00001.png,4.35,4.35,0 0 0 0
75532529-0ca6-4b72-bbf5-2a8ff51c260e_302face0_303_413_256_338_00002.png,4.35,4.35,0 0 0 0
d0d5d62a-26e7-40b7-9cf1-ccccff5e3878_302face0_308_174_441_625_00002.png,4.35,4.35,0 0 0 0
e4e160c7-ba51-4968-ae6e-16ea73c7b58c_302face0_479_378_186_257_00005.png,4.35,4.35,0 0 0 0
5db8c68b-e47c-4f5e-85a2-3ec24bd9ef4c_2face0_500_220_275_368_00001.png,4.35,4.35,0 0 0 0
ac7d72eb-175f-4a7b-a774-a44ce86c4cc1_302face0_430_496_244_323_00003.png,4.35,4.35,0 0 0 0
d44fc79b-94af-477c-8f66-eadcd34e460e_2face0_608_268_158_18200001.png,4.35,4.35,0 0 0 0
43f821f3-df98-4491-a304-a99889d68e64_2face0_274_377_569_791_00002.png,4.35,4.35,0 0 0 0
20dc638c-090e-433e-8591-e53fed941da9_2face0_487_570_168_222_00001.png,4.35,4.35,0 0 0 0
875953ef-22f0-4a24-bb97-6b195a61c3e0_302face0_352_467_161_231_00004.png,4.35,4.35,0 0 0 0
e95ab204-9929-4846-97ca-1ff0d571634d_2face0_411_322_315_412_00001.png,4.35,4.35,0 0 0 0
e27e1716-7533-4fdc-9217-7c44f18fbefb_302face0_273_683_144_190_00001.png,4.35,4.35,0 0 0 0
6c8e4b93-3a01-4398-a01d-47e05b755000_2face0_409_800_281_364_00001.png,4.35,4.35,0 0 0 0
4d812231-4931-45ff-b48d-ac7e4aec44fe_10003481face0_216_52_250_381_00003.png,4.35,4.35,0 0 0 0
3d7c1753-8556-4605-8a8a-c8898f63dc6b_2face0_448_296_198_268_00001.png,4.35,4.35,0 0 0 0
26b1f5ea-795c-4c98-a987-47f65c26d5d1_2face0_237_607_368_493_00003.png,4.35,4.35,0 0 0 0
fb7a1a6f-c051-4706-b85c-b48f7e5a1a8d_2face0_381_162_329_414_00001.png,4.35,4.35,0 0 0 0
e2306824-39ba-4f18-845b-071bd63512a7_2face0_552_691_217_288_00005.png,4.35,4.35,0 0 0 0
3ea43015-c16a-447d-b015-4b66ac02558c_2face0_383_805_324_416_00003.png,4.35,4.35,0 0 0 0
a47688d3-8111-4250-bd1b-cbfb2025ad49_2face0_426_404_145_192_00001.png,4.35,4.35,0 0 0 0
3db72610-86c9-4c4b-96c1-7e0c94eb8684_2face0_371_185_125_173_00003.png,4.35,4.35,0 0 0 0
65921ed9-c605-4f4f-bbad-6d08a0ed87a4_2face0_239_595_501_675_00001.png,4.35,4.35,0 0 0 0
5ae02627-ea5e-4c58-869e-e3eb1d395f3d_2face0_671_332_274_355_00001.png,4.35,4.35,0 0 0 0
3ee41c38-0701-4544-8bc1-8983ee1fdaa5_2face0_440_445_168_229_00001.png,4.35,4.35,0 0 0 0
057e09ca-f18c-4f9d-aac9-de15235966ae_2face0_584_390_284_366_00003.png,4.35,4.35,0 0 0 0
2d837c56-b1a1-42eb-8b4e-ec8b5b42e046_2140face0_412_673_229_303_00001.png,4.35,4.35,0 0 0 0
930bf213-e688-49cc-a42b-cb2f84d099b4_1801face0_438_480_237_318_00001.png,4.35,4.35,0 0 0 0
bd24ec02-9337-4f16-a54b-48f7c44055a3_1801face0_511_351_326_436_00001.png,4.35,4.35,0 0 0 0
66411248-f4e8-4393-9d99-57326ed5df14_10000286face0_256_292_610_845_00005.png,4.35,4.35,0 0 0 0
211b4eb9-0b5b-4d26-b950-0b182425596a_2face0_414_184_510_691_00001.png,4.35,4.35,0 0 0 0
d8dc60a4-e451-4b5f-968a-cbc1ed0b17ce_10000267face0_537_618_222_296_00002.png,4.35,4.35,0 0 0 0
e85c512a-61cc-4bfa-93b3-b2cb2fd2ff68_2face0_482_793_190_242_00001.png,4.35,4.35,0 0 0 0
dbf79a16-3a5a-4b4b-9c7f-f8a096929c91_602face0_413_336_285_388_00001.png,4.35,4.35,0 0 0 0
248b75be-3023-4b4d-9ac4-2b753393a0fd_302face0_501_511_147_183_00001.png,4.35,4.35,0 0 0 0
b0dc8869-4489-4bb1-b4c4-4f6cc4778879_2face0_261_361_229_310_00006.png,4.35,4.35,0 0 0 0
7e11c399-803e-453e-bec5-0c629a76fddf_2face0_371_429_180_222_00003.png,4.35,4.35,0 0 0 0
759305a5-4b38-4246-a417-c617d081b966_2face0_400_451_282_364_00010.png,4.35,4.35,0 0 0 0
2a468f7b-5bb5-4840-a87c-fc57559f5a57_2face0_531_652_340_440_00010.png,4.35,4.35,0 0 0 0
c7849278-73d3-46e2-bf23-6cc519678eec_602face0_508_919_141_177_00007.png,4.35,4.35,0 0 0 0
268c6031-45f6-420d-9f6f-48e040bf1208_10000297face0_396_515_313_388_00001.png,4.35,4.35,0 0 0 0
f6a0644f-9bf2-49c8-b0c9-808c6b913865_2face0_414_436_145_186_00001.png,4.35,4.35,0 0 0 0
0e60568a-225a-4c39-ae5a-12fb8f6dc473_2face0_501_253_228_297_00001.png,4.35,4.35,0 0 0 0
6e6c268f-d422-44f5-a96a-86ac58cafed3_2face0_461_624_232_25300001.png,4.35,4.35,0 0 0 0
d2255c0f-c3ba-4bba-985e-9cb4e463701a_1801face0_370_480_525_660_00009.png,4.35,4.35,0 0 0 0
ba79b13d-543d-4d97-84a3-70e6c3706916_2688face0_175_513_406_505_00009.png,4.35,4.35,0 0 0 0
7ca939ff-a66d-4723-af13-6a4160a67571_302face0_457_700_144_196_00004.png,4.35,4.35,0 0 0 0
8376569e-eaf0-44a9-ae19-8e51c541ec28_2face0_422_557_240_25000001.png,4.35,4.35,0 0 0 0
3bb1ce89-fcf1-41ee-9d20-d4f46059778c_2face0_443_657_260_342_00001.png,4.35,4.35,0 0 0 0
7cb0ed39-3550-4707-9216-c790a481a8aa_2face0_314_430_390_508_00001.png,4.35,4.35,0 0 0 0
d70a8213-c33b-477a-a115-2eede8bb6df0_2face0_111_573_457_553_00010.png,4.35,4.35,0 0 0 0
7d033174-4fe8-42e6-bc20-6ddfd6b9db89_2083face0_320_384_448_603_00001.png,4.35,4.35,0 0 0 0
3d644075-54e9-4887-99b0-2f3d2b000989_1795face0_190_477_191_255_00001.png,4.35,4.35,0 0 0 0
b71749d8-b283-4fa1-b387-b1631884dbaf_1802face0_315_338_457_603_00006.png,4.35,4.35,0 0 0 0
921db722-8ca2-46c7-a788-7e5d3ab87829_1801face0_446_594_172_233_00001.png,4.35,4.35,0 0 0 0
aa867438-a938-4eea-91dc-0e41570286a3_302face0_578_623_278_382_00001.png,4.35,4.35,0 0 0 0
c4b0e014-751f-44dc-a23f-c641b4888bf4_2face0_345_368_243_321_00001.png,4.35,4.35,0 0 0 0
4929620f-5c3c-475c-beb2-4176de52b981_1801face0_255_588_274_344_00001.png,4.35,4.35,0 0 0 0
76e9a1aa-e63e-49c5-8afb-d55070dc69c0_1801face0_426_696_264_342_00001.png,4.35,4.35,0 0 0 0
28a1b1b3-f315-413c-b554-0045da35a7b7_2face0_275_382_215_286_00001.png,4.35,4.35,0 0 0 0
4d6df59b-4414-4e81-bc15-e5936b458ca7_2face0_654_693_236_316_00001.png,4.35,4.35,0 0 0 0
5b1bbf97-f846-443a-a97c-fbf843879e88_302face0_317_246_338_431_00005.png,4.35,4.35,0 0 0 0
5614f229-0f47-4f79-b0c4-6299fa69a0c3_2face0_390_650_233_316_00001.png,4.35,4.35,0 0 0 0
9d46dc67-1ea3-41e0-9021-687d82009ee6_2face0_356_761_130_168_00001.png,4.35,4.35,0 0 0 0
6ec7f7e2-c459-4392-ac20-817a658e7a4a_2face0_518_427_182_238_00009.png,4.35,4.35,0 0 0 0
bf68eb35-4d1a-42c8-b7a6-5e1e59b32db1_302face0_443_433_244_344_00006.png,4.35,4.35,0 0 0 0
dc1a0851-0c76-4f37-b9d0-4578d978f3f8_2face0_484_534_243_26600001.png,4.35,4.35,0 0 0 0
405fb5fd-4293-4ed1-8a8d-a0754dba9c08_2face0_493_323_292_394_00001.png,4.35,4.35,0 0 0 0
ad16ca48-e278-4134-8691-d7dcc11b4d05_2face0_457_544_194_247_00001.png,4.35,4.35,0 0 0 0
310e8e64-7851-42d7-8852-8e1da8128b70_2face0_435_458_191_271_00001.png,4.35,4.35,0 0 0 0
60291ad5-c62b-4f0e-8ffc-b944101138e4_2face0_490_115_268_390_00008.png,4.35,4.35,0 0 0 0
541503b6-e3af-4c08-98cd-913cd551a11d_2face0_193_304_362_36900001.png,4.35,4.35,0 0 0 0
a81f1973-0b40-4146-962b-b6c9dd6359a8_2face0_352_561_385_490_00001.png,4.35,4.35,0 0 0 0
35b0ccc8-4d9f-4998-b8f1-640de6c9ecd7_302face0_412_702_559_61200001.png,4.35,4.35,0 0 0 0
51daa3e7-d333-48a0-bfee-e30c49487c86_2face0_424_416_450_579_00004.png,4.35,4.35,0 0 0 0
d62d3f31-9780-41bd-a894-b7fb9df50695_2face0_325_286_303_382_00001.png,4.35,4.35,0 0 0 0
0a1259e4-48d5-4a32-ab73-a966ec479e74_1795face0_563_330_251_349_00001.png,4.35,4.35,0 0 0 0
d53a261b-7a15-4811-9e13-bd4e7271d727_2face0_389_592_315_407_00001.png,4.35,4.35,0 0 0 0
d136b8cf-83b0-49b7-aeb9-2278dd1662b2_2face0_345_311_548_725_00008.png,4.35,4.35,0 0 0 0
b97a4814-f11d-4cb5-856f-4275ad7532c5_2face0_405_190_201_257_00001.png,4.35,4.35,0 0 0 0
c251e67d-7c07-4ebb-b4f5-012a5b103db1_2face0_374_449_162_220_00001.png,4.35,4.35,0 0 0 0
a12ccb0d-dba0-4697-a8b5-8406341f8e32_2face0_467_916_214_22600001.png,4.35,4.35,0 0 0 0
d5fdef5c-c091-43a6-a177-f82d03b2769a_2face0_369_740_169_220_00002.png,4.35,4.35,0 0 0 0
a05b4e33-c9f5-4aef-b1c5-4d43641bd9ae_2face0_366_356_226_281_00001.png,4.35,4.35,0 0 0 0
90188a9a-a079-4727-a902-893d603fa14b_2face0_313_416_172_238_00001.png,4.35,4.35,0 0 0 0
2a934316-2979-481c-90e5-17a84e01ed03_302face0_556_392_271_371_00001.png,4.35,4.35,0 0 0 0
1f1f19d7-b1a1-4711-9274-7fc35d9f6737_2face0_316_389_352_449_00003.png,4.35,4.35,0 0 0 0
f1ee6385-e958-402a-acc4-2fe2ecb28502_2face0_387_422_175_246_00007.png,4.35,4.35,0 0 0 0
15715d8c-e47a-456c-a9fc-f87a89c0c222_302face0_424_655_210_314_00007.png,4.35,4.35,0 0 0 0
a9fa184f-f03e-4f14-8c98-5dcb959caf74_2face0_486_635_445_47300012.png,4.35,4.35,0 0 0 0
31d0fd6d-6959-4904-8ea5-707f27573462_2face0_412_242_242_320_00001.png,4.35,4.35,0 0 0 0
8ab11e5b-9c5f-4406-868e-d9fc948df64e_2face0_503_235_232_318_00004.png,4.4,4.4,0 0 0 0
5b460b86-69c4-4208-9579-506b548387e2_2face0_243_185_385_499_00003.png,4.4,4.4,0 0 0 0
aef0ae48-b51b-4a07-8e19-7699d1e12987_2face0_488_638_116_13200001.png,4.4,4.4,0 0 0 0
8f4b377f-b41d-43c7-b89e-d84f69dc5795_2face0_326_94_401_538_00002.png,4.4,4.4,0 0 0 0
2c5ffa98-d99c-4144-b60c-88bc67f7a509_2face0_258_727_160_17600008.png,4.4,4.4,0 0 0 0
80952590-ec9a-4a3d-b7c1-e962d19162c4_302face0_254_809_191_246_00001.png,4.4,4.4,0 0 0 0
efd0d5f4-181f-42ca-8ca6-a2292544b8e6_2face0_391_364_165_216_00002.png,4.4,4.4,0 0 0 0
845938c1-100e-4ea1-802e-811fdcacc24b_2face0_414_391_194_255_00012.png,4.4,4.4,0 0 0 0
77cc1f7e-c3af-4035-862f-c7a8df8b7fe7_2face0_318_613_394_523_00001.png,4.4,4.4,0 0 0 0
192570bc-d0bb-41da-8d82-b0d4aec69393_2face0_284_339_240_308_00004.png,4.4,4.4,0 0 0 0
ce00e4cf-43ce-423e-a66c-264d742c9ea0_2face0_441_857_193_20500003.png,4.4,4.4,0 0 0 0
e8249647-9820-4a69-b7e2-db1544524390_2face0_637_155_296_408_00003.png,4.4,4.4,0 0 0 0
b62992e3-8ede-4158-9053-117bb065a125_302face0_157_154_688_932_00001.png,4.4,4.4,0 0 0 0
b101fd9d-8284-4cce-b6c5-f4e0eadf833e_10000557face0_353_513_435_579_00001.png,4.4,4.4,0 0 0 0
b4f49813-3af0-4533-9e5c-788e3e0da472_2face0_420_153_232_321_00001.png,4.4,4.4,0 0 0 0
c176ecdc-8223-4970-ade0-7f1b3a0d93be_2408face0_400_369_201_266_00005.png,4.4,4.4,0 0 0 0
b2d38e4e-de3b-4361-8134-55fc80096e69_1801face0_143_370_285_382_00001.png,4.4,4.4,0 0 0 0
d9397b1c-32ee-49e8-9a66-f730be3a9ada_1878face0_207_515_571_810_00001.png,4.4,4.4,0 0 0 0
e8d563d1-c087-42ec-b661-17108330a042_2101face0_53_516_464_597_00005.png,4.4,4.4,0 0 0 0
2b4a7566-f9cb-4022-8850-3c849088c500_2face0_546_671_277_31400001.png,4.4,4.4,0 0 0 0
9832bd8b-f081-4f83-bcf1-c0c35ce24946_302face0_406_299_224_301_00001.png,4.4,4.4,0 0 0 0
57d3d7e4-e71b-47d5-90eb-5d07d210bd8d_10000020face0_485_566_317_416_00001.png,4.4,4.4,0 0 0 0
9c9a6c21-7cdc-47f0-8d90-92bd3b1b6676_2face0_620_387_229_296_00010.png,4.4,4.4,0 0 0 0
92b22fb2-0580-45c5-ba69-1fe9cef5178d_2face0_360_416_480_51000003.png,4.4,4.4,0 0 0 0
6ae2d0a5-ca93-4920-9382-44cc4405940e_2face0_613_259_175_233_00001.png,4.4,4.4,0 0 0 0
19b64c8a-591b-4eb0-a95d-c6004d558d9f_10001791face0_278_73_194_271_00001.png,4.4,4.4,0 0 0 0
a8ce4da4-3b9e-4d2c-a3a3-7510c34ca209_302face0_413_317_231_24500001.png,4.4,4.4,0 0 0 0
b70eb09c-2d26-404f-80e1-8805a4a38889_2face0_345_555_123_13300001.png,4.4,4.4,0 0 0 0
994c26c0-e31a-41f0-816b-c14136201ab4_1801face0_377_450_201_259_00001.png,4.4,4.4,0 0 0 0
18a20f7a-0b61-4e74-91c3-6071211cb4ed_302face0_505_539_193_264_00001.png,4.4,4.4,0 0 0 0
d518648d-dba1-48ba-9e63-4116804552fe_2face0_449_652_125_185_00001.png,4.4,4.4,0 0 0 0
6d8d8841-d653-4445-909f-4c93e2583dc2_2face0_181_978_596_60100003.png,4.4,4.4,0 0 0 0
eb071be0-4228-45a1-86e8-a960618b166a_2face0_330_426_424_571_00002.png,4.4,4.4,0 0 0 0
5601f8f8-8a53-4d43-ab7e-cf6bcfa6d8d2_2face0_696_604_138_177_00010.png,4.4,4.4,0 0 0 0
34585451-6b33-4d4e-a101-2d4d5f6de7c3_2face0_264_232_323_445_00001.png,4.4,4.4,0 0 0 0
46b464d6-d3b8-412a-8741-d703628a11a6_2face0_291_250_278_394_00002.png,4.4,4.4,0 0 0 0
9a9edcc3-757c-4e16-9fd9-b270625a359c_2face0_437_525_186_253_00001.png,4.4,4.4,0 0 0 0
6d45cd02-c698-4921-8eff-63491907d79c_2face0_371_612_324_434_00001.png,4.4,4.4,0 0 0 0
81bac202-577a-4a11-a85b-b241c642272a_1815face0_424_563_253_329_00001.png,4.4,4.4,0 0 0 0
733b18b3-2106-403b-81ae-44ed1e2628cb_2face0_335_290_287_418_00004.png,4.4,4.4,0 0 0 0
c4287f87-0a3e-4a57-a24c-2cbc6a06bfab_2face0_437_175_264_366_00001.png,4.4,4.4,0 0 0 0
ab084c6e-4e43-4fe5-81d7-dfe936f3f640_10000001face0_237_409_627_801_00002.png,4.4,4.4,0 0 0 0
295efce9-9430-41e4-b55c-20a12df86915_2face0_315_317_432_564_00001.png,4.4,4.4,0 0 0 0
4fa78303-da6c-49e4-9bea-6acfc7691d0e_302face0_341_98_315_462_00001.png,4.4,4.4,0 0 0 0
ba3b1a5d-11a1-458d-ad75-68d671addd3c_302face0_399_527_148_197_00002.png,4.4,4.4,0 0 0 0
7b5cab4d-6d7c-478c-91be-b07dc1aba234_2face0_115_99_653_849_00001.png,4.4,4.4,0 0 0 0
39f40277-af3f-46f2-94be-e829b4c9708e_2face0_400_177_287_379_00002.png,4.4,4.4,0 0 0 0
c4142992-5986-428c-b28a-7ef27cf2a8c1_1801face0_425_540_215_286_00001.png,4.4,4.4,0 0 0 0
b107ec94-ab8f-4461-bac4-d9f84e87a384_302face0_532_453_287_397_00001.png,4.4,4.4,0 0 0 0
7d5eef95-d07c-42bf-8c9e-f5d51fa44805_2face0_436_727_168_214_00001.png,4.4,4.4,0 0 0 0
49689228-3bce-4d3e-a40d-805d898485fd_2face0_233_153_183_257_00001.png,4.4,4.4,0 0 0 0
bf2da7d4-9a68-4867-95f4-9280b4314741_1797face0_286_266_176_223_00001.png,4.4,4.4,0 0 0 0
9d53e0f5-6ef9-4419-aafa-f4d0d9259189_2face0_293_379_191_249_00001.png,4.4,4.4,0 0 0 0
ab4ae53e-a6cb-4b1d-8102-0102beffbd4d_2102face0_680_639_281_358_00005.png,4.4,4.4,0 0 0 0
a3093a8d-cc0c-471b-881f-c523f9787920_302face0_365_215_226_327_00005.png,4.4,4.4,0 0 0 0
3f40bf89-fbbe-4200-9dd9-d6c7bfd862df_302face0_298_380_414_564_00001.png,4.4,4.4,0 0 0 0
e168a1da-f159-4ed0-828e-09d52cbbf8de_2face0_332_308_253_338_00003.png,4.4,4.4,0 0 0 0
4cc12753-abf6-4ea8-8c26-5a5f849015ac_10001000face0_167_182_359_425_00001.png,4.4,4.4,0 0 0 0
910e65ce-493f-4e4f-85eb-8225096b1fec_2face0_376_359_187_238_00009.png,4.4,4.4,0 0 0 0
31387d56-8d55-46fd-852a-77af04f918c1_1801face0_321_702_190_262_00001.png,4.4,4.4,0 0 0 0
e8609722-26f7-4199-8c6d-8cf3b1da186f_2face0_364_667_313_390_00001.png,4.4,4.4,0 0 0 0
92045f11-dfd5-40d0-b069-b320e35f943a_2face0_605_519_142_15800002.png,4.4,4.4,0 0 0 0
b2e6599a-ff50-4344-8ffa-b5e94c06aba1_1801face0_455_778_243_321_00001.png,4.4,4.4,0 0 0 0
85f3e20f-5f92-4701-a91c-674d913ec19f_2face0_432_344_242_318_00001.png,4.4,4.4,0 0 0 0
193759ed-21a2-46c0-83ab-0fb954b7dd64_2face0_389_524_133_175_00001.png,4.4,4.4,0 0 0 0
3cec27b8-ee52-4a54-98d4-79b259c1b838_2face0_312_545_370_38400007.png,4.4,4.4,0 0 0 0
728b0183-09f8-48c7-be68-c93d74eba01e_2face0_349_87_239_327_00003.png,4.4,4.4,0 0 0 0
b3f4011c-2e05-4d42-a004-8117cc6c58c0_2face0_531_389_275_388_00001.png,4.4,4.4,0 0 0 0
c268e8ed-0ba9-4954-af6e-073b4f371782_10000001face0_417_417_184_249_00002.png,4.45,4.45,0 0 0 0
4885f233-3f37-40ae-a6f1-e4c868782157_2face0_381_465_180_242_00001.png,4.45,4.45,0 0 0 0
f3928512-11eb-4fe7-8978-627f8b04c417_2face0_418_493_201_281_00002.png,4.45,4.45,0 0 0 0
e234ef37-cfad-488e-a6ec-96ada51fd7d9_10001427face0_431_455_147_196_00012.png,4.45,4.45,0 0 0 0
d38932e3-efc5-45d3-bf0d-7a2bbf409914_2face0_410_607_254_321_00001.png,4.45,4.45,0 0 0 0
dcb7c6b7-6c3f-4946-a9ca-c04866b5ed5e_1800face0_176_437_299_419_00001.png,4.45,4.45,0 0 0 0
4fa84fbb-2785-4630-8430-55199fd8963c_2face0_181_61_468_671_00001.png,4.45,4.45,0 0 0 0
254186b2-b53b-4c85-81d0-f3847f07e42e_1787face0_629_513_228_303_00001.png,4.45,4.45,0 0 0 0
f7d78beb-c185-4a60-822c-a47934473382_2face0_539_459_191_257_00001.png,4.45,4.45,0 0 0 0
14aa744f-97d6-4a17-8781-b845faa4ce32_10001782face0_452_563_138_185_00005.png,4.45,4.45,0 0 0 0
063f75b1-0cd2-41c2-9018-a23390df5ad5_2face0_432_569_152_197_00001.png,4.45,4.45,0 0 0 0
6cdb96f9-b5f5-4bbd-aa84-629fbda0fcb1_2face0_393_305_173_222_00001.png,4.45,4.45,0 0 0 0
78aefcfa-5944-4aa8-8df9-98f4bd7e4cd3_2face0_309_352_232_323_00001.png,4.45,4.45,0 0 0 0
bc93c2bd-8e73-4dc9-b6ad-708364e7586b_2face0_478_357_198_286_00001.png,4.45,4.45,0 0 0 0
2d3208a8-cebc-422b-8b91-723ab3cdc55e_302face0_238_519_583_65000005.png,4.45,4.45,0 0 0 0
50e0cc6e-f16e-4531-a0e1-cf4f32f49703_602face0_586_465_390_499_00001.png,4.45,4.45,0 0 0 0
09ded981-2941-4111-97ee-19277cd509a2_2face0_321_447_292_388_00001.png,4.45,4.45,0 0 0 0
41087646-be65-415b-b09e-6c1f0e992c46_2face0_365_468_505_678_00011.png,4.45,4.45,0 0 0 0
58ac24e5-7daa-4f94-aee3-3ffdbe1f8c02_2face0_538_464_228_296_00012.png,4.45,4.45,0 0 0 0
edc69fbe-bfee-45ea-9695-4ab8bb761d83_1202face0_260_286_217_284_00001.png,4.45,4.45,0 0 0 0
d92346e7-32e8-4edf-9f26-0d51a43d281d_2face0_457_257_299_381_00001.png,4.45,4.45,0 0 0 0
bb0411f2-4089-4968-89d3-472876607e51_2face0_432_266_208_268_00001.png,4.45,4.45,0 0 0 0
95e7b9ce-7e2a-43ff-a379-86e885fe1d8f_2face0_132_384_723_973_00002.png,4.45,4.45,0 0 0 0
524bcfe5-d2c7-4810-afb6-ab717b0f7c71_2face0_242_555_474_612_00001.png,4.45,4.45,0 0 0 0
6f98a043-e43e-473c-932f-136f57508bef_2face0_283_362_564_788_00005.png,4.45,4.45,0 0 0 0
b051bca8-23d0-418d-ae30-f34cc607c4f9_2face0_288_318_161_209_00001.png,4.45,4.45,0 0 0 0
13c473ef-59ea-441c-b513-1a1b028edc63_2face0_439_658_268_375_00001.png,4.45,4.45,0 0 0 0
0d80db64-3a44-43e8-9ab1-c676f83036c4_2face0_656_532_348_444_00005.png,4.45,4.45,0 0 0 0
e5fec619-7445-49e7-b38a-518040c29f97_2face0_463_883_289_357_00001.png,4.45,4.45,0 0 0 0
eb564056-0129-449c-922d-c8fcb6566e5f_302face0_443_156_308_425_00001.png,4.45,4.45,0 0 0 0
0e79f430-6e21-4069-942a-41f7338b61af_302face0_367_439_235_325_00001.png,4.45,4.45,0 0 0 0
d7728229-1869-4f43-a40c-2d2daca64665_2face0_330_231_289_370_00010.png,4.45,4.45,0 0 0 0
fc9568e5-5d5f-4fe6-a0ad-36e8beb5d14d_2face0_382_269_214_301_00006.png,4.45,4.45,0 0 0 0
0dca80d7-02d4-4913-8f2b-24fbc755b8c1_302face0_470_401_408_45200001.png,4.45,4.45,0 0 0 0
76ff4706-2a2b-444d-9a5d-f0644d8196a4_2face0_362_436_257_357_00004.png,4.45,4.45,0 0 0 0
8e7e2a6d-fc1b-425a-89c0-88ae638fdc18_2face0_327_143_319_425_00003.png,4.45,4.45,0 0 0 0
3b1aefb6-e730-498b-b77f-c65f785645fe_1802face0_298_643_416_45300002.png,4.45,4.45,0 0 0 0
4d2bf7f9-0dc6-4917-b136-9939c7df2f45_2face0_620_625_200_22200001.png,4.45,4.45,0 0 0 0
c4a24045-68f1-45ba-bfac-4d9788f41c94_2face0_404_337_354_486_00001.png,4.45,4.45,0 0 0 0
728844b8-4d94-45fd-8382-89c252c67d83_2face0_53_185_863_1167_00004.png,4.45,4.45,0 0 0 0
b050780b-3a4d-4e77-92aa-f2471af5e109_2face0_214_217_487_662_00001.png,4.45,4.45,0 0 0 0
778750e2-1ae5-4e80-94a6-45e7e2082140_2face0_490_381_214_290_00001.png,4.45,4.45,0 0 0 0
5519f58a-89bf-4f34-b1bd-d30a6dfd1ae3_2face0_376_372_333_421_00005.png,4.45,4.45,0 0 0 0
f09ea79f-1c73-483a-b76e-8fddd6157181_2face0_429_580_176_222_00001.png,4.45,4.45,0 0 0 0
c0a99a50-97f6-430d-bfd6-12acca50112a_2face0_414_363_190_238_00003.png,4.45,4.45,0 0 0 0
c90b9179-4d23-4343-933c-bf7021614916_1606face0_414_497_254_355_00008.png,4.45,4.45,0 0 0 0
e0ee771e-0d44-4059-a0d8-3d1186411971_2face0_690_896_169_212_00001.png,4.45,4.45,0 0 0 0
f35489ac-d090-4eed-a755-3476eb6981b4_2face0_604_645_303_395_00001.png,4.45,4.45,0 0 0 0
518cec8b-e866-4a84-97c6-aaf1eb51e9b0_2face0_499_402_282_358_00001.png,4.45,4.45,0 0 0 0
bb0689e7-0731-4ad6-b381-cd59a878d3df_2face0_362_575_344_41000001.png,4.45,4.45,0 0 0 0
d05185c0-e4ef-4c3e-abf1-eb7a535be576_602face0_498_544_155_201_00001.png,4.45,4.45,0 0 0 0
15359d3e-c94f-4492-a755-235f6d98cf82_2face0_458_525_162_220_00003.png,4.45,4.45,0 0 0 0
7bb51539-f345-44ac-b777-e68fec97f3a8_902face0_506_1330_184_253_00002.png,4.45,4.45,0 0 0 0
3279c0fd-5127-43d8-9620-c79215576add_2face0_638_141_214_25600001.png,4.45,4.45,0 0 0 0
e8a98de7-4187-4add-b316-96b599620ffe_302face0_358_540_152_207_00006.png,4.45,4.45,0 0 0 0
a0ec6dc6-7f0f-4a6d-aeaa-cc44f8af6b3a_2face0_445_600_212_273_00001.png,4.5,4.5,0 0 0 0
71262339-1b17-4f7a-9e76-a3abdc5715cd_2face0_482_399_173_212_00001.png,4.5,4.5,0 0 0 0
1aa83e47-cfea-4455-b549-91b01980787e_2face0_464_134_210_290_00001.png,4.5,4.5,0 0 0 0
eb7754a6-1580-4fb8-9c8c-6388a0067879_2face0_252_145_253_333_00007.png,4.5,4.5,0 0 0 0
2aaee06c-7cac-442a-a0c3-cc771058ea49_2face0_483_636_221_297_00001.png,4.5,4.5,0 0 0 0
8276301c-935e-4e34-8fdc-e7bd9e53fe63_2382face0_439_585_186_20100001.png,4.5,4.5,0 0 0 0
49ea7841-fcef-4c68-ae6b-bc31f6c8ab5d_2face0_407_364_260_345_00005.png,4.5,4.5,0 0 0 0
81c65d6e-383e-4b44-a705-5f1ea17e7054_2face0_409_522_284_351_00008.png,4.5,4.5,0 0 0 0
6a4033c1-1a2e-4e4f-a28c-0dd503d1e368_2face0_269_342_547_715_00001.png,4.5,4.5,0 0 0 0
d557cd1e-0c59-4e21-820b-15758db7fc8c_2face0_669_415_257_316_00009.png,4.5,4.5,0 0 0 0
8fa87a54-c7be-44d2-a678-74a858c28e5e_2face0_399_517_180_236_00004.png,4.5,4.5,0 0 0 0
f423c5b0-fc49-47b0-9609-d7bfdbda619a_2face0_246_257_571_756_00010.png,4.5,4.5,0 0 0 0
56a98a37-e0a1-491a-85fc-1158a70d5b8f_10000001face0_131_233_235_303_00005.png,4.5,4.5,0 0 0 0
4b9c39ed-cf01-4d5a-a97c-6f2a72484334_2face0_532_259_214_308_00001.png,4.5,4.5,0 0 0 0
e130c194-0898-4b7c-8aa1-74d7cdf0d7db_2face0_395_373_240_25400011.png,4.5,4.5,0 0 0 0
8241f405-e777-484c-8e98-4c2b328851bb_2face0_292_397_292_360_00001.png,4.5,4.5,0 0 0 0
9b210fe8-ef6e-4095-b4d5-aa2aef4b750a_2face0_552_480_175_223_00001.png,4.5,4.5,0 0 0 0
2abd6a32-200f-4821-9c7a-18c7e5bf8880_2face0_358_530_165_212_00001.png,4.5,4.5,0 0 0 0
d0f82c21-388f-4cd0-94c5-2f4ee92b5031_2face0_371_546_312_382_00002.png,4.5,4.5,0 0 0 0
2cb3f1d0-8054-452f-9e8f-9f1c16189d52_2face0_551_483_190_271_00003.png,4.5,4.5,0 0 0 0
e5f52140-b21b-442d-90e9-72278fe6423b_2face0_76_280_572_793_00003.png,4.5,4.5,0 0 0 0
cb277735-c498-4bc0-88d1-fecfaf2d41d4_602face0_507_602_156_218_00001.png,4.5,4.5,0 0 0 0
8f6b34ba-7c95-4add-b725-77baa8b5087c_2face0_362_313_390_503_00001.png,4.5,4.5,0 0 0 0
fbecde16-10e6-427b-a8c8-adae523107d7_2face0_410_384_312_414_00001.png,4.5,4.5,0 0 0 0
1d67a00e-1e33-40a8-b792-ed19eee0c51a_902face0_631_254_187_249_00003.png,4.5,4.5,0 0 0 0
3a812a4b-90ca-4f71-a8ad-552b352800af_1797face0_438_702_236_318_00001.png,4.5,4.5,0 0 0 0
a6d92a62-4e28-4b63-9526-88db9a6581e3_2face0_326_516_201_281_00001.png,4.5,4.5,0 0 0 0
537ef25e-25f2-4a8b-ab76-a967ab83e9cb_2face1_683_489_141_179_00001.png,4.5,4.5,0 0 0 0
e4eba124-0f3f-41d1-b698-07e9a07507bc_602face0_280_534_156_16100003.png,4.5,4.5,0 0 0 0
a7faff9d-7bb6-4671-a710-63ff3478bf13_1801face0_533_678_228_290_00001.png,4.5,4.5,0 0 0 0
2f643e18-c992-4887-9175-b355679523c8_2face0_716_293_294_388_00002.png,4.5,4.5,0 0 0 0
8e8841df-fc9a-4850-8533-f5b1440f6e7c_2face0_462_553_134_177_00001.png,4.5,4.5,0 0 0 0
42ef483c-6c19-4f7c-8eac-7d4073120173_2face0_237_304_546_721_00002.png,4.5,4.5,0 0 0 0
adc4855d-9d4b-462c-9ace-4e0c3e77420a_2face0_374_509_368_468_00001.png,4.55,4.55,0 0 0 0
3671dd36-0155-4e8c-8995-bc1801de8cfc_2face0_368_547_176_234_00001.png,4.55,4.55,0 0 0 0
59ccf21a-2341-4c16-9814-df69be96de13_2face0_513_599_228_281_00002.png,4.55,4.55,0 0 0 0
eea77679-96fb-44b1-bf2e-ceb49758d2ed_1800face0_370_693_275_366_00001.png,4.55,4.55,0 0 0 0
2e537f12-dd52-468f-a0a7-3ac23a6aa827_10000531face0_647_131_223_25000001.png,4.55,4.55,0 0 0 0
d28744d5-b5bb-4fb8-8681-7a1a7fd1ed7b_10000298face0_547_488_249_321_00007.png,4.55,4.55,0 0 0 0
8898bd85-4720-451d-80e0-05e2ea3a7053_2101face0_398_544_147_196_00001.png,4.55,4.55,0 0 0 0
65ed20a0-f24a-44d8-a72c-55b099137316_2face0_562_651_275_368_00011.png,4.55,4.55,0 0 0 0
9a19679f-1d0b-4a88-93d8-01fd7af4ef25_2face0_475_891_169_17000001.png,4.55,4.55,0 0 0 0
8628392a-3ea3-4989-8d00-598f06d8ab36_2face0_440_601_250_338_00001.png,4.55,4.55,0 0 0 0
e86dd759-dbc9-46bc-893e-79c7b97af60d_2face0_465_658_267_360_00001.png,4.55,4.55,0 0 0 0
2f6d448e-f6fc-41a9-a655-59245df5725c_2face0_347_228_345_458_00001.png,4.55,4.55,0 0 0 0
2ce799f5-965e-4559-9a26-9871fa435a1a_2face0_495_679_197_251_00008.png,4.55,4.55,0 0 0 0
c50660c2-f24c-4ec5-93a3-dbc7b78d7eb6_2face0_524_249_225_314_00001.png,4.55,4.55,0 0 0 0
00a848ea-8eee-458b-b5e1-31a60ecb12bc_2face0_404_293_379_42100005.png,4.55,4.55,0 0 0 0
4a3ee79b-27f3-4c00-9c68-8b9adadf8bce_2face0_414_526_190_249_00001.png,4.55,4.55,0 0 0 0
4944993a-d5d8-4937-8ac1-f068245a2d53_2face0_507_412_214_284_00004.png,4.55,4.55,0 0 0 0
44d7c8dc-b47e-4da9-bb8a-c14c0f18250c_302face0_671_101_344_497_00006.png,4.55,4.55,0 0 0 0
8859f43e-43b5-4e25-8276-9a12739ce876_2face0_436_127_295_416_00001.png,4.55,4.55,0 0 0 0
eb3d1f0b-5da9-4050-96d5-9adb8eb186cb_2face0_559_365_225_23600001.png,4.55,4.55,0 0 0 0
0f296463-e66d-4fc1-9146-379c5b53f2d0_10000943face0_285_622_518_688_00001.png,4.55,4.55,0 0 0 0
c9b15a71-39a9-45ba-8bbb-352727557524_2face0_204_275_687_897_00002.png,4.6,4.6,0 0 0 0
708ee323-b2d0-4c07-a9b2-14f61476b0b2_2face0_514_462_387_495_00011.png,4.6,4.6,0 0 0 0
d2678663-abc2-44e6-a823-69d29df26426_2face0_435_226_312_419_00006.png,4.6,4.6,0 0 0 0
476bbfad-b26b-4d1c-bad9-0d60463cbcde_2face0_457_511_175_234_00001.png,4.6,4.6,0 0 0 0
bea7f8a8-62c2-4999-bed8-8383e482cbdf_10000264face0_419_278_516_678_00007.png,4.6,4.6,0 0 0 0
efffdb2a-943c-4f05-a931-7dedf395d932_2face0_223_379_260_344_00001.png,4.6,4.6,0 0 0 0
9f293e5e-3644-428a-bd8d-79c2e39eb807_2face0_492_995_201_262_00006.png,4.6,4.6,0 0 0 0
27b034ca-a437-448e-846b-d9edd63612a4_302face0_307_278_392_529_00010.png,4.6,4.6,0 0 0 0
41e9d363-4e34-43b6-9044-928faa9ed7d3_10000299face0_433_834_229_296_00001.png,4.6,4.6,0 0 0 0
219578f6-d369-4a68-8776-a97eb7abf438_2face0_326_152_278_357_00003.png,4.6,4.6,0 0 0 0
7099fdf2-3a1c-4eac-94da-ecfc2a86237e_10001794face0_406_698_215_303_00001.png,4.6,4.6,0 0 0 0
cda08082-a541-4309-9b94-97fa23a768a1_602face0_444_354_244_331_00005.png,4.6,4.6,0 0 0 0
c799c2a6-2104-4af9-ae91-f29c5655af5e_2face0_363_475_168_229_00001.png,4.6,4.6,0 0 0 0
46340a54-c173-4451-8690-afcdb5de7d58_302face0_221_461_201_242_00009.png,4.6,4.6,0 0 0 0
66faee2b-068c-4930-9c71-da91c339c81e_2face0_429_242_277_384_00002.png,4.6,4.6,0 0 0 0
b06092fe-2277-49dd-b600-5f7a503e7a46_302face0_395_347_450_586_00001.png,4.6,4.6,0 0 0 0
d71c6f27-e522-49e1-9f01-f96098e7fa15_2094face0_368_716_266_345_00001.png,4.6,4.6,0 0 0 0
0a6d9321-0cc0-452f-ad06-f617eda91f91_302face0_430_658_260_344_00005.png,4.6,4.6,0 0 0 0
7511f8e2-05d2-4b33-88ca-ff29eeacd567_2face0_464_364_147_199_00001.png,4.6,4.6,0 0 0 0
d6bb0b12-5ed8-4f6b-a73c-52a6d1e53302_2face0_529_217_211_286_00001.png,4.6,4.6,0 0 0 0
591cd95e-a4d0-4ed1-a56a-e4d250af529c_602face0_680_482_302_382_00003.png,4.6,4.6,0 0 0 0
c578a034-1bc1-45d6-8e71-79c8feab21e3_602face0_306_390_464_592_00001.png,4.6,4.6,0 0 0 0
aa2afa9a-c84e-4a87-9c96-b70e58875047_2face1_532_214_279_29900001.png,4.6,4.6,0 0 0 0
883c7a21-44fd-4173-ac65-16d40181fbb3_2face0_609_753_131_166_00003.png,4.6,4.6,0 0 0 0
aa353864-62fb-43ac-be4a-bc2a775c7079_2face0_424_482_221_286_00001.png,4.6,4.6,0 0 0 0
dcf75cba-fd13-4cbf-a05c-ca67529d19a0_2face0_386_356_341_449_00005.png,4.6,4.6,0 0 0 0
f0a16310-d4b9-46fc-b46f-2c120b0d269f_2face0_356_392_285_377_00001.png,4.6,4.6,0 0 0 0
0c358919-7d27-4d69-80b2-2da46b26f7da_10000271face0_155_586_517_55300001.png,4.6,4.6,0 0 0 0
21a229eb-6ad8-44c5-be05-9b1e9e12262f_2face0_587_374_219_310_00002.png,4.6,4.6,0 0 0 0
d2f7fc43-9a31-4417-8fe8-1b0a870998bd_302face0_530_553_182_262_00001.png,4.6,4.6,0 0 0 0
33e93e34-eee7-480c-9c55-dc2129f6bc96_1775face0_521_666_190_259_00001.png,4.6,4.6,0 0 0 0
3511678d-575e-478e-9e92-70d83440e92c_2face0_503_160_319_427_00001.png,4.6,4.6,0 0 0 0
882bbc94-a9ae-45ce-a0b4-9e120db4ceab_1777face0_355_418_242_329_00011.png,4.65,4.65,0 0 0 0
8b51cb8c-37e0-4a03-adcf-8476e6593c4d_2face0_296_690_575_741_00001.png,4.65,4.65,0 0 0 0
cb43b32a-7c3d-4b6e-be70-949359829e2c_2face0_548_721_271_344_00001.png,4.65,4.65,0 0 0 0
6e0ac5d6-e22b-4601-abf4-2d736d7aae62_2face0_327_410_326_425_00001.png,4.65,4.65,0 0 0 0
3b493cf5-4e0e-4eb8-b7bf-ff73d6253e02_2face0_279_451_154_205_00005.png,4.65,4.65,0 0 0 0
2579e03e-17df-4693-8371-6141d18ae921_2face0_378_613_236_301_00002.png,4.65,4.65,0 0 0 0
ff75966d-569c-4af8-a374-5387487dd284_2face0_468_394_215_270_00003.png,4.65,4.65,0 0 0 0
5d769534-2bbc-4e7d-ac1f-af2086db8bf3_2face0_457_599_189_244_00001.png,4.65,4.65,0 0 0 0
660437ff-ebe3-44ca-9133-651f34d8a316_302face0_325_628_375_493_00004.png,4.65,4.65,0 0 0 0
6ef8d803-baf6-4551-bbee-11d21cd0c8f8_2101face0_441_618_187_249_00001.png,4.65,4.65,0 0 0 0
a8b4a954-8cbb-4fcf-a1fa-4cada3005ca6_2face0_208_395_151_192_00011.png,4.65,4.65,0 0 0 0
78c6ec63-6d95-47ca-8a3b-aa013cd01f9c_2face0_386_145_442_575_00001.png,4.65,4.65,0 0 0 0
b205a169-174e-4040-810e-e09aa4880505_2face0_317_356_389_553_00001.png,4.65,4.65,0 0 0 0
d3ab4dda-0c85-4175-b45d-e1629a6a8635_2face0_342_258_350_440_00001.png,4.65,4.65,0 0 0 0
a65bc567-8018-4c1f-a518-3448c8c8844f_2face0_284_147_246_299_00011.png,4.65,4.65,0 0 0 0
fef374bf-3e2c-4291-a8b2-8d3d33d45b8c_302face0_513_515_154_203_00001.png,4.65,4.65,0 0 0 0
04991c13-dfa6-4ac3-937a-b0b40ea4e51b_2face0_536_97_239_334_00002.png,4.65,4.65,0 0 0 0
54f52d32-214d-4f04-9e2d-ee4acd6e9e8c_2face0_106_455_757_77700003.png,4.7,4.7,0 0 0 0
595194b0-b1a2-4964-b54d-f2c76ade65d1_2face0_257_432_648_789_00006.png,4.7,4.7,0 0 0 0
538771c6-144e-4fde-b8e4-ed85dc1a6f30_10000001face0_472_209_176_227_00001.png,4.7,4.7,0 0 0 0
e5046a9c-c276-4a28-a387-15b49edb6667_2face0_437_551_161_203_00001.png,4.7,4.7,0 0 0 0
e4ece3e7-80b7-455f-9794-aa11f81efa4d_1801face0_469_398_162_201_00001.png,4.7,4.7,0 0 0 0
420ed00f-9112-4236-a04a-07146ca7cf24_2face0_277_405_247_321_00004.png,4.7,4.7,0 0 0 0
c39398cc-6dc4-4a36-9711-a26973411bd6_2face0_402_499_358_462_00003.png,4.7,4.7,0 0 0 0
ab394f12-fb52-4746-839a-9e1ccee8c50a_2face0_357_572_152_205_00010.png,4.7,4.7,0 0 0 0
2d108576-3e22-4f57-817f-5207f1be9bc9_2face0_428_337_271_351_00004.png,4.7,4.7,0 0 0 0
1b41d82d-74b5-4456-8d89-618980ff4519_2101face0_237_465_544_684_00007.png,4.7,4.7,0 0 0 0
8c22b2d2-fb38-4ec4-b451-9510bea3b803_302face0_468_338_176_244_00001.png,4.7,4.7,0 0 0 0
97ba0c15-7d91-4884-aa6b-22903e59aaed_2face0_608_472_235_27500003.png,4.75,4.75,0 0 0 0
316d4ab6-0b82-4409-8c5c-de4071dca382_2face0_459_493_172_233_00001.png,4.75,4.75,0 0 0 0
08871cdf-136c-4417-9abe-0ebcbd4f10f2_2face0_246_448_204_284_00006.png,4.75,4.75,0 0 0 0
b77478a7-f142-4125-bec3-664f0c07e310_1802face0_383_626_513_656_00001.png,4.75,4.75,0 0 0 0
f9df2469-6283-4788-bb5f-fda8dde3c405_2face0_467_81_301_394_00006.png,4.75,4.75,0 0 0 0
c4b3ce76-2c71-4366-b419-5df2edd3853d_2face0_318_723_369_455_00009.png,4.75,4.75,0 0 0 0
2a7c9f09-da7a-4bf1-be20-790470cbcbc9_2face0_448_476_278_357_00001.png,4.8,4.8,0 0 0 0
782e996f-9bfd-478c-ab7c-8d40868528c9_2face0_307_253_369_492_00003.png,4.8,4.8,0 0 0 0
0fe6e75b-f36e-4aee-ae77-1dbc39ef7a19_2face0_247_109_670_888_00002.png,4.8,4.8,0 0 0 0
0f8a3e97-54bd-4ca5-a907-1d462ee75f82_2face0_524_539_210_262_00001.png,4.8,4.8,0 0 0 0
e925a55c-302c-40ca-b22a-f775457b086a_2098face0_333_595_624_793_00010.png,4.8,4.8,0 0 0 0
0c55da13-7e80-41f0-96ef-aa99457834b1_2face0_374_437_324_442_00001.png,4.8,4.8,0 0 0 0
24a88c03-4103-42b7-94cc-b43bae2a7e35_2face0_443_452_211_277_00001.png,4.8,4.8,0 0 0 0
dc7a0e42-4738-49eb-ac5e-f15871e9a32d_2face0_304_396_214_281_00001.png,4.8,4.8,0 0 0 0
77d4c6d4-ef22-4198-b88d-e8cfb356bc49_2face0_194_226_165_18900001.png,4.8,4.8,0 0 0 0
1a39f5d2-9f8a-4d73-b4fa-7e86797b73bd_2face1_709_1485_235_23500001.png,4.8,4.8,0 0 0 0
d8b624fb-6834-48cd-bcd5-e7d3dd4c8baf_10000590face0_273_341_600_799_00005.png,4.8,4.8,0 0 0 0
1d26ac2c-182a-4fad-b062-1d195cbf6c16_2face0_254_383_441_567_00007.png,4.8,4.8,0 0 0 0
81f4bda0-d3cc-4aef-b443-221815b230e7_1801face0_751_1362_240_325_00001.png,4.85,4.85,0 0 0 0
c7fff5df-d54a-4467-ae0b-58c733e32983_602face0_497_272_200_259_00005.png,4.85,4.85,0 0 0 0
738d593e-6e2d-4935-a332-933489a8f886_2face1_756_1183_200_253_00001.png,4.85,4.85,0 0 0 0
5edc3550-3dc6-41ed-be1b-376a474ea628_302face0_764_1231_186_244_00001.png,4.85,4.85,0 0 0 0
0fff994e-d53d-4867-a3d1-5a74670a4a7a_2face0_422_287_251_336_00005.png,4.9,4.9,0 0 0 0
475936ab-9e37-4d97-835d-9168475fb1b8_2face0_511_717_149_190_00001.png,4.9,4.9,0 0 0 0
58b0e19e-d086-4b06-8044-016bef80d34d_2face0_492_444_214_307_00006.png,4.95,4.95,0 0 0 0
efe86a79-9707-4a54-a375-dc1ee717f320_2face0_477_373_218_23100001.png,4.95,4.95,0 0 0 0
d44509be-e59b-4fd8-ae91-e15076cddd75_2face0_496_629_159_214_00003.png,5,5,0 0 0 0